{"type":"FeatureCollection","version":"2026-09-19","metadata":{"total_records":44929,"displayed_records":1500,"subset":"Largest 1,500 mapped mining-land polygons by original area; navigation points, not a list of mines or tailings facilities.","year":2019,"source_id":"maus-mining-2022","full_dataset_area_km2":101583.39154488491,"displayed_area_km2":62950.53336333713,"position_method":"Interior representative point computed from native WGS84 polygon; native area retained without recalculation.","uncertainty":"Visual interpretation of 2019 10 m Sentinel-2 imagery within study search zones; source overall land-cover validation accuracy 88.3%. Not an exhaustive all-mine census."},"features":[{"type":"Feature","id":"maus-34890","geometry":{"type":"Point","coordinates":[-70.533891,-12.811427]},"properties":{"id":"maus-34890","type":"mining-area","name":"Mapped mining area 34890","country":"PER","source_id":"maus-mining-2022","year":2019,"value":2545.886760693482,"unit":"km²","metric":"Mapped mining land area","original_value":2545.886760693482,"original_unit":"km²","source_row":34890,"estimated":true}},{"type":"Feature","id":"maus-2438","geometry":{"type":"Point","coordinates":[-68.313029,-23.5336]},"properties":{"id":"maus-2438","type":"mining-area","name":"Mapped mining area 2438","country":"CHL","source_id":"maus-mining-2022","year":2019,"value":1357.9458165441458,"unit":"km²","metric":"Mapped mining land area","original_value":1357.9458165441458,"original_unit":"km²","source_row":2438,"estimated":true}},{"type":"Feature","id":"maus-44749","geometry":{"type":"Point","coordinates":[95.267259,36.814382]},"properties":{"id":"maus-44749","type":"mining-area","name":"Mapped mining area 44749","country":"CHN","source_id":"maus-mining-2022","year":2019,"value":828.0790503687347,"unit":"km²","metric":"Mapped mining land area","original_value":828.0790503687347,"original_unit":"km²","source_row":44749,"estimated":true}},{"type":"Feature","id":"maus-44169","geometry":{"type":"Point","coordinates":[113.236265,-1.794254]},"properties":{"id":"maus-44169","type":"mining-area","name":"Mapped mining area 44169","country":"IDN","source_id":"maus-mining-2022","year":2019,"value":795.2677714210298,"unit":"km²","metric":"Mapped mining land area","original_value":795.2677714210298,"original_unit":"km²","source_row":44169,"estimated":true}},{"type":"Feature","id":"maus-3618","geometry":{"type":"Point","coordinates":[-69.758734,-22.56525]},"properties":{"id":"maus-3618","type":"mining-area","name":"Mapped mining area 3618","country":"CHL","source_id":"maus-mining-2022","year":2019,"value":781.143846196505,"unit":"km²","metric":"Mapped mining land area","original_value":781.143846196505,"original_unit":"km²","source_row":3618,"estimated":true}},{"type":"Feature","id":"maus-44165","geometry":{"type":"Point","coordinates":[114.397959,-1.42695]},"properties":{"id":"maus-44165","type":"mining-area","name":"Mapped mining area 44165","country":"IDN","source_id":"maus-mining-2022","year":2019,"value":612.9542451565455,"unit":"km²","metric":"Mapped mining land area","original_value":612.9542451565455,"original_unit":"km²","source_row":44165,"estimated":true}},{"type":"Feature","id":"maus-26460","geometry":{"type":"Point","coordinates":[-111.528431,56.982407]},"properties":{"id":"maus-26460","type":"mining-area","name":"Mapped mining area 26460","country":"CAN","source_id":"maus-mining-2022","year":2019,"value":611.042767238187,"unit":"km²","metric":"Mapped mining land area","original_value":611.042767238187,"original_unit":"km²","source_row":26460,"estimated":true}},{"type":"Feature","id":"maus-44173","geometry":{"type":"Point","coordinates":[113.883351,-1.485038]},"properties":{"id":"maus-44173","type":"mining-area","name":"Mapped mining area 44173","country":"IDN","source_id":"maus-mining-2022","year":2019,"value":568.4755104329241,"unit":"km²","metric":"Mapped mining land area","original_value":568.4755104329241,"original_unit":"km²","source_row":44173,"estimated":true}},{"type":"Feature","id":"maus-20157","geometry":{"type":"Point","coordinates":[-69.009134,-38.418884]},"properties":{"id":"maus-20157","type":"mining-area","name":"Mapped mining area 20157","country":"ARG","source_id":"maus-mining-2022","year":2019,"value":554.612601990418,"unit":"km²","metric":"Mapped mining land area","original_value":554.612601990418,"original_unit":"km²","source_row":20157,"estimated":true}},{"type":"Feature","id":"maus-44664","geometry":{"type":"Point","coordinates":[-69.266126,-37.343591]},"properties":{"id":"maus-44664","type":"mining-area","name":"Mapped mining area 44664","country":"ARG","source_id":"maus-mining-2022","year":2019,"value":544.957252241508,"unit":"km²","metric":"Mapped mining land area","original_value":544.957252241508,"original_unit":"km²","source_row":44664,"estimated":true}},{"type":"Feature","id":"maus-44322","geometry":{"type":"Point","coordinates":[-61.434224,6.233123]},"properties":{"id":"maus-44322","type":"mining-area","name":"Mapped mining area 44322","country":"VEN","source_id":"maus-mining-2022","year":2019,"value":396.89695732566344,"unit":"km²","metric":"Mapped mining land area","original_value":396.89695732566344,"original_unit":"km²","source_row":44322,"estimated":true}},{"type":"Feature","id":"maus-43330","geometry":{"type":"Point","coordinates":[114.33569,-1.618255]},"properties":{"id":"maus-43330","type":"mining-area","name":"Mapped mining area 43330","country":"IDN","source_id":"maus-mining-2022","year":2019,"value":387.3845632069928,"unit":"km²","metric":"Mapped mining land area","original_value":387.3845632069928,"original_unit":"km²","source_row":43330,"estimated":true}},{"type":"Feature","id":"maus-26458","geometry":{"type":"Point","coordinates":[-111.456111,57.283311]},"properties":{"id":"maus-26458","type":"mining-area","name":"Mapped mining area 26458","country":"CAN","source_id":"maus-mining-2022","year":2019,"value":381.06731068296034,"unit":"km²","metric":"Mapped mining land area","original_value":381.06731068296034,"original_unit":"km²","source_row":26458,"estimated":true}},{"type":"Feature","id":"maus-1410","geometry":{"type":"Point","coordinates":[116.15086,-32.5066]},"properties":{"id":"maus-1410","type":"mining-area","name":"Mapped mining area 1410","country":"AUS","source_id":"maus-mining-2022","year":2019,"value":370.9293469896414,"unit":"km²","metric":"Mapped mining land area","original_value":370.9293469896414,"original_unit":"km²","source_row":1410,"estimated":true}},{"type":"Feature","id":"maus-44856","geometry":{"type":"Point","coordinates":[95.873386,25.281255]},"properties":{"id":"maus-44856","type":"mining-area","name":"Mapped mining area 44856","country":"MMR","source_id":"maus-mining-2022","year":2019,"value":365.6776805969275,"unit":"km²","metric":"Mapped mining land area","original_value":365.6776805969275,"original_unit":"km²","source_row":44856,"estimated":true}},{"type":"Feature","id":"maus-16415","geometry":{"type":"Point","coordinates":[-113.914478,40.68805]},"properties":{"id":"maus-16415","type":"mining-area","name":"Mapped mining area 16415","country":"USA","source_id":"maus-mining-2022","year":2019,"value":330.1343109949896,"unit":"km²","metric":"Mapped mining land area","original_value":330.1343109949896,"original_unit":"km²","source_row":16415,"estimated":true}},{"type":"Feature","id":"maus-28988","geometry":{"type":"Point","coordinates":[93.945442,37.491885]},"properties":{"id":"maus-28988","type":"mining-area","name":"Mapped mining area 28988","country":"CHN","source_id":"maus-mining-2022","year":2019,"value":327.6135971647623,"unit":"km²","metric":"Mapped mining land area","original_value":327.6135971647623,"original_unit":"km²","source_row":28988,"estimated":true}},{"type":"Feature","id":"maus-44254","geometry":{"type":"Point","coordinates":[-54.851381,4.54535]},"properties":{"id":"maus-44254","type":"mining-area","name":"Mapped mining area 44254","country":"SUR","source_id":"maus-mining-2022","year":2019,"value":325.4547281355531,"unit":"km²","metric":"Mapped mining land area","original_value":325.4547281355531,"original_unit":"km²","source_row":44254,"estimated":true}},{"type":"Feature","id":"maus-2406","geometry":{"type":"Point","coordinates":[-66.694779,-23.43285]},"properties":{"id":"maus-2406","type":"mining-area","name":"Mapped mining area 2406","country":"ARG","source_id":"maus-mining-2022","year":2019,"value":320.2274891493337,"unit":"km²","metric":"Mapped mining land area","original_value":320.2274891493337,"original_unit":"km²","source_row":2406,"estimated":true}},{"type":"Feature","id":"maus-44928","geometry":{"type":"Point","coordinates":[95.186777,24.699342]},"properties":{"id":"maus-44928","type":"mining-area","name":"Mapped mining area 44928","country":"MMR","source_id":"maus-mining-2022","year":2019,"value":319.04848042428,"unit":"km²","metric":"Mapped mining land area","original_value":319.04848042428,"original_unit":"km²","source_row":44928,"estimated":true}},{"type":"Feature","id":"maus-44748","geometry":{"type":"Point","coordinates":[93.433034,37.678487]},"properties":{"id":"maus-44748","type":"mining-area","name":"Mapped mining area 44748","country":"CHN","source_id":"maus-mining-2022","year":2019,"value":316.42084257469514,"unit":"km²","metric":"Mapped mining land area","original_value":316.42084257469514,"original_unit":"km²","source_row":44748,"estimated":true}},{"type":"Feature","id":"maus-44289","geometry":{"type":"Point","coordinates":[-1.998646,6.119811]},"properties":{"id":"maus-44289","type":"mining-area","name":"Mapped mining area 44289","country":"GHA","source_id":"maus-mining-2022","year":2019,"value":303.35025834700605,"unit":"km²","metric":"Mapped mining land area","original_value":303.35025834700605,"original_unit":"km²","source_row":44289,"estimated":true}},{"type":"Feature","id":"maus-43757","geometry":{"type":"Point","coordinates":[-112.624537,40.849793]},"properties":{"id":"maus-43757","type":"mining-area","name":"Mapped mining area 43757","country":"USA","source_id":"maus-mining-2022","year":2019,"value":289.88963055737014,"unit":"km²","metric":"Mapped mining land area","original_value":289.88963055737014,"original_unit":"km²","source_row":43757,"estimated":true}},{"type":"Feature","id":"maus-44073","geometry":{"type":"Point","coordinates":[-69.30914,-22.822863]},"properties":{"id":"maus-44073","type":"mining-area","name":"Mapped mining area 44073","country":"CHL","source_id":"maus-mining-2022","year":2019,"value":287.2608776201673,"unit":"km²","metric":"Mapped mining land area","original_value":287.2608776201673,"original_unit":"km²","source_row":44073,"estimated":true}},{"type":"Feature","id":"maus-44315","geometry":{"type":"Point","coordinates":[-61.717001,6.465257]},"properties":{"id":"maus-44315","type":"mining-area","name":"Mapped mining area 44315","country":"VEN","source_id":"maus-mining-2022","year":2019,"value":279.31063685061207,"unit":"km²","metric":"Mapped mining land area","original_value":279.31063685061207,"original_unit":"km²","source_row":44315,"estimated":true}},{"type":"Feature","id":"maus-42940","geometry":{"type":"Point","coordinates":[94.757518,36.975767]},"properties":{"id":"maus-42940","type":"mining-area","name":"Mapped mining area 42940","country":"CHN","source_id":"maus-mining-2022","year":2019,"value":254.66117202818103,"unit":"km²","metric":"Mapped mining land area","original_value":254.66117202818103,"original_unit":"km²","source_row":42940,"estimated":true}},{"type":"Feature","id":"maus-44242","geometry":{"type":"Point","coordinates":[117.498744,0.6501]},"properties":{"id":"maus-44242","type":"mining-area","name":"Mapped mining area 44242","country":"IDN","source_id":"maus-mining-2022","year":2019,"value":245.21554582836183,"unit":"km²","metric":"Mapped mining land area","original_value":245.21554582836183,"original_unit":"km²","source_row":44242,"estimated":true}},{"type":"Feature","id":"maus-43850","geometry":{"type":"Point","coordinates":[94.982637,24.583602]},"properties":{"id":"maus-43850","type":"mining-area","name":"Mapped mining area 43850","country":"MMR","source_id":"maus-mining-2022","year":2019,"value":244.02607764535912,"unit":"km²","metric":"Mapped mining land area","original_value":244.02607764535912,"original_unit":"km²","source_row":43850,"estimated":true}},{"type":"Feature","id":"maus-42250","geometry":{"type":"Point","coordinates":[-54.503248,5.040356]},"properties":{"id":"maus-42250","type":"mining-area","name":"Mapped mining area 42250","country":"SUR","source_id":"maus-mining-2022","year":2019,"value":238.6291058014822,"unit":"km²","metric":"Mapped mining land area","original_value":238.6291058014822,"original_unit":"km²","source_row":42250,"estimated":true}},{"type":"Feature","id":"maus-2258","geometry":{"type":"Point","coordinates":[-69.05218,-24.2568]},"properties":{"id":"maus-2258","type":"mining-area","name":"Mapped mining area 2258","country":"CHL","source_id":"maus-mining-2022","year":2019,"value":231.66445277227467,"unit":"km²","metric":"Mapped mining land area","original_value":231.66445277227467,"original_unit":"km²","source_row":2258,"estimated":true}},{"type":"Feature","id":"maus-42939","geometry":{"type":"Point","coordinates":[95.678759,36.978618]},"properties":{"id":"maus-42939","type":"mining-area","name":"Mapped mining area 42939","country":"CHN","source_id":"maus-mining-2022","year":2019,"value":212.98156082240314,"unit":"km²","metric":"Mapped mining land area","original_value":212.98156082240314,"original_unit":"km²","source_row":42939,"estimated":true}},{"type":"Feature","id":"maus-38715","geometry":{"type":"Point","coordinates":[150.317153,62.577862]},"properties":{"id":"maus-38715","type":"mining-area","name":"Mapped mining area 38715","country":"RUS","source_id":"maus-mining-2022","year":2019,"value":207.00970370980636,"unit":"km²","metric":"Mapped mining land area","original_value":207.00970370980636,"original_unit":"km²","source_row":38715,"estimated":true}},{"type":"Feature","id":"maus-704","geometry":{"type":"Point","coordinates":[148.22323,-22.29095]},"properties":{"id":"maus-704","type":"mining-area","name":"Mapped mining area 704","country":"AUS","source_id":"maus-mining-2022","year":2019,"value":201.66290407354705,"unit":"km²","metric":"Mapped mining land area","original_value":201.66290407354705,"original_unit":"km²","source_row":704,"estimated":true}},{"type":"Feature","id":"maus-44648","geometry":{"type":"Point","coordinates":[148.054376,63.0093]},"properties":{"id":"maus-44648","type":"mining-area","name":"Mapped mining area 44648","country":"RUS","source_id":"maus-mining-2022","year":2019,"value":195.23386301792706,"unit":"km²","metric":"Mapped mining land area","original_value":195.23386301792706,"original_unit":"km²","source_row":44648,"estimated":true}},{"type":"Feature","id":"maus-14855","geometry":{"type":"Point","coordinates":[75.41515,51.67765]},"properties":{"id":"maus-14855","type":"mining-area","name":"Mapped mining area 14855","country":"KAZ","source_id":"maus-mining-2022","year":2019,"value":190.07549852609353,"unit":"km²","metric":"Mapped mining land area","original_value":190.07549852609353,"original_unit":"km²","source_row":14855,"estimated":true}},{"type":"Feature","id":"maus-3634","geometry":{"type":"Point","coordinates":[-68.884807,-22.2844]},"properties":{"id":"maus-3634","type":"mining-area","name":"Mapped mining area 3634","country":"CHL","source_id":"maus-mining-2022","year":2019,"value":178.48700007333392,"unit":"km²","metric":"Mapped mining land area","original_value":178.48700007333392,"original_unit":"km²","source_row":3634,"estimated":true}},{"type":"Feature","id":"maus-44518","geometry":{"type":"Point","coordinates":[87.175885,54.187629]},"properties":{"id":"maus-44518","type":"mining-area","name":"Mapped mining area 44518","country":"RUS","source_id":"maus-mining-2022","year":2019,"value":176.47982039112196,"unit":"km²","metric":"Mapped mining land area","original_value":176.47982039112196,"original_unit":"km²","source_row":44518,"estimated":true}},{"type":"Feature","id":"maus-44046","geometry":{"type":"Point","coordinates":[141.951901,-12.6567]},"properties":{"id":"maus-44046","type":"mining-area","name":"Mapped mining area 44046","country":"AUS","source_id":"maus-mining-2022","year":2019,"value":176.33263862178813,"unit":"km²","metric":"Mapped mining land area","original_value":176.33263862178813,"original_unit":"km²","source_row":44046,"estimated":true}},{"type":"Feature","id":"maus-38723","geometry":{"type":"Point","coordinates":[148.690803,62.791041]},"properties":{"id":"maus-38723","type":"mining-area","name":"Mapped mining area 38723","country":"RUS","source_id":"maus-mining-2022","year":2019,"value":168.55377128779318,"unit":"km²","metric":"Mapped mining land area","original_value":168.55377128779318,"original_unit":"km²","source_row":38723,"estimated":true}},{"type":"Feature","id":"maus-6649","geometry":{"type":"Point","coordinates":[83.282792,22.8008]},"properties":{"id":"maus-6649","type":"mining-area","name":"Mapped mining area 6649","country":"IND","source_id":"maus-mining-2022","year":2019,"value":167.1779824800074,"unit":"km²","metric":"Mapped mining land area","original_value":167.1779824800074,"original_unit":"km²","source_row":6649,"estimated":true}},{"type":"Feature","id":"maus-44249","geometry":{"type":"Point","coordinates":[-54.984811,4.272161]},"properties":{"id":"maus-44249","type":"mining-area","name":"Mapped mining area 44249","country":"SUR","source_id":"maus-mining-2022","year":2019,"value":165.888140968207,"unit":"km²","metric":"Mapped mining land area","original_value":165.888140968207,"original_unit":"km²","source_row":44249,"estimated":true}},{"type":"Feature","id":"maus-44674","geometry":{"type":"Point","coordinates":[-56.331999,-5.982824]},"properties":{"id":"maus-44674","type":"mining-area","name":"Mapped mining area 44674","country":"BRA","source_id":"maus-mining-2022","year":2019,"value":164.9399983584206,"unit":"km²","metric":"Mapped mining land area","original_value":164.9399983584206,"original_unit":"km²","source_row":44674,"estimated":true}},{"type":"Feature","id":"maus-26459","geometry":{"type":"Point","coordinates":[-111.823303,57.312432]},"properties":{"id":"maus-26459","type":"mining-area","name":"Mapped mining area 26459","country":"CAN","source_id":"maus-mining-2022","year":2019,"value":163.9851659428541,"unit":"km²","metric":"Mapped mining land area","original_value":163.9851659428541,"original_unit":"km²","source_row":26459,"estimated":true}},{"type":"Feature","id":"maus-2407","geometry":{"type":"Point","coordinates":[16.144585,-28.36215]},"properties":{"id":"maus-2407","type":"mining-area","name":"Mapped mining area 2407","country":"NAM","source_id":"maus-mining-2022","year":2019,"value":163.5767090528597,"unit":"km²","metric":"Mapped mining land area","original_value":163.5767090528597,"original_unit":"km²","source_row":2407,"estimated":true}},{"type":"Feature","id":"maus-44787","geometry":{"type":"Point","coordinates":[-2.148858,5.703946]},"properties":{"id":"maus-44787","type":"mining-area","name":"Mapped mining area 44787","country":"GHA","source_id":"maus-mining-2022","year":2019,"value":163.56367858017592,"unit":"km²","metric":"Mapped mining land area","original_value":163.56367858017592,"original_unit":"km²","source_row":44787,"estimated":true}},{"type":"Feature","id":"maus-41987","geometry":{"type":"Point","coordinates":[125.37958,56.107377]},"properties":{"id":"maus-41987","type":"mining-area","name":"Mapped mining area 41987","country":"RUS","source_id":"maus-mining-2022","year":2019,"value":163.18522524539156,"unit":"km²","metric":"Mapped mining land area","original_value":163.18522524539156,"original_unit":"km²","source_row":41987,"estimated":true}},{"type":"Feature","id":"maus-43760","geometry":{"type":"Point","coordinates":[-113.019035,41.303993]},"properties":{"id":"maus-43760","type":"mining-area","name":"Mapped mining area 43760","country":"USA","source_id":"maus-mining-2022","year":2019,"value":162.47049143770292,"unit":"km²","metric":"Mapped mining land area","original_value":162.47049143770292,"original_unit":"km²","source_row":43760,"estimated":true}},{"type":"Feature","id":"maus-44175","geometry":{"type":"Point","coordinates":[115.875512,-1.90949]},"properties":{"id":"maus-44175","type":"mining-area","name":"Mapped mining area 44175","country":"IDN","source_id":"maus-mining-2022","year":2019,"value":161.6635676218584,"unit":"km²","metric":"Mapped mining land area","original_value":161.6635676218584,"original_unit":"km²","source_row":44175,"estimated":true}},{"type":"Feature","id":"maus-4524","geometry":{"type":"Point","coordinates":[115.512571,-2.22305]},"properties":{"id":"maus-4524","type":"mining-area","name":"Mapped mining area 4524","country":"IDN","source_id":"maus-mining-2022","year":2019,"value":152.8890145836863,"unit":"km²","metric":"Mapped mining land area","original_value":152.8890145836863,"original_unit":"km²","source_row":4524,"estimated":true}},{"type":"Feature","id":"maus-41592","geometry":{"type":"Point","coordinates":[-57.302054,-7.148182]},"properties":{"id":"maus-41592","type":"mining-area","name":"Mapped mining area 41592","country":"BRA","source_id":"maus-mining-2022","year":2019,"value":150.38118050372844,"unit":"km²","metric":"Mapped mining land area","original_value":150.38118050372844,"original_unit":"km²","source_row":41592,"estimated":true}},{"type":"Feature","id":"maus-6645","geometry":{"type":"Point","coordinates":[84.275555,23.31055]},"properties":{"id":"maus-6645","type":"mining-area","name":"Mapped mining area 6645","country":"IND","source_id":"maus-mining-2022","year":2019,"value":149.63640036209736,"unit":"km²","metric":"Mapped mining land area","original_value":149.63640036209736,"original_unit":"km²","source_row":6645,"estimated":true}},{"type":"Feature","id":"maus-7935","geometry":{"type":"Point","coordinates":[84.016535,31.3168]},"properties":{"id":"maus-7935","type":"mining-area","name":"Mapped mining area 7935","country":"CHN","source_id":"maus-mining-2022","year":2019,"value":145.06984164096943,"unit":"km²","metric":"Mapped mining land area","original_value":145.06984164096943,"original_unit":"km²","source_row":7935,"estimated":true}},{"type":"Feature","id":"maus-41564","geometry":{"type":"Point","coordinates":[-57.041516,-7.171411]},"properties":{"id":"maus-41564","type":"mining-area","name":"Mapped mining area 41564","country":"BRA","source_id":"maus-mining-2022","year":2019,"value":143.22081799185332,"unit":"km²","metric":"Mapped mining land area","original_value":143.22081799185332,"original_unit":"km²","source_row":41564,"estimated":true}},{"type":"Feature","id":"maus-44818","geometry":{"type":"Point","coordinates":[137.479342,60.371956]},"properties":{"id":"maus-44818","type":"mining-area","name":"Mapped mining area 44818","country":"RUS","source_id":"maus-mining-2022","year":2019,"value":142.90299606243045,"unit":"km²","metric":"Mapped mining land area","original_value":142.90299606243045,"original_unit":"km²","source_row":44818,"estimated":true}},{"type":"Feature","id":"maus-44051","geometry":{"type":"Point","coordinates":[141.814269,-12.496754]},"properties":{"id":"maus-44051","type":"mining-area","name":"Mapped mining area 44051","country":"AUS","source_id":"maus-mining-2022","year":2019,"value":142.2834463254891,"unit":"km²","metric":"Mapped mining land area","original_value":142.2834463254891,"original_unit":"km²","source_row":44051,"estimated":true}},{"type":"Feature","id":"maus-19428","geometry":{"type":"Point","coordinates":[147.724327,62.64995]},"properties":{"id":"maus-19428","type":"mining-area","name":"Mapped mining area 19428","country":"RUS","source_id":"maus-mining-2022","year":2019,"value":136.43798684197426,"unit":"km²","metric":"Mapped mining land area","original_value":136.43798684197426,"original_unit":"km²","source_row":19428,"estimated":true}},{"type":"Feature","id":"maus-23279","geometry":{"type":"Point","coordinates":[-51.003004,-6.981016]},"properties":{"id":"maus-23279","type":"mining-area","name":"Mapped mining area 23279","country":"BRA","source_id":"maus-mining-2022","year":2019,"value":135.37260625396473,"unit":"km²","metric":"Mapped mining land area","original_value":135.37260625396473,"original_unit":"km²","source_row":23279,"estimated":true}},{"type":"Feature","id":"maus-41526","geometry":{"type":"Point","coordinates":[-56.700853,-7.581343]},"properties":{"id":"maus-41526","type":"mining-area","name":"Mapped mining area 41526","country":"BRA","source_id":"maus-mining-2022","year":2019,"value":132.8180571094241,"unit":"km²","metric":"Mapped mining land area","original_value":132.8180571094241,"original_unit":"km²","source_row":41526,"estimated":true}},{"type":"Feature","id":"maus-13786","geometry":{"type":"Point","coordinates":[63.233089,53.0249]},"properties":{"id":"maus-13786","type":"mining-area","name":"Mapped mining area 13786","country":"KAZ","source_id":"maus-mining-2022","year":2019,"value":131.9030304631626,"unit":"km²","metric":"Mapped mining land area","original_value":131.9030304631626,"original_unit":"km²","source_row":13786,"estimated":true}},{"type":"Feature","id":"maus-2437","geometry":{"type":"Point","coordinates":[23.010652,-27.78995]},"properties":{"id":"maus-2437","type":"mining-area","name":"Mapped mining area 2437","country":"ZAF","source_id":"maus-mining-2022","year":2019,"value":130.76512201879243,"unit":"km²","metric":"Mapped mining land area","original_value":130.76512201879243,"original_unit":"km²","source_row":2437,"estimated":true}},{"type":"Feature","id":"maus-44851","geometry":{"type":"Point","coordinates":[-6.764676,32.781718]},"properties":{"id":"maus-44851","type":"mining-area","name":"Mapped mining area 44851","country":"MAR","source_id":"maus-mining-2022","year":2019,"value":127.06611591255808,"unit":"km²","metric":"Mapped mining land area","original_value":127.06611591255808,"original_unit":"km²","source_row":44851,"estimated":true}},{"type":"Feature","id":"maus-15740","geometry":{"type":"Point","coordinates":[110.208531,39.753]},"properties":{"id":"maus-15740","type":"mining-area","name":"Mapped mining area 15740","country":"CHN","source_id":"maus-mining-2022","year":2019,"value":126.91170290831222,"unit":"km²","metric":"Mapped mining land area","original_value":126.91170290831222,"original_unit":"km²","source_row":15740,"estimated":true}},{"type":"Feature","id":"maus-20158","geometry":{"type":"Point","coordinates":[-68.127669,-38.183959]},"properties":{"id":"maus-20158","type":"mining-area","name":"Mapped mining area 20158","country":"ARG","source_id":"maus-mining-2022","year":2019,"value":126.90891076967218,"unit":"km²","metric":"Mapped mining land area","original_value":126.90891076967218,"original_unit":"km²","source_row":20158,"estimated":true}},{"type":"Feature","id":"maus-44601","geometry":{"type":"Point","coordinates":[115.409717,58.522926]},"properties":{"id":"maus-44601","type":"mining-area","name":"Mapped mining area 44601","country":"RUS","source_id":"maus-mining-2022","year":2019,"value":126.6644090425693,"unit":"km²","metric":"Mapped mining land area","original_value":126.6644090425693,"original_unit":"km²","source_row":44601,"estimated":true}},{"type":"Feature","id":"maus-44268","geometry":{"type":"Point","coordinates":[-55.23498,5.1101]},"properties":{"id":"maus-44268","type":"mining-area","name":"Mapped mining area 44268","country":"SUR","source_id":"maus-mining-2022","year":2019,"value":124.7710976315241,"unit":"km²","metric":"Mapped mining land area","original_value":124.7710976315241,"original_unit":"km²","source_row":44268,"estimated":true}},{"type":"Feature","id":"maus-43337","geometry":{"type":"Point","coordinates":[111.656873,-0.111272]},"properties":{"id":"maus-43337","type":"mining-area","name":"Mapped mining area 43337","country":"IDN","source_id":"maus-mining-2022","year":2019,"value":122.8997288213056,"unit":"km²","metric":"Mapped mining land area","original_value":122.8997288213056,"original_unit":"km²","source_row":43337,"estimated":true}},{"type":"Feature","id":"maus-44888","geometry":{"type":"Point","coordinates":[-112.274567,41.291465]},"properties":{"id":"maus-44888","type":"mining-area","name":"Mapped mining area 44888","country":"USA","source_id":"maus-mining-2022","year":2019,"value":122.89852168026054,"unit":"km²","metric":"Mapped mining land area","original_value":122.89852168026054,"original_unit":"km²","source_row":44888,"estimated":true}},{"type":"Feature","id":"maus-16212","geometry":{"type":"Point","coordinates":[-105.299686,43.6887]},"properties":{"id":"maus-16212","type":"mining-area","name":"Mapped mining area 16212","country":"USA","source_id":"maus-mining-2022","year":2019,"value":122.7212076749934,"unit":"km²","metric":"Mapped mining land area","original_value":122.7212076749934,"original_unit":"km²","source_row":16212,"estimated":true}},{"type":"Feature","id":"maus-18581","geometry":{"type":"Point","coordinates":[-121.039161,50.4941]},"properties":{"id":"maus-18581","type":"mining-area","name":"Mapped mining area 18581","country":"CAN","source_id":"maus-mining-2022","year":2019,"value":122.14223999349451,"unit":"km²","metric":"Mapped mining land area","original_value":122.14223999349451,"original_unit":"km²","source_row":18581,"estimated":true}},{"type":"Feature","id":"maus-33094","geometry":{"type":"Point","coordinates":[172.650649,69.112919]},"properties":{"id":"maus-33094","type":"mining-area","name":"Mapped mining area 33094","country":"RUS","source_id":"maus-mining-2022","year":2019,"value":121.36503929215918,"unit":"km²","metric":"Mapped mining land area","original_value":121.36503929215918,"original_unit":"km²","source_row":33094,"estimated":true}},{"type":"Feature","id":"maus-19579","geometry":{"type":"Point","coordinates":[106.925845,39.53185]},"properties":{"id":"maus-19579","type":"mining-area","name":"Mapped mining area 19579","country":"CHN","source_id":"maus-mining-2022","year":2019,"value":119.14267980752612,"unit":"km²","metric":"Mapped mining land area","original_value":119.14267980752612,"original_unit":"km²","source_row":19579,"estimated":true}},{"type":"Feature","id":"maus-5543","geometry":{"type":"Point","coordinates":[-72.653051,11.0455]},"properties":{"id":"maus-5543","type":"mining-area","name":"Mapped mining area 5543","country":"COL","source_id":"maus-mining-2022","year":2019,"value":118.54467369310198,"unit":"km²","metric":"Mapped mining land area","original_value":118.54467369310198,"original_unit":"km²","source_row":5543,"estimated":true}},{"type":"Feature","id":"maus-38578","geometry":{"type":"Point","coordinates":[116.732617,59.562708]},"properties":{"id":"maus-38578","type":"mining-area","name":"Mapped mining area 38578","country":"RUS","source_id":"maus-mining-2022","year":2019,"value":117.37598226517451,"unit":"km²","metric":"Mapped mining land area","original_value":117.37598226517451,"original_unit":"km²","source_row":38578,"estimated":true}},{"type":"Feature","id":"maus-3041","geometry":{"type":"Point","coordinates":[31.134491,-23.99245]},"properties":{"id":"maus-3041","type":"mining-area","name":"Mapped mining area 3041","country":"ZAF","source_id":"maus-mining-2022","year":2019,"value":117.02257169728735,"unit":"km²","metric":"Mapped mining land area","original_value":117.02257169728735,"original_unit":"km²","source_row":3041,"estimated":true}},{"type":"Feature","id":"maus-44321","geometry":{"type":"Point","coordinates":[-62.007163,6.223472]},"properties":{"id":"maus-44321","type":"mining-area","name":"Mapped mining area 44321","country":"VEN","source_id":"maus-mining-2022","year":2019,"value":115.5831445394228,"unit":"km²","metric":"Mapped mining land area","original_value":115.5831445394228,"original_unit":"km²","source_row":44321,"estimated":true}},{"type":"Feature","id":"maus-41563","geometry":{"type":"Point","coordinates":[-56.879855,-7.061235]},"properties":{"id":"maus-41563","type":"mining-area","name":"Mapped mining area 41563","country":"BRA","source_id":"maus-mining-2022","year":2019,"value":114.29402090676368,"unit":"km²","metric":"Mapped mining land area","original_value":114.29402090676368,"original_unit":"km²","source_row":41563,"estimated":true}},{"type":"Feature","id":"maus-21068","geometry":{"type":"Point","coordinates":[150.04477,-24.609098]},"properties":{"id":"maus-21068","type":"mining-area","name":"Mapped mining area 21068","country":"AUS","source_id":"maus-mining-2022","year":2019,"value":111.39570187167635,"unit":"km²","metric":"Mapped mining land area","original_value":111.39570187167635,"original_unit":"km²","source_row":21068,"estimated":true}},{"type":"Feature","id":"maus-3635","geometry":{"type":"Point","coordinates":[29.262309,-26.0424]},"properties":{"id":"maus-3635","type":"mining-area","name":"Mapped mining area 3635","country":"ZAF","source_id":"maus-mining-2022","year":2019,"value":111.08009668798796,"unit":"km²","metric":"Mapped mining land area","original_value":111.08009668798796,"original_unit":"km²","source_row":3635,"estimated":true}},{"type":"Feature","id":"maus-740","geometry":{"type":"Point","coordinates":[147.963155,-21.7503]},"properties":{"id":"maus-740","type":"mining-area","name":"Mapped mining area 740","country":"AUS","source_id":"maus-mining-2022","year":2019,"value":109.7096161920182,"unit":"km²","metric":"Mapped mining land area","original_value":109.7096161920182,"original_unit":"km²","source_row":740,"estimated":true}},{"type":"Feature","id":"maus-44286","geometry":{"type":"Point","coordinates":[-2.026223,6.449519]},"properties":{"id":"maus-44286","type":"mining-area","name":"Mapped mining area 44286","country":"GHA","source_id":"maus-mining-2022","year":2019,"value":109.096178915923,"unit":"km²","metric":"Mapped mining land area","original_value":109.096178915923,"original_unit":"km²","source_row":44286,"estimated":true}},{"type":"Feature","id":"maus-44514","geometry":{"type":"Point","coordinates":[87.933849,53.6463]},"properties":{"id":"maus-44514","type":"mining-area","name":"Mapped mining area 44514","country":"RUS","source_id":"maus-mining-2022","year":2019,"value":109.08952901160072,"unit":"km²","metric":"Mapped mining land area","original_value":109.08952901160072,"original_unit":"km²","source_row":44514,"estimated":true}},{"type":"Feature","id":"maus-653","geometry":{"type":"Point","coordinates":[148.807638,-23.7298]},"properties":{"id":"maus-653","type":"mining-area","name":"Mapped mining area 653","country":"AUS","source_id":"maus-mining-2022","year":2019,"value":108.5586360377762,"unit":"km²","metric":"Mapped mining land area","original_value":108.5586360377762,"original_unit":"km²","source_row":653,"estimated":true}},{"type":"Feature","id":"maus-11757","geometry":{"type":"Point","coordinates":[14.556438,51.81925]},"properties":{"id":"maus-11757","type":"mining-area","name":"Mapped mining area 11757","country":"DEU","source_id":"maus-mining-2022","year":2019,"value":107.95277158772754,"unit":"km²","metric":"Mapped mining land area","original_value":107.95277158772754,"original_unit":"km²","source_row":11757,"estimated":true}},{"type":"Feature","id":"maus-44914","geometry":{"type":"Point","coordinates":[-2.197529,6.054096]},"properties":{"id":"maus-44914","type":"mining-area","name":"Mapped mining area 44914","country":"GHA","source_id":"maus-mining-2022","year":2019,"value":106.94441921462283,"unit":"km²","metric":"Mapped mining land area","original_value":106.94441921462283,"original_unit":"km²","source_row":44914,"estimated":true}},{"type":"Feature","id":"maus-20155","geometry":{"type":"Point","coordinates":[-69.195223,-38.877866]},"properties":{"id":"maus-20155","type":"mining-area","name":"Mapped mining area 20155","country":"ARG","source_id":"maus-mining-2022","year":2019,"value":106.52597917564778,"unit":"km²","metric":"Mapped mining land area","original_value":106.52597917564778,"original_unit":"km²","source_row":20155,"estimated":true}},{"type":"Feature","id":"maus-13891","geometry":{"type":"Point","coordinates":[106.100674,39.0796]},"properties":{"id":"maus-13891","type":"mining-area","name":"Mapped mining area 13891","country":"CHN","source_id":"maus-mining-2022","year":2019,"value":106.37768178164967,"unit":"km²","metric":"Mapped mining land area","original_value":106.37768178164967,"original_unit":"km²","source_row":13891,"estimated":true}},{"type":"Feature","id":"maus-44832","geometry":{"type":"Point","coordinates":[-54.742342,3.812538]},"properties":{"id":"maus-44832","type":"mining-area","name":"Mapped mining area 44832","country":"SUR","source_id":"maus-mining-2022","year":2019,"value":104.21738573625856,"unit":"km²","metric":"Mapped mining land area","original_value":104.21738573625856,"original_unit":"km²","source_row":44832,"estimated":true}},{"type":"Feature","id":"maus-3997","geometry":{"type":"Point","coordinates":[25.876483,-12.26265]},"properties":{"id":"maus-3997","type":"mining-area","name":"Mapped mining area 3997","country":"ZMB","source_id":"maus-mining-2022","year":2019,"value":103.53842332504408,"unit":"km²","metric":"Mapped mining land area","original_value":103.53842332504408,"original_unit":"km²","source_row":3997,"estimated":true}},{"type":"Feature","id":"maus-6315","geometry":{"type":"Point","coordinates":[99.715548,18.33675]},"properties":{"id":"maus-6315","type":"mining-area","name":"Mapped mining area 6315","country":"THA","source_id":"maus-mining-2022","year":2019,"value":102.30739732680627,"unit":"km²","metric":"Mapped mining land area","original_value":102.30739732680627,"original_unit":"km²","source_row":6315,"estimated":true}},{"type":"Feature","id":"maus-44725","geometry":{"type":"Point","coordinates":[-138.764717,63.690955]},"properties":{"id":"maus-44725","type":"mining-area","name":"Mapped mining area 44725","country":"CAN","source_id":"maus-mining-2022","year":2019,"value":101.4068527287319,"unit":"km²","metric":"Mapped mining land area","original_value":101.4068527287319,"original_unit":"km²","source_row":44725,"estimated":true}},{"type":"Feature","id":"maus-44146","geometry":{"type":"Point","coordinates":[115.425796,-3.76165]},"properties":{"id":"maus-44146","type":"mining-area","name":"Mapped mining area 44146","country":"IDN","source_id":"maus-mining-2022","year":2019,"value":101.19774809964825,"unit":"km²","metric":"Mapped mining land area","original_value":101.19774809964825,"original_unit":"km²","source_row":44146,"estimated":true}},{"type":"Feature","id":"maus-7903","geometry":{"type":"Point","coordinates":[21.798816,40.45445]},"properties":{"id":"maus-7903","type":"mining-area","name":"Mapped mining area 7903","country":"GRC","source_id":"maus-mining-2022","year":2019,"value":98.30001151854589,"unit":"km²","metric":"Mapped mining land area","original_value":98.30001151854589,"original_unit":"km²","source_row":7903,"estimated":true}},{"type":"Feature","id":"maus-43845","geometry":{"type":"Point","coordinates":[95.64677,24.666831]},"properties":{"id":"maus-43845","type":"mining-area","name":"Mapped mining area 43845","country":"MMR","source_id":"maus-mining-2022","year":2019,"value":97.47227885915301,"unit":"km²","metric":"Mapped mining land area","original_value":97.47227885915301,"original_unit":"km²","source_row":43845,"estimated":true}},{"type":"Feature","id":"maus-1761","geometry":{"type":"Point","coordinates":[119.762932,-22.3862]},"properties":{"id":"maus-1761","type":"mining-area","name":"Mapped mining area 1761","country":"AUS","source_id":"maus-mining-2022","year":2019,"value":97.13440701622956,"unit":"km²","metric":"Mapped mining land area","original_value":97.13440701622956,"original_unit":"km²","source_row":1761,"estimated":true}},{"type":"Feature","id":"maus-2267","geometry":{"type":"Point","coordinates":[16.838276,-29.0888]},"properties":{"id":"maus-2267","type":"mining-area","name":"Mapped mining area 2267","country":"ZAF","source_id":"maus-mining-2022","year":2019,"value":96.61498865229328,"unit":"km²","metric":"Mapped mining land area","original_value":96.61498865229328,"original_unit":"km²","source_row":2267,"estimated":true}},{"type":"Feature","id":"maus-44291","geometry":{"type":"Point","coordinates":[-1.87111,6.25198]},"properties":{"id":"maus-44291","type":"mining-area","name":"Mapped mining area 44291","country":"GHA","source_id":"maus-mining-2022","year":2019,"value":94.85410254286286,"unit":"km²","metric":"Mapped mining land area","original_value":94.85410254286286,"original_unit":"km²","source_row":44291,"estimated":true}},{"type":"Feature","id":"maus-15468","geometry":{"type":"Point","coordinates":[-92.651136,47.572]},"properties":{"id":"maus-15468","type":"mining-area","name":"Mapped mining area 15468","country":"USA","source_id":"maus-mining-2022","year":2019,"value":92.39603746617622,"unit":"km²","metric":"Mapped mining land area","original_value":92.39603746617622,"original_unit":"km²","source_row":15468,"estimated":true}},{"type":"Feature","id":"maus-43809","geometry":{"type":"Point","coordinates":[95.762891,26.002941]},"properties":{"id":"maus-43809","type":"mining-area","name":"Mapped mining area 43809","country":"MMR","source_id":"maus-mining-2022","year":2019,"value":92.25070268533734,"unit":"km²","metric":"Mapped mining land area","original_value":92.25070268533734,"original_unit":"km²","source_row":43809,"estimated":true}},{"type":"Feature","id":"maus-10178","geometry":{"type":"Point","coordinates":[-103.937627,32.3489]},"properties":{"id":"maus-10178","type":"mining-area","name":"Mapped mining area 10178","country":"USA","source_id":"maus-mining-2022","year":2019,"value":92.21888841081964,"unit":"km²","metric":"Mapped mining land area","original_value":92.21888841081964,"original_unit":"km²","source_row":10178,"estimated":true}},{"type":"Feature","id":"maus-44723","geometry":{"type":"Point","coordinates":[-138.985843,63.971895]},"properties":{"id":"maus-44723","type":"mining-area","name":"Mapped mining area 44723","country":"CAN","source_id":"maus-mining-2022","year":2019,"value":92.17699512691078,"unit":"km²","metric":"Mapped mining land area","original_value":92.17699512691078,"original_unit":"km²","source_row":44723,"estimated":true}},{"type":"Feature","id":"maus-8258","geometry":{"type":"Point","coordinates":[26.019767,42.1934]},"properties":{"id":"maus-8258","type":"mining-area","name":"Mapped mining area 8258","country":"BGR","source_id":"maus-mining-2022","year":2019,"value":91.68521246087383,"unit":"km²","metric":"Mapped mining land area","original_value":91.68521246087383,"original_unit":"km²","source_row":8258,"estimated":true}},{"type":"Feature","id":"maus-12049","geometry":{"type":"Point","coordinates":[-109.356156,33.07935]},"properties":{"id":"maus-12049","type":"mining-area","name":"Mapped mining area 12049","country":"USA","source_id":"maus-mining-2022","year":2019,"value":90.37135581592749,"unit":"km²","metric":"Mapped mining land area","original_value":90.37135581592749,"original_unit":"km²","source_row":12049,"estimated":true}},{"type":"Feature","id":"maus-43324","geometry":{"type":"Point","coordinates":[113.747663,-1.022517]},"properties":{"id":"maus-43324","type":"mining-area","name":"Mapped mining area 43324","country":"IDN","source_id":"maus-mining-2022","year":2019,"value":90.3082476851565,"unit":"km²","metric":"Mapped mining land area","original_value":90.3082476851565,"original_unit":"km²","source_row":43324,"estimated":true}},{"type":"Feature","id":"maus-39412","geometry":{"type":"Point","coordinates":[-6.849196,42.355943]},"properties":{"id":"maus-39412","type":"mining-area","name":"Mapped mining area 39412","country":"ESP","source_id":"maus-mining-2022","year":2019,"value":89.65744634410112,"unit":"km²","metric":"Mapped mining land area","original_value":89.65744634410112,"original_unit":"km²","source_row":39412,"estimated":true}},{"type":"Feature","id":"maus-43344","geometry":{"type":"Point","coordinates":[109.02299,0.746515]},"properties":{"id":"maus-43344","type":"mining-area","name":"Mapped mining area 43344","country":"IDN","source_id":"maus-mining-2022","year":2019,"value":89.1407113783092,"unit":"km²","metric":"Mapped mining land area","original_value":89.1407113783092,"original_unit":"km²","source_row":43344,"estimated":true}},{"type":"Feature","id":"maus-2629","geometry":{"type":"Point","coordinates":[-69.083642,-22.97165]},"properties":{"id":"maus-2629","type":"mining-area","name":"Mapped mining area 2629","country":"CHL","source_id":"maus-mining-2022","year":2019,"value":89.00948376184047,"unit":"km²","metric":"Mapped mining land area","original_value":89.00948376184047,"original_unit":"km²","source_row":2629,"estimated":true}},{"type":"Feature","id":"maus-20150","geometry":{"type":"Point","coordinates":[-68.902074,-38.748357]},"properties":{"id":"maus-20150","type":"mining-area","name":"Mapped mining area 20150","country":"ARG","source_id":"maus-mining-2022","year":2019,"value":87.98384258633942,"unit":"km²","metric":"Mapped mining land area","original_value":87.98384258633942,"original_unit":"km²","source_row":20150,"estimated":true}},{"type":"Feature","id":"maus-11920","geometry":{"type":"Point","coordinates":[-111.122195,31.87205]},"properties":{"id":"maus-11920","type":"mining-area","name":"Mapped mining area 11920","country":"USA","source_id":"maus-mining-2022","year":2019,"value":87.54614551878224,"unit":"km²","metric":"Mapped mining land area","original_value":87.54614551878224,"original_unit":"km²","source_row":11920,"estimated":true}},{"type":"Feature","id":"maus-20156","geometry":{"type":"Point","coordinates":[-69.43177,-38.57943]},"properties":{"id":"maus-20156","type":"mining-area","name":"Mapped mining area 20156","country":"ARG","source_id":"maus-mining-2022","year":2019,"value":87.39073162596678,"unit":"km²","metric":"Mapped mining land area","original_value":87.39073162596678,"original_unit":"km²","source_row":20156,"estimated":true}},{"type":"Feature","id":"maus-44623","geometry":{"type":"Point","coordinates":[126.492658,53.471248]},"properties":{"id":"maus-44623","type":"mining-area","name":"Mapped mining area 44623","country":"RUS","source_id":"maus-mining-2022","year":2019,"value":86.8226067691337,"unit":"km²","metric":"Mapped mining land area","original_value":86.8226067691337,"original_unit":"km²","source_row":44623,"estimated":true}},{"type":"Feature","id":"maus-16644","geometry":{"type":"Point","coordinates":[-105.375625,44.04645]},"properties":{"id":"maus-16644","type":"mining-area","name":"Mapped mining area 16644","country":"USA","source_id":"maus-mining-2022","year":2019,"value":86.75211505826435,"unit":"km²","metric":"Mapped mining land area","original_value":86.75211505826435,"original_unit":"km²","source_row":16644,"estimated":true}},{"type":"Feature","id":"maus-33331","geometry":{"type":"Point","coordinates":[56.977449,21.442687]},"properties":{"id":"maus-33331","type":"mining-area","name":"Mapped mining area 33331","country":"OMN","source_id":"maus-mining-2022","year":2019,"value":86.25236317668664,"unit":"km²","metric":"Mapped mining land area","original_value":86.25236317668664,"original_unit":"km²","source_row":33331,"estimated":true}},{"type":"Feature","id":"maus-44557","geometry":{"type":"Point","coordinates":[86.096991,55.59525]},"properties":{"id":"maus-44557","type":"mining-area","name":"Mapped mining area 44557","country":"RUS","source_id":"maus-mining-2022","year":2019,"value":86.15088226377212,"unit":"km²","metric":"Mapped mining land area","original_value":86.15088226377212,"original_unit":"km²","source_row":44557,"estimated":true}},{"type":"Feature","id":"maus-44486","geometry":{"type":"Point","coordinates":[105.473319,43.628815]},"properties":{"id":"maus-44486","type":"mining-area","name":"Mapped mining area 44486","country":"MNG","source_id":"maus-mining-2022","year":2019,"value":85.79573830423001,"unit":"km²","metric":"Mapped mining land area","original_value":85.79573830423001,"original_unit":"km²","source_row":44486,"estimated":true}},{"type":"Feature","id":"maus-44694","geometry":{"type":"Point","coordinates":[-56.507354,-7.018653]},"properties":{"id":"maus-44694","type":"mining-area","name":"Mapped mining area 44694","country":"BRA","source_id":"maus-mining-2022","year":2019,"value":85.63874046976146,"unit":"km²","metric":"Mapped mining land area","original_value":85.63874046976146,"original_unit":"km²","source_row":44694,"estimated":true}},{"type":"Feature","id":"maus-44032","geometry":{"type":"Point","coordinates":[115.422561,-30.63805]},"properties":{"id":"maus-44032","type":"mining-area","name":"Mapped mining area 44032","country":"AUS","source_id":"maus-mining-2022","year":2019,"value":85.14277358541497,"unit":"km²","metric":"Mapped mining land area","original_value":85.14277358541497,"original_unit":"km²","source_row":44032,"estimated":true}},{"type":"Feature","id":"maus-18232","geometry":{"type":"Point","coordinates":[-111.754172,51.46195]},"properties":{"id":"maus-18232","type":"mining-area","name":"Mapped mining area 18232","country":"CAN","source_id":"maus-mining-2022","year":2019,"value":85.02215284057856,"unit":"km²","metric":"Mapped mining land area","original_value":85.02215284057856,"original_unit":"km²","source_row":18232,"estimated":true}},{"type":"Feature","id":"maus-15518","geometry":{"type":"Point","coordinates":[61.56551,57.0255]},"properties":{"id":"maus-15518","type":"mining-area","name":"Mapped mining area 15518","country":"RUS","source_id":"maus-mining-2022","year":2019,"value":84.69626161138441,"unit":"km²","metric":"Mapped mining land area","original_value":84.69626161138441,"original_unit":"km²","source_row":15518,"estimated":true}},{"type":"Feature","id":"maus-43983","geometry":{"type":"Point","coordinates":[151.080794,-32.651801]},"properties":{"id":"maus-43983","type":"mining-area","name":"Mapped mining area 43983","country":"AUS","source_id":"maus-mining-2022","year":2019,"value":83.81857656943244,"unit":"km²","metric":"Mapped mining land area","original_value":83.81857656943244,"original_unit":"km²","source_row":43983,"estimated":true}},{"type":"Feature","id":"maus-44767","geometry":{"type":"Point","coordinates":[-59.227714,6.487026]},"properties":{"id":"maus-44767","type":"mining-area","name":"Mapped mining area 44767","country":"GUY","source_id":"maus-mining-2022","year":2019,"value":82.76859737035475,"unit":"km²","metric":"Mapped mining land area","original_value":82.76859737035475,"original_unit":"km²","source_row":44767,"estimated":true}},{"type":"Feature","id":"maus-3623","geometry":{"type":"Point","coordinates":[-68.762567,-22.3661]},"properties":{"id":"maus-3623","type":"mining-area","name":"Mapped mining area 3623","country":"CHL","source_id":"maus-mining-2022","year":2019,"value":82.72711992962728,"unit":"km²","metric":"Mapped mining land area","original_value":82.72711992962728,"original_unit":"km²","source_row":3623,"estimated":true}},{"type":"Feature","id":"maus-26454","geometry":{"type":"Point","coordinates":[-111.109289,57.391334]},"properties":{"id":"maus-26454","type":"mining-area","name":"Mapped mining area 26454","country":"CAN","source_id":"maus-mining-2022","year":2019,"value":82.71127511984095,"unit":"km²","metric":"Mapped mining land area","original_value":82.71127511984095,"original_unit":"km²","source_row":26454,"estimated":true}},{"type":"Feature","id":"maus-19267","geometry":{"type":"Point","coordinates":[134.432916,57.714]},"properties":{"id":"maus-19267","type":"mining-area","name":"Mapped mining area 19267","country":"RUS","source_id":"maus-mining-2022","year":2019,"value":82.40483981039874,"unit":"km²","metric":"Mapped mining land area","original_value":82.40483981039874,"original_unit":"km²","source_row":19267,"estimated":true}},{"type":"Feature","id":"maus-44130","geometry":{"type":"Point","coordinates":[115.112274,-3.876722]},"properties":{"id":"maus-44130","type":"mining-area","name":"Mapped mining area 44130","country":"IDN","source_id":"maus-mining-2022","year":2019,"value":82.24937421470909,"unit":"km²","metric":"Mapped mining land area","original_value":82.24937421470909,"original_unit":"km²","source_row":44130,"estimated":true}},{"type":"Feature","id":"maus-44275","geometry":{"type":"Point","coordinates":[-1.825284,6.17578]},"properties":{"id":"maus-44275","type":"mining-area","name":"Mapped mining area 44275","country":"GHA","source_id":"maus-mining-2022","year":2019,"value":82.24684725377624,"unit":"km²","metric":"Mapped mining land area","original_value":82.24684725377624,"original_unit":"km²","source_row":44275,"estimated":true}},{"type":"Feature","id":"maus-17060","geometry":{"type":"Point","coordinates":[-116.379766,40.9766]},"properties":{"id":"maus-17060","type":"mining-area","name":"Mapped mining area 17060","country":"USA","source_id":"maus-mining-2022","year":2019,"value":81.59465500309095,"unit":"km²","metric":"Mapped mining land area","original_value":81.59465500309095,"original_unit":"km²","source_row":17060,"estimated":true}},{"type":"Feature","id":"maus-44250","geometry":{"type":"Point","coordinates":[-54.577585,4.42745]},"properties":{"id":"maus-44250","type":"mining-area","name":"Mapped mining area 44250","country":"SUR","source_id":"maus-mining-2022","year":2019,"value":81.50331165163091,"unit":"km²","metric":"Mapped mining land area","original_value":81.50331165163091,"original_unit":"km²","source_row":44250,"estimated":true}},{"type":"Feature","id":"maus-18279","geometry":{"type":"Point","coordinates":[-114.888311,50.1665]},"properties":{"id":"maus-18279","type":"mining-area","name":"Mapped mining area 18279","country":"CAN","source_id":"maus-mining-2022","year":2019,"value":81.49528380954528,"unit":"km²","metric":"Mapped mining land area","original_value":81.49528380954528,"original_unit":"km²","source_row":18279,"estimated":true}},{"type":"Feature","id":"maus-2266","geometry":{"type":"Point","coordinates":[-69.124609,-24.41775]},"properties":{"id":"maus-2266","type":"mining-area","name":"Mapped mining area 2266","country":"CHL","source_id":"maus-mining-2022","year":2019,"value":81.29705741953029,"unit":"km²","metric":"Mapped mining land area","original_value":81.29705741953029,"original_unit":"km²","source_row":2266,"estimated":true}},{"type":"Feature","id":"maus-44224","geometry":{"type":"Point","coordinates":[117.145424,-0.180104]},"properties":{"id":"maus-44224","type":"mining-area","name":"Mapped mining area 44224","country":"IDN","source_id":"maus-mining-2022","year":2019,"value":81.19762866587108,"unit":"km²","metric":"Mapped mining land area","original_value":81.19762866587108,"original_unit":"km²","source_row":44224,"estimated":true}},{"type":"Feature","id":"maus-44766","geometry":{"type":"Point","coordinates":[-59.365555,6.250678]},"properties":{"id":"maus-44766","type":"mining-area","name":"Mapped mining area 44766","country":"GUY","source_id":"maus-mining-2022","year":2019,"value":80.93797730806594,"unit":"km²","metric":"Mapped mining land area","original_value":80.93797730806594,"original_unit":"km²","source_row":44766,"estimated":true}},{"type":"Feature","id":"maus-2545","geometry":{"type":"Point","coordinates":[-69.889637,-22.5638]},"properties":{"id":"maus-2545","type":"mining-area","name":"Mapped mining area 2545","country":"CHL","source_id":"maus-mining-2022","year":2019,"value":79.82197991643505,"unit":"km²","metric":"Mapped mining land area","original_value":79.82197991643505,"original_unit":"km²","source_row":2545,"estimated":true}},{"type":"Feature","id":"maus-2546","geometry":{"type":"Point","coordinates":[29.148657,-26.5528]},"properties":{"id":"maus-2546","type":"mining-area","name":"Mapped mining area 2546","country":"ZAF","source_id":"maus-mining-2022","year":2019,"value":78.49556228822519,"unit":"km²","metric":"Mapped mining land area","original_value":78.49556228822519,"original_unit":"km²","source_row":2546,"estimated":true}},{"type":"Feature","id":"maus-42821","geometry":{"type":"Point","coordinates":[-62.638688,6.664187]},"properties":{"id":"maus-42821","type":"mining-area","name":"Mapped mining area 42821","country":"VEN","source_id":"maus-mining-2022","year":2019,"value":77.99497228381269,"unit":"km²","metric":"Mapped mining land area","original_value":77.99497228381269,"original_unit":"km²","source_row":42821,"estimated":true}},{"type":"Feature","id":"maus-13406","geometry":{"type":"Point","coordinates":[62.556271,52.35515]},"properties":{"id":"maus-13406","type":"mining-area","name":"Mapped mining area 13406","country":"KAZ","source_id":"maus-mining-2022","year":2019,"value":77.6197385035067,"unit":"km²","metric":"Mapped mining land area","original_value":77.6197385035067,"original_unit":"km²","source_row":13406,"estimated":true}},{"type":"Feature","id":"maus-38584","geometry":{"type":"Point","coordinates":[116.091048,59.655489]},"properties":{"id":"maus-38584","type":"mining-area","name":"Mapped mining area 38584","country":"RUS","source_id":"maus-mining-2022","year":2019,"value":77.31003822507034,"unit":"km²","metric":"Mapped mining land area","original_value":77.31003822507034,"original_unit":"km²","source_row":38584,"estimated":true}},{"type":"Feature","id":"maus-44794","geometry":{"type":"Point","coordinates":[-59.112332,5.106384]},"properties":{"id":"maus-44794","type":"mining-area","name":"Mapped mining area 44794","country":"GUY","source_id":"maus-mining-2022","year":2019,"value":77.18308052479576,"unit":"km²","metric":"Mapped mining land area","original_value":77.18308052479576,"original_unit":"km²","source_row":44794,"estimated":true}},{"type":"Feature","id":"maus-3968","geometry":{"type":"Point","coordinates":[26.421841,-12.11625]},"properties":{"id":"maus-3968","type":"mining-area","name":"Mapped mining area 3968","country":"ZMB","source_id":"maus-mining-2022","year":2019,"value":76.45928482967322,"unit":"km²","metric":"Mapped mining land area","original_value":76.45928482967322,"original_unit":"km²","source_row":3968,"estimated":true}},{"type":"Feature","id":"maus-44638","geometry":{"type":"Point","coordinates":[133.611773,52.93715]},"properties":{"id":"maus-44638","type":"mining-area","name":"Mapped mining area 44638","country":"RUS","source_id":"maus-mining-2022","year":2019,"value":76.10676160990981,"unit":"km²","metric":"Mapped mining land area","original_value":76.10676160990981,"original_unit":"km²","source_row":44638,"estimated":true}},{"type":"Feature","id":"maus-41961","geometry":{"type":"Point","coordinates":[128.063748,57.746315]},"properties":{"id":"maus-41961","type":"mining-area","name":"Mapped mining area 41961","country":"RUS","source_id":"maus-mining-2022","year":2019,"value":75.98859956938169,"unit":"km²","metric":"Mapped mining land area","original_value":75.98859956938169,"original_unit":"km²","source_row":41961,"estimated":true}},{"type":"Feature","id":"maus-44823","geometry":{"type":"Point","coordinates":[108.258494,-2.80837]},"properties":{"id":"maus-44823","type":"mining-area","name":"Mapped mining area 44823","country":"IDN","source_id":"maus-mining-2022","year":2019,"value":75.37453433000078,"unit":"km²","metric":"Mapped mining land area","original_value":75.37453433000078,"original_unit":"km²","source_row":44823,"estimated":true}},{"type":"Feature","id":"maus-44618","geometry":{"type":"Point","coordinates":[124.676677,54.202843]},"properties":{"id":"maus-44618","type":"mining-area","name":"Mapped mining area 44618","country":"RUS","source_id":"maus-mining-2022","year":2019,"value":74.76238002995566,"unit":"km²","metric":"Mapped mining land area","original_value":74.76238002995566,"original_unit":"km²","source_row":44618,"estimated":true}},{"type":"Feature","id":"maus-15534","geometry":{"type":"Point","coordinates":[-92.158379,47.5862]},"properties":{"id":"maus-15534","type":"mining-area","name":"Mapped mining area 15534","country":"USA","source_id":"maus-mining-2022","year":2019,"value":74.00541977251767,"unit":"km²","metric":"Mapped mining land area","original_value":74.00541977251767,"original_unit":"km²","source_row":15534,"estimated":true}},{"type":"Feature","id":"maus-44144","geometry":{"type":"Point","coordinates":[-50.173027,-6.065688]},"properties":{"id":"maus-44144","type":"mining-area","name":"Mapped mining area 44144","country":"BRA","source_id":"maus-mining-2022","year":2019,"value":73.76074122430451,"unit":"km²","metric":"Mapped mining land area","original_value":73.76074122430451,"original_unit":"km²","source_row":44144,"estimated":true}},{"type":"Feature","id":"maus-23285","geometry":{"type":"Point","coordinates":[-50.985054,-7.874365]},"properties":{"id":"maus-23285","type":"mining-area","name":"Mapped mining area 23285","country":"BRA","source_id":"maus-mining-2022","year":2019,"value":73.66858798454128,"unit":"km²","metric":"Mapped mining land area","original_value":73.66858798454128,"original_unit":"km²","source_row":23285,"estimated":true}},{"type":"Feature","id":"maus-44417","geometry":{"type":"Point","coordinates":[-110.334944,30.954067]},"properties":{"id":"maus-44417","type":"mining-area","name":"Mapped mining area 44417","country":"MEX","source_id":"maus-mining-2022","year":2019,"value":73.07348943692291,"unit":"km²","metric":"Mapped mining land area","original_value":73.07348943692291,"original_unit":"km²","source_row":44417,"estimated":true}},{"type":"Feature","id":"maus-15508","geometry":{"type":"Point","coordinates":[110.093087,39.8875]},"properties":{"id":"maus-15508","type":"mining-area","name":"Mapped mining area 15508","country":"CHN","source_id":"maus-mining-2022","year":2019,"value":72.48953953139983,"unit":"km²","metric":"Mapped mining land area","original_value":72.48953953139983,"original_unit":"km²","source_row":15508,"estimated":true}},{"type":"Feature","id":"maus-10233","geometry":{"type":"Point","coordinates":[33.400589,47.83115]},"properties":{"id":"maus-10233","type":"mining-area","name":"Mapped mining area 10233","country":"UKR","source_id":"maus-mining-2022","year":2019,"value":72.4368986390131,"unit":"km²","metric":"Mapped mining land area","original_value":72.4368986390131,"original_unit":"km²","source_row":10233,"estimated":true}},{"type":"Feature","id":"maus-44483","geometry":{"type":"Point","coordinates":[112.369615,39.4845]},"properties":{"id":"maus-44483","type":"mining-area","name":"Mapped mining area 44483","country":"CHN","source_id":"maus-mining-2022","year":2019,"value":72.20677528045938,"unit":"km²","metric":"Mapped mining land area","original_value":72.20677528045938,"original_unit":"km²","source_row":44483,"estimated":true}},{"type":"Feature","id":"maus-1897","geometry":{"type":"Point","coordinates":[119.023862,-22.75145]},"properties":{"id":"maus-1897","type":"mining-area","name":"Mapped mining area 1897","country":"AUS","source_id":"maus-mining-2022","year":2019,"value":72.06123085360593,"unit":"km²","metric":"Mapped mining land area","original_value":72.06123085360593,"original_unit":"km²","source_row":1897,"estimated":true}},{"type":"Feature","id":"maus-41376","geometry":{"type":"Point","coordinates":[-57.388217,-6.003516]},"properties":{"id":"maus-41376","type":"mining-area","name":"Mapped mining area 41376","country":"BRA","source_id":"maus-mining-2022","year":2019,"value":71.99790228520563,"unit":"km²","metric":"Mapped mining land area","original_value":71.99790228520563,"original_unit":"km²","source_row":41376,"estimated":true}},{"type":"Feature","id":"maus-4533","geometry":{"type":"Point","coordinates":[112.554519,-2.2321]},"properties":{"id":"maus-4533","type":"mining-area","name":"Mapped mining area 4533","country":"IDN","source_id":"maus-mining-2022","year":2019,"value":70.56308637331841,"unit":"km²","metric":"Mapped mining land area","original_value":70.56308637331841,"original_unit":"km²","source_row":4533,"estimated":true}},{"type":"Feature","id":"maus-8397","geometry":{"type":"Point","coordinates":[-76.799196,35.3459]},"properties":{"id":"maus-8397","type":"mining-area","name":"Mapped mining area 8397","country":"USA","source_id":"maus-mining-2022","year":2019,"value":70.3591913938779,"unit":"km²","metric":"Mapped mining land area","original_value":70.3591913938779,"original_unit":"km²","source_row":8397,"estimated":true}},{"type":"Feature","id":"maus-44895","geometry":{"type":"Point","coordinates":[-56.302024,-6.789046]},"properties":{"id":"maus-44895","type":"mining-area","name":"Mapped mining area 44895","country":"BRA","source_id":"maus-mining-2022","year":2019,"value":70.16780505954786,"unit":"km²","metric":"Mapped mining land area","original_value":70.16780505954786,"original_unit":"km²","source_row":44895,"estimated":true}},{"type":"Feature","id":"maus-5415","geometry":{"type":"Point","coordinates":[-74.894514,7.4768]},"properties":{"id":"maus-5415","type":"mining-area","name":"Mapped mining area 5415","country":"COL","source_id":"maus-mining-2022","year":2019,"value":70.0656580506413,"unit":"km²","metric":"Mapped mining land area","original_value":70.0656580506413,"original_unit":"km²","source_row":5415,"estimated":true}},{"type":"Feature","id":"maus-44590","geometry":{"type":"Point","coordinates":[119.272562,53.836216]},"properties":{"id":"maus-44590","type":"mining-area","name":"Mapped mining area 44590","country":"RUS","source_id":"maus-mining-2022","year":2019,"value":69.65007141297627,"unit":"km²","metric":"Mapped mining land area","original_value":69.65007141297627,"original_unit":"km²","source_row":44590,"estimated":true}},{"type":"Feature","id":"maus-44573","geometry":{"type":"Point","coordinates":[93.631366,59.913733]},"properties":{"id":"maus-44573","type":"mining-area","name":"Mapped mining area 44573","country":"RUS","source_id":"maus-mining-2022","year":2019,"value":69.23739637715623,"unit":"km²","metric":"Mapped mining land area","original_value":69.23739637715623,"original_unit":"km²","source_row":44573,"estimated":true}},{"type":"Feature","id":"maus-44853","geometry":{"type":"Point","coordinates":[96.318364,25.646123]},"properties":{"id":"maus-44853","type":"mining-area","name":"Mapped mining area 44853","country":"MMR","source_id":"maus-mining-2022","year":2019,"value":69.03026964565481,"unit":"km²","metric":"Mapped mining land area","original_value":69.03026964565481,"original_unit":"km²","source_row":44853,"estimated":true}},{"type":"Feature","id":"maus-44821","geometry":{"type":"Point","coordinates":[124.444733,54.298854]},"properties":{"id":"maus-44821","type":"mining-area","name":"Mapped mining area 44821","country":"RUS","source_id":"maus-mining-2022","year":2019,"value":68.68894934406237,"unit":"km²","metric":"Mapped mining land area","original_value":68.68894934406237,"original_unit":"km²","source_row":44821,"estimated":true}},{"type":"Feature","id":"maus-1875","geometry":{"type":"Point","coordinates":[122.219229,-21.73365]},"properties":{"id":"maus-1875","type":"mining-area","name":"Mapped mining area 1875","country":"AUS","source_id":"maus-mining-2022","year":2019,"value":68.29681598115113,"unit":"km²","metric":"Mapped mining land area","original_value":68.29681598115113,"original_unit":"km²","source_row":1875,"estimated":true}},{"type":"Feature","id":"maus-38630","geometry":{"type":"Point","coordinates":[128.617832,52.904173]},"properties":{"id":"maus-38630","type":"mining-area","name":"Mapped mining area 38630","country":"RUS","source_id":"maus-mining-2022","year":2019,"value":68.09324633105904,"unit":"km²","metric":"Mapped mining land area","original_value":68.09324633105904,"original_unit":"km²","source_row":38630,"estimated":true}},{"type":"Feature","id":"maus-33203","geometry":{"type":"Point","coordinates":[7.372534,18.079352]},"properties":{"id":"maus-33203","type":"mining-area","name":"Mapped mining area 33203","country":"NER","source_id":"maus-mining-2022","year":2019,"value":67.70683019091796,"unit":"km²","metric":"Mapped mining land area","original_value":67.70683019091796,"original_unit":"km²","source_row":33203,"estimated":true}},{"type":"Feature","id":"maus-15489","geometry":{"type":"Point","coordinates":[-92.97272,47.4828]},"properties":{"id":"maus-15489","type":"mining-area","name":"Mapped mining area 15489","country":"USA","source_id":"maus-mining-2022","year":2019,"value":67.43826426053431,"unit":"km²","metric":"Mapped mining land area","original_value":67.43826426053431,"original_unit":"km²","source_row":15489,"estimated":true}},{"type":"Feature","id":"maus-668","geometry":{"type":"Point","coordinates":[148.87611,-23.48225]},"properties":{"id":"maus-668","type":"mining-area","name":"Mapped mining area 668","country":"AUS","source_id":"maus-mining-2022","year":2019,"value":67.28001766340047,"unit":"km²","metric":"Mapped mining land area","original_value":67.28001766340047,"original_unit":"km²","source_row":668,"estimated":true}},{"type":"Feature","id":"maus-4127","geometry":{"type":"Point","coordinates":[25.370687,-10.7275]},"properties":{"id":"maus-4127","type":"mining-area","name":"Mapped mining area 4127","country":"COD","source_id":"maus-mining-2022","year":2019,"value":66.37739714335439,"unit":"km²","metric":"Mapped mining land area","original_value":66.37739714335439,"original_unit":"km²","source_row":4127,"estimated":true}},{"type":"Feature","id":"maus-6616","geometry":{"type":"Point","coordinates":[36.176683,29.9065]},"properties":{"id":"maus-6616","type":"mining-area","name":"Mapped mining area 6616","country":"JOR","source_id":"maus-mining-2022","year":2019,"value":66.32264930317096,"unit":"km²","metric":"Mapped mining land area","original_value":66.32264930317096,"original_unit":"km²","source_row":6616,"estimated":true}},{"type":"Feature","id":"maus-4529","geometry":{"type":"Point","coordinates":[112.46184,-2.292]},"properties":{"id":"maus-4529","type":"mining-area","name":"Mapped mining area 4529","country":"IDN","source_id":"maus-mining-2022","year":2019,"value":66.08587631521813,"unit":"km²","metric":"Mapped mining land area","original_value":66.08587631521813,"original_unit":"km²","source_row":4529,"estimated":true}},{"type":"Feature","id":"maus-2102","geometry":{"type":"Point","coordinates":[17.941128,-31.26215]},"properties":{"id":"maus-2102","type":"mining-area","name":"Mapped mining area 2102","country":"ZAF","source_id":"maus-mining-2022","year":2019,"value":65.97024953175989,"unit":"km²","metric":"Mapped mining land area","original_value":65.97024953175989,"original_unit":"km²","source_row":2102,"estimated":true}},{"type":"Feature","id":"maus-44374","geometry":{"type":"Point","coordinates":[107.295175,21.03885]},"properties":{"id":"maus-44374","type":"mining-area","name":"Mapped mining area 44374","country":"VNM","source_id":"maus-mining-2022","year":2019,"value":65.68897748973295,"unit":"km²","metric":"Mapped mining land area","original_value":65.68897748973295,"original_unit":"km²","source_row":44374,"estimated":true}},{"type":"Feature","id":"maus-44637","geometry":{"type":"Point","coordinates":[132.705229,53.125844]},"properties":{"id":"maus-44637","type":"mining-area","name":"Mapped mining area 44637","country":"RUS","source_id":"maus-mining-2022","year":2019,"value":65.63899316535544,"unit":"km²","metric":"Mapped mining land area","original_value":65.63899316535544,"original_unit":"km²","source_row":44637,"estimated":true}},{"type":"Feature","id":"maus-473","geometry":{"type":"Point","coordinates":[150.884587,-32.33775]},"properties":{"id":"maus-473","type":"mining-area","name":"Mapped mining area 473","country":"AUS","source_id":"maus-mining-2022","year":2019,"value":65.45955227732256,"unit":"km²","metric":"Mapped mining land area","original_value":65.45955227732256,"original_unit":"km²","source_row":473,"estimated":true}},{"type":"Feature","id":"maus-44329","geometry":{"type":"Point","coordinates":[-59.608318,6.924543]},"properties":{"id":"maus-44329","type":"mining-area","name":"Mapped mining area 44329","country":"GUY","source_id":"maus-mining-2022","year":2019,"value":65.40929347196129,"unit":"km²","metric":"Mapped mining land area","original_value":65.40929347196129,"original_unit":"km²","source_row":44329,"estimated":true}},{"type":"Feature","id":"maus-24717","geometry":{"type":"Point","coordinates":[-105.644492,57.221745]},"properties":{"id":"maus-24717","type":"mining-area","name":"Mapped mining area 24717","country":"CAN","source_id":"maus-mining-2022","year":2019,"value":65.26042485230711,"unit":"km²","metric":"Mapped mining land area","original_value":65.26042485230711,"original_unit":"km²","source_row":24717,"estimated":true}},{"type":"Feature","id":"maus-44366","geometry":{"type":"Point","coordinates":[-7.820979,32.251]},"properties":{"id":"maus-44366","type":"mining-area","name":"Mapped mining area 44366","country":"MAR","source_id":"maus-mining-2022","year":2019,"value":65.04041773856252,"unit":"km²","metric":"Mapped mining land area","original_value":65.04041773856252,"original_unit":"km²","source_row":44366,"estimated":true}},{"type":"Feature","id":"maus-43829","geometry":{"type":"Point","coordinates":[95.324845,24.843691]},"properties":{"id":"maus-43829","type":"mining-area","name":"Mapped mining area 43829","country":"MMR","source_id":"maus-mining-2022","year":2019,"value":64.9788124391589,"unit":"km²","metric":"Mapped mining land area","original_value":64.9788124391589,"original_unit":"km²","source_row":43829,"estimated":true}},{"type":"Feature","id":"maus-43852","geometry":{"type":"Point","coordinates":[94.942304,24.515076]},"properties":{"id":"maus-43852","type":"mining-area","name":"Mapped mining area 43852","country":"MMR","source_id":"maus-mining-2022","year":2019,"value":64.86001084974959,"unit":"km²","metric":"Mapped mining land area","original_value":64.86001084974959,"original_unit":"km²","source_row":43852,"estimated":true}},{"type":"Feature","id":"maus-10305","geometry":{"type":"Point","coordinates":[79.063031,20.0231]},"properties":{"id":"maus-10305","type":"mining-area","name":"Mapped mining area 10305","country":"IND","source_id":"maus-mining-2022","year":2019,"value":64.71501875969227,"unit":"km²","metric":"Mapped mining land area","original_value":64.71501875969227,"original_unit":"km²","source_row":10305,"estimated":true}},{"type":"Feature","id":"maus-43766","geometry":{"type":"Point","coordinates":[63.572034,42.116174]},"properties":{"id":"maus-43766","type":"mining-area","name":"Mapped mining area 43766","country":"UZB","source_id":"maus-mining-2022","year":2019,"value":64.07299965852653,"unit":"km²","metric":"Mapped mining land area","original_value":64.07299965852653,"original_unit":"km²","source_row":43766,"estimated":true}},{"type":"Feature","id":"maus-11202","geometry":{"type":"Point","coordinates":[6.523388,50.903]},"properties":{"id":"maus-11202","type":"mining-area","name":"Mapped mining area 11202","country":"DEU","source_id":"maus-mining-2022","year":2019,"value":63.93529434651491,"unit":"km²","metric":"Mapped mining land area","original_value":63.93529434651491,"original_unit":"km²","source_row":11202,"estimated":true}},{"type":"Feature","id":"maus-15640","geometry":{"type":"Point","coordinates":[111.245791,39.75635]},"properties":{"id":"maus-15640","type":"mining-area","name":"Mapped mining area 15640","country":"CHN","source_id":"maus-mining-2022","year":2019,"value":63.66977950574163,"unit":"km²","metric":"Mapped mining land area","original_value":63.66977950574163,"original_unit":"km²","source_row":15640,"estimated":true}},{"type":"Feature","id":"maus-9276","geometry":{"type":"Point","coordinates":[64.564015,41.4763]},"properties":{"id":"maus-9276","type":"mining-area","name":"Mapped mining area 9276","country":"UZB","source_id":"maus-mining-2022","year":2019,"value":63.47693010055133,"unit":"km²","metric":"Mapped mining land area","original_value":63.47693010055133,"original_unit":"km²","source_row":9276,"estimated":true}},{"type":"Feature","id":"maus-6904","geometry":{"type":"Point","coordinates":[55.309175,29.10735]},"properties":{"id":"maus-6904","type":"mining-area","name":"Mapped mining area 6904","country":"IRN","source_id":"maus-mining-2022","year":2019,"value":63.30729252336967,"unit":"km²","metric":"Mapped mining land area","original_value":63.30729252336967,"original_unit":"km²","source_row":6904,"estimated":true}},{"type":"Feature","id":"maus-14079","geometry":{"type":"Point","coordinates":[111.496596,37.02525]},"properties":{"id":"maus-14079","type":"mining-area","name":"Mapped mining area 14079","country":"CHN","source_id":"maus-mining-2022","year":2019,"value":63.141615517762894,"unit":"km²","metric":"Mapped mining land area","original_value":63.141615517762894,"original_unit":"km²","source_row":14079,"estimated":true}},{"type":"Feature","id":"maus-32840","geometry":{"type":"Point","coordinates":[14.441104,-23.044111]},"properties":{"id":"maus-32840","type":"mining-area","name":"Mapped mining area 32840","country":"NAM","source_id":"maus-mining-2022","year":2019,"value":63.098374339399705,"unit":"km²","metric":"Mapped mining land area","original_value":63.098374339399705,"original_unit":"km²","source_row":32840,"estimated":true}},{"type":"Feature","id":"maus-1167","geometry":{"type":"Point","coordinates":[116.454398,-32.9418]},"properties":{"id":"maus-1167","type":"mining-area","name":"Mapped mining area 1167","country":"AUS","source_id":"maus-mining-2022","year":2019,"value":63.08749534717988,"unit":"km²","metric":"Mapped mining land area","original_value":63.08749534717988,"original_unit":"km²","source_row":1167,"estimated":true}},{"type":"Feature","id":"maus-44619","geometry":{"type":"Point","coordinates":[123.36585,55.172046]},"properties":{"id":"maus-44619","type":"mining-area","name":"Mapped mining area 44619","country":"RUS","source_id":"maus-mining-2022","year":2019,"value":62.82201496511384,"unit":"km²","metric":"Mapped mining land area","original_value":62.82201496511384,"original_unit":"km²","source_row":44619,"estimated":true}},{"type":"Feature","id":"maus-38712","geometry":{"type":"Point","coordinates":[149.231282,62.645367]},"properties":{"id":"maus-38712","type":"mining-area","name":"Mapped mining area 38712","country":"RUS","source_id":"maus-mining-2022","year":2019,"value":62.530128175622025,"unit":"km²","metric":"Mapped mining land area","original_value":62.530128175622025,"original_unit":"km²","source_row":38712,"estimated":true}},{"type":"Feature","id":"maus-29482","geometry":{"type":"Point","coordinates":[-74.861386,7.962887]},"properties":{"id":"maus-29482","type":"mining-area","name":"Mapped mining area 29482","country":"COL","source_id":"maus-mining-2022","year":2019,"value":62.28853070080554,"unit":"km²","metric":"Mapped mining land area","original_value":62.28853070080554,"original_unit":"km²","source_row":29482,"estimated":true}},{"type":"Feature","id":"maus-44161","geometry":{"type":"Point","coordinates":[-47.714839,-3.273142]},"properties":{"id":"maus-44161","type":"mining-area","name":"Mapped mining area 44161","country":"BRA","source_id":"maus-mining-2022","year":2019,"value":61.896619054397995,"unit":"km²","metric":"Mapped mining land area","original_value":61.896619054397995,"original_unit":"km²","source_row":44161,"estimated":true}},{"type":"Feature","id":"maus-6305","geometry":{"type":"Point","coordinates":[-12.826728,26.334]},"properties":{"id":"maus-6305","type":"mining-area","name":"Mapped mining area 6305","country":"ESH","source_id":"maus-mining-2022","year":2019,"value":61.832597038688114,"unit":"km²","metric":"Mapped mining land area","original_value":61.832597038688114,"original_unit":"km²","source_row":6305,"estimated":true}},{"type":"Feature","id":"maus-44258","geometry":{"type":"Point","coordinates":[-2.030075,5.31265]},"properties":{"id":"maus-44258","type":"mining-area","name":"Mapped mining area 44258","country":"GHA","source_id":"maus-mining-2022","year":2019,"value":61.82305042076139,"unit":"km²","metric":"Mapped mining land area","original_value":61.82305042076139,"original_unit":"km²","source_row":44258,"estimated":true}},{"type":"Feature","id":"maus-2390","geometry":{"type":"Point","coordinates":[-66.727909,-23.66815]},"properties":{"id":"maus-2390","type":"mining-area","name":"Mapped mining area 2390","country":"ARG","source_id":"maus-mining-2022","year":2019,"value":61.53724615155571,"unit":"km²","metric":"Mapped mining land area","original_value":61.53724615155571,"original_unit":"km²","source_row":2390,"estimated":true}},{"type":"Feature","id":"maus-19513","geometry":{"type":"Point","coordinates":[147.944513,61.5775]},"properties":{"id":"maus-19513","type":"mining-area","name":"Mapped mining area 19513","country":"RUS","source_id":"maus-mining-2022","year":2019,"value":61.501008967588255,"unit":"km²","metric":"Mapped mining land area","original_value":61.501008967588255,"original_unit":"km²","source_row":19513,"estimated":true}},{"type":"Feature","id":"maus-4185","geometry":{"type":"Point","coordinates":[-78.523902,-6.98575]},"properties":{"id":"maus-4185","type":"mining-area","name":"Mapped mining area 4185","country":"PER","source_id":"maus-mining-2022","year":2019,"value":61.24899938737847,"unit":"km²","metric":"Mapped mining land area","original_value":61.24899938737847,"original_unit":"km²","source_row":4185,"estimated":true}},{"type":"Feature","id":"maus-44036","geometry":{"type":"Point","coordinates":[118.955089,-22.922549]},"properties":{"id":"maus-44036","type":"mining-area","name":"Mapped mining area 44036","country":"AUS","source_id":"maus-mining-2022","year":2019,"value":61.23800938285614,"unit":"km²","metric":"Mapped mining land area","original_value":61.23800938285614,"original_unit":"km²","source_row":44036,"estimated":true}},{"type":"Feature","id":"maus-38724","geometry":{"type":"Point","coordinates":[147.466153,62.976619]},"properties":{"id":"maus-38724","type":"mining-area","name":"Mapped mining area 38724","country":"RUS","source_id":"maus-mining-2022","year":2019,"value":61.12593962342101,"unit":"km²","metric":"Mapped mining land area","original_value":61.12593962342101,"original_unit":"km²","source_row":38724,"estimated":true}},{"type":"Feature","id":"maus-4476","geometry":{"type":"Point","coordinates":[121.380291,-2.57255]},"properties":{"id":"maus-4476","type":"mining-area","name":"Mapped mining area 4476","country":"IDN","source_id":"maus-mining-2022","year":2019,"value":61.07671641331471,"unit":"km²","metric":"Mapped mining land area","original_value":61.07671641331471,"original_unit":"km²","source_row":4476,"estimated":true}},{"type":"Feature","id":"maus-13809","geometry":{"type":"Point","coordinates":[62.951239,53.3843]},"properties":{"id":"maus-13809","type":"mining-area","name":"Mapped mining area 13809","country":"KAZ","source_id":"maus-mining-2022","year":2019,"value":60.86977769795975,"unit":"km²","metric":"Mapped mining land area","original_value":60.86977769795975,"original_unit":"km²","source_row":13809,"estimated":true}},{"type":"Feature","id":"maus-2642","geometry":{"type":"Point","coordinates":[17.062995,-29.54105]},"properties":{"id":"maus-2642","type":"mining-area","name":"Mapped mining area 2642","country":"ZAF","source_id":"maus-mining-2022","year":2019,"value":60.861863418804205,"unit":"km²","metric":"Mapped mining land area","original_value":60.861863418804205,"original_unit":"km²","source_row":2642,"estimated":true}},{"type":"Feature","id":"maus-44538","geometry":{"type":"Point","coordinates":[-102.814464,49.11845]},"properties":{"id":"maus-44538","type":"mining-area","name":"Mapped mining area 44538","country":"CAN","source_id":"maus-mining-2022","year":2019,"value":60.82926597693967,"unit":"km²","metric":"Mapped mining land area","original_value":60.82926597693967,"original_unit":"km²","source_row":44538,"estimated":true}},{"type":"Feature","id":"maus-5540","geometry":{"type":"Point","coordinates":[-72.556412,11.1203]},"properties":{"id":"maus-5540","type":"mining-area","name":"Mapped mining area 5540","country":"COL","source_id":"maus-mining-2022","year":2019,"value":60.81233216832611,"unit":"km²","metric":"Mapped mining land area","original_value":60.81233216832611,"original_unit":"km²","source_row":5540,"estimated":true}},{"type":"Feature","id":"maus-23733","geometry":{"type":"Point","coordinates":[-58.307345,-9.190954]},"properties":{"id":"maus-23733","type":"mining-area","name":"Mapped mining area 23733","country":"BRA","source_id":"maus-mining-2022","year":2019,"value":60.126218671168836,"unit":"km²","metric":"Mapped mining land area","original_value":60.126218671168836,"original_unit":"km²","source_row":23733,"estimated":true}},{"type":"Feature","id":"maus-11592","geometry":{"type":"Point","coordinates":[14.580915,51.4775]},"properties":{"id":"maus-11592","type":"mining-area","name":"Mapped mining area 11592","country":"DEU","source_id":"maus-mining-2022","year":2019,"value":59.439637125857274,"unit":"km²","metric":"Mapped mining land area","original_value":59.439637125857274,"original_unit":"km²","source_row":11592,"estimated":true}},{"type":"Feature","id":"maus-44272","geometry":{"type":"Point","coordinates":[-59.13848,5.24905]},"properties":{"id":"maus-44272","type":"mining-area","name":"Mapped mining area 44272","country":"GUY","source_id":"maus-mining-2022","year":2019,"value":59.37799026737739,"unit":"km²","metric":"Mapped mining land area","original_value":59.37799026737739,"original_unit":"km²","source_row":44272,"estimated":true}},{"type":"Feature","id":"maus-24732","geometry":{"type":"Point","coordinates":[-133.30106,62.300974]},"properties":{"id":"maus-24732","type":"mining-area","name":"Mapped mining area 24732","country":"CAN","source_id":"maus-mining-2022","year":2019,"value":59.35914077810652,"unit":"km²","metric":"Mapped mining land area","original_value":59.35914077810652,"original_unit":"km²","source_row":24732,"estimated":true}},{"type":"Feature","id":"maus-44925","geometry":{"type":"Point","coordinates":[95.414589,24.85851]},"properties":{"id":"maus-44925","type":"mining-area","name":"Mapped mining area 44925","country":"MMR","source_id":"maus-mining-2022","year":2019,"value":59.14276559102818,"unit":"km²","metric":"Mapped mining land area","original_value":59.14276559102818,"original_unit":"km²","source_row":44925,"estimated":true}},{"type":"Feature","id":"maus-42765","geometry":{"type":"Point","coordinates":[-60.147975,7.398554]},"properties":{"id":"maus-42765","type":"mining-area","name":"Mapped mining area 42765","country":"GUY","source_id":"maus-mining-2022","year":2019,"value":59.13305130654822,"unit":"km²","metric":"Mapped mining land area","original_value":59.13305130654822,"original_unit":"km²","source_row":42765,"estimated":true}},{"type":"Feature","id":"maus-44257","geometry":{"type":"Point","coordinates":[-2.213744,5.255809]},"properties":{"id":"maus-44257","type":"mining-area","name":"Mapped mining area 44257","country":"GHA","source_id":"maus-mining-2022","year":2019,"value":59.103862320640864,"unit":"km²","metric":"Mapped mining land area","original_value":59.103862320640864,"original_unit":"km²","source_row":44257,"estimated":true}},{"type":"Feature","id":"maus-5487","geometry":{"type":"Point","coordinates":[-73.505182,9.5638]},"properties":{"id":"maus-5487","type":"mining-area","name":"Mapped mining area 5487","country":"COL","source_id":"maus-mining-2022","year":2019,"value":58.55743939109051,"unit":"km²","metric":"Mapped mining land area","original_value":58.55743939109051,"original_unit":"km²","source_row":5487,"estimated":true}},{"type":"Feature","id":"maus-20153","geometry":{"type":"Point","coordinates":[-69.052738,-38.8373]},"properties":{"id":"maus-20153","type":"mining-area","name":"Mapped mining area 20153","country":"ARG","source_id":"maus-mining-2022","year":2019,"value":58.01783273001993,"unit":"km²","metric":"Mapped mining land area","original_value":58.01783273001993,"original_unit":"km²","source_row":20153,"estimated":true}},{"type":"Feature","id":"maus-2530","geometry":{"type":"Point","coordinates":[27.951212,-26.7108]},"properties":{"id":"maus-2530","type":"mining-area","name":"Mapped mining area 2530","country":"ZAF","source_id":"maus-mining-2022","year":2019,"value":57.8987948369025,"unit":"km²","metric":"Mapped mining land area","original_value":57.8987948369025,"original_unit":"km²","source_row":2530,"estimated":true}},{"type":"Feature","id":"maus-38626","geometry":{"type":"Point","coordinates":[129.805041,52.843047]},"properties":{"id":"maus-38626","type":"mining-area","name":"Mapped mining area 38626","country":"RUS","source_id":"maus-mining-2022","year":2019,"value":57.871823719860444,"unit":"km²","metric":"Mapped mining land area","original_value":57.871823719860444,"original_unit":"km²","source_row":38626,"estimated":true}},{"type":"Feature","id":"maus-41915","geometry":{"type":"Point","coordinates":[127.145283,54.379572]},"properties":{"id":"maus-41915","type":"mining-area","name":"Mapped mining area 41915","country":"RUS","source_id":"maus-mining-2022","year":2019,"value":57.637525278963345,"unit":"km²","metric":"Mapped mining land area","original_value":57.637525278963345,"original_unit":"km²","source_row":41915,"estimated":true}},{"type":"Feature","id":"maus-18433","geometry":{"type":"Point","coordinates":[119.436195,45.37195]},"properties":{"id":"maus-18433","type":"mining-area","name":"Mapped mining area 18433","country":"CHN","source_id":"maus-mining-2022","year":2019,"value":57.02186766087279,"unit":"km²","metric":"Mapped mining land area","original_value":57.02186766087279,"original_unit":"km²","source_row":18433,"estimated":true}},{"type":"Feature","id":"maus-30941","geometry":{"type":"Point","coordinates":[107.693153,-2.923583]},"properties":{"id":"maus-30941","type":"mining-area","name":"Mapped mining area 30941","country":"IDN","source_id":"maus-mining-2022","year":2019,"value":56.68898126445769,"unit":"km²","metric":"Mapped mining land area","original_value":56.68898126445769,"original_unit":"km²","source_row":30941,"estimated":true}},{"type":"Feature","id":"maus-14332","geometry":{"type":"Point","coordinates":[106.915864,39.3095]},"properties":{"id":"maus-14332","type":"mining-area","name":"Mapped mining area 14332","country":"CHN","source_id":"maus-mining-2022","year":2019,"value":56.57355132576064,"unit":"km²","metric":"Mapped mining land area","original_value":56.57355132576064,"original_unit":"km²","source_row":14332,"estimated":true}},{"type":"Feature","id":"maus-15930","geometry":{"type":"Point","coordinates":[59.53784,58.74015]},"properties":{"id":"maus-15930","type":"mining-area","name":"Mapped mining area 15930","country":"RUS","source_id":"maus-mining-2022","year":2019,"value":56.459273547892415,"unit":"km²","metric":"Mapped mining land area","original_value":56.459273547892415,"original_unit":"km²","source_row":15930,"estimated":true}},{"type":"Feature","id":"maus-3382","geometry":{"type":"Point","coordinates":[-43.270344,-19.6428]},"properties":{"id":"maus-3382","type":"mining-area","name":"Mapped mining area 3382","country":"BRA","source_id":"maus-mining-2022","year":2019,"value":56.415642302702224,"unit":"km²","metric":"Mapped mining land area","original_value":56.415642302702224,"original_unit":"km²","source_row":3382,"estimated":true}},{"type":"Feature","id":"maus-19138","geometry":{"type":"Point","coordinates":[124.588578,56.7028]},"properties":{"id":"maus-19138","type":"mining-area","name":"Mapped mining area 19138","country":"RUS","source_id":"maus-mining-2022","year":2019,"value":56.37264433595109,"unit":"km²","metric":"Mapped mining land area","original_value":56.37264433595109,"original_unit":"km²","source_row":19138,"estimated":true}},{"type":"Feature","id":"maus-43334","geometry":{"type":"Point","coordinates":[114.165096,-1.095866]},"properties":{"id":"maus-43334","type":"mining-area","name":"Mapped mining area 43334","country":"IDN","source_id":"maus-mining-2022","year":2019,"value":56.12255341390812,"unit":"km²","metric":"Mapped mining land area","original_value":56.12255341390812,"original_unit":"km²","source_row":43334,"estimated":true}},{"type":"Feature","id":"maus-18652","geometry":{"type":"Point","coordinates":[-116.762549,53.06255]},"properties":{"id":"maus-18652","type":"mining-area","name":"Mapped mining area 18652","country":"CAN","source_id":"maus-mining-2022","year":2019,"value":55.59126940867638,"unit":"km²","metric":"Mapped mining land area","original_value":55.59126940867638,"original_unit":"km²","source_row":18652,"estimated":true}},{"type":"Feature","id":"maus-36832","geometry":{"type":"Point","coordinates":[-62.821383,8.28038]},"properties":{"id":"maus-36832","type":"mining-area","name":"Mapped mining area 36832","country":"VEN","source_id":"maus-mining-2022","year":2019,"value":55.47169839293141,"unit":"km²","metric":"Mapped mining land area","original_value":55.47169839293141,"original_unit":"km²","source_row":36832,"estimated":true}},{"type":"Feature","id":"maus-43929","geometry":{"type":"Point","coordinates":[117.35886,0.142015]},"properties":{"id":"maus-43929","type":"mining-area","name":"Mapped mining area 43929","country":"IDN","source_id":"maus-mining-2022","year":2019,"value":55.31973364047126,"unit":"km²","metric":"Mapped mining land area","original_value":55.31973364047126,"original_unit":"km²","source_row":43929,"estimated":true}},{"type":"Feature","id":"maus-710","geometry":{"type":"Point","coordinates":[148.573443,-22.9532]},"properties":{"id":"maus-710","type":"mining-area","name":"Mapped mining area 710","country":"AUS","source_id":"maus-mining-2022","year":2019,"value":55.31367075834513,"unit":"km²","metric":"Mapped mining land area","original_value":55.31367075834513,"original_unit":"km²","source_row":710,"estimated":true}},{"type":"Feature","id":"maus-674","geometry":{"type":"Point","coordinates":[138.408099,-30.49265]},"properties":{"id":"maus-674","type":"mining-area","name":"Mapped mining area 674","country":"AUS","source_id":"maus-mining-2022","year":2019,"value":54.96044635527966,"unit":"km²","metric":"Mapped mining land area","original_value":54.96044635527966,"original_unit":"km²","source_row":674,"estimated":true}},{"type":"Feature","id":"maus-19565","geometry":{"type":"Point","coordinates":[106.630224,39.5164]},"properties":{"id":"maus-19565","type":"mining-area","name":"Mapped mining area 19565","country":"CHN","source_id":"maus-mining-2022","year":2019,"value":54.645996683551516,"unit":"km²","metric":"Mapped mining land area","original_value":54.645996683551516,"original_unit":"km²","source_row":19565,"estimated":true}},{"type":"Feature","id":"maus-2648","geometry":{"type":"Point","coordinates":[16.980444,-29.36985]},"properties":{"id":"maus-2648","type":"mining-area","name":"Mapped mining area 2648","country":"ZAF","source_id":"maus-mining-2022","year":2019,"value":54.6299040341423,"unit":"km²","metric":"Mapped mining land area","original_value":54.6299040341423,"original_unit":"km²","source_row":2648,"estimated":true}},{"type":"Feature","id":"maus-44445","geometry":{"type":"Point","coordinates":[-81.053799,46.495438]},"properties":{"id":"maus-44445","type":"mining-area","name":"Mapped mining area 44445","country":"CAN","source_id":"maus-mining-2022","year":2019,"value":54.51434859867344,"unit":"km²","metric":"Mapped mining land area","original_value":54.51434859867344,"original_unit":"km²","source_row":44445,"estimated":true}},{"type":"Feature","id":"maus-13217","geometry":{"type":"Point","coordinates":[61.258171,52.15235]},"properties":{"id":"maus-13217","type":"mining-area","name":"Mapped mining area 13217","country":"KAZ","source_id":"maus-mining-2022","year":2019,"value":54.34346049206127,"unit":"km²","metric":"Mapped mining land area","original_value":54.34346049206127,"original_unit":"km²","source_row":13217,"estimated":true}},{"type":"Feature","id":"maus-41887","geometry":{"type":"Point","coordinates":[126.312232,54.425751]},"properties":{"id":"maus-41887","type":"mining-area","name":"Mapped mining area 41887","country":"RUS","source_id":"maus-mining-2022","year":2019,"value":54.17156772336114,"unit":"km²","metric":"Mapped mining land area","original_value":54.17156772336114,"original_unit":"km²","source_row":41887,"estimated":true}},{"type":"Feature","id":"maus-14022","geometry":{"type":"Point","coordinates":[-67.351604,52.7784]},"properties":{"id":"maus-14022","type":"mining-area","name":"Mapped mining area 14022","country":"CAN","source_id":"maus-mining-2022","year":2019,"value":54.07418017991924,"unit":"km²","metric":"Mapped mining land area","original_value":54.07418017991924,"original_unit":"km²","source_row":14022,"estimated":true}},{"type":"Feature","id":"maus-44718","geometry":{"type":"Point","coordinates":[-58.548571,-9.134342]},"properties":{"id":"maus-44718","type":"mining-area","name":"Mapped mining area 44718","country":"BRA","source_id":"maus-mining-2022","year":2019,"value":53.82223485029312,"unit":"km²","metric":"Mapped mining land area","original_value":53.82223485029312,"original_unit":"km²","source_row":44718,"estimated":true}},{"type":"Feature","id":"maus-44129","geometry":{"type":"Point","coordinates":[-55.984015,-6.242388]},"properties":{"id":"maus-44129","type":"mining-area","name":"Mapped mining area 44129","country":"BRA","source_id":"maus-mining-2022","year":2019,"value":53.42342594830438,"unit":"km²","metric":"Mapped mining land area","original_value":53.42342594830438,"original_unit":"km²","source_row":44129,"estimated":true}},{"type":"Feature","id":"maus-26781","geometry":{"type":"Point","coordinates":[-69.600954,-23.080284]},"properties":{"id":"maus-26781","type":"mining-area","name":"Mapped mining area 26781","country":"CHL","source_id":"maus-mining-2022","year":2019,"value":53.23141049854868,"unit":"km²","metric":"Mapped mining land area","original_value":53.23141049854868,"original_unit":"km²","source_row":26781,"estimated":true}},{"type":"Feature","id":"maus-7654","geometry":{"type":"Point","coordinates":[27.556235,39.112]},"properties":{"id":"maus-7654","type":"mining-area","name":"Mapped mining area 7654","country":"TUR","source_id":"maus-mining-2022","year":2019,"value":53.04735770503368,"unit":"km²","metric":"Mapped mining land area","original_value":53.04735770503368,"original_unit":"km²","source_row":7654,"estimated":true}},{"type":"Feature","id":"maus-706","geometry":{"type":"Point","coordinates":[148.363991,-23.18435]},"properties":{"id":"maus-706","type":"mining-area","name":"Mapped mining area 706","country":"AUS","source_id":"maus-mining-2022","year":2019,"value":52.458834919476075,"unit":"km²","metric":"Mapped mining land area","original_value":52.458834919476075,"original_unit":"km²","source_row":706,"estimated":true}},{"type":"Feature","id":"maus-44132","geometry":{"type":"Point","coordinates":[115.311474,-3.723457]},"properties":{"id":"maus-44132","type":"mining-area","name":"Mapped mining area 44132","country":"IDN","source_id":"maus-mining-2022","year":2019,"value":52.4555762198175,"unit":"km²","metric":"Mapped mining land area","original_value":52.4555762198175,"original_unit":"km²","source_row":44132,"estimated":true}},{"type":"Feature","id":"maus-30735","geometry":{"type":"Point","coordinates":[115.698187,-0.740183]},"properties":{"id":"maus-30735","type":"mining-area","name":"Mapped mining area 30735","country":"IDN","source_id":"maus-mining-2022","year":2019,"value":52.348150052623474,"unit":"km²","metric":"Mapped mining land area","original_value":52.348150052623474,"original_unit":"km²","source_row":30735,"estimated":true}},{"type":"Feature","id":"maus-42466","geometry":{"type":"Point","coordinates":[-58.784114,4.953574]},"properties":{"id":"maus-42466","type":"mining-area","name":"Mapped mining area 42466","country":"GUY","source_id":"maus-mining-2022","year":2019,"value":52.27862318282729,"unit":"km²","metric":"Mapped mining land area","original_value":52.27862318282729,"original_unit":"km²","source_row":42466,"estimated":true}},{"type":"Feature","id":"maus-38719","geometry":{"type":"Point","coordinates":[149.771954,62.87242]},"properties":{"id":"maus-38719","type":"mining-area","name":"Mapped mining area 38719","country":"RUS","source_id":"maus-mining-2022","year":2019,"value":52.23681097985246,"unit":"km²","metric":"Mapped mining land area","original_value":52.23681097985246,"original_unit":"km²","source_row":38719,"estimated":true}},{"type":"Feature","id":"maus-41421","geometry":{"type":"Point","coordinates":[-57.066449,-5.715439]},"properties":{"id":"maus-41421","type":"mining-area","name":"Mapped mining area 41421","country":"BRA","source_id":"maus-mining-2022","year":2019,"value":52.07077025267742,"unit":"km²","metric":"Mapped mining land area","original_value":52.07077025267742,"original_unit":"km²","source_row":41421,"estimated":true}},{"type":"Feature","id":"maus-43846","geometry":{"type":"Point","coordinates":[95.246386,24.848125]},"properties":{"id":"maus-43846","type":"mining-area","name":"Mapped mining area 43846","country":"MMR","source_id":"maus-mining-2022","year":2019,"value":52.01092661775691,"unit":"km²","metric":"Mapped mining land area","original_value":52.01092661775691,"original_unit":"km²","source_row":43846,"estimated":true}},{"type":"Feature","id":"maus-7524","geometry":{"type":"Point","coordinates":[60.389499,34.4426]},"properties":{"id":"maus-7524","type":"mining-area","name":"Mapped mining area 7524","country":"IRN","source_id":"maus-mining-2022","year":2019,"value":51.86675971957389,"unit":"km²","metric":"Mapped mining land area","original_value":51.86675971957389,"original_unit":"km²","source_row":7524,"estimated":true}},{"type":"Feature","id":"maus-7821","geometry":{"type":"Point","coordinates":[29.438332,39.6619]},"properties":{"id":"maus-7821","type":"mining-area","name":"Mapped mining area 7821","country":"TUR","source_id":"maus-mining-2022","year":2019,"value":51.866347564640314,"unit":"km²","metric":"Mapped mining land area","original_value":51.866347564640314,"original_unit":"km²","source_row":7821,"estimated":true}},{"type":"Feature","id":"maus-44554","geometry":{"type":"Point","coordinates":[104.539177,48.39285]},"properties":{"id":"maus-44554","type":"mining-area","name":"Mapped mining area 44554","country":"MNG","source_id":"maus-mining-2022","year":2019,"value":51.732029351664906,"unit":"km²","metric":"Mapped mining land area","original_value":51.732029351664906,"original_unit":"km²","source_row":44554,"estimated":true}},{"type":"Feature","id":"maus-33941","geometry":{"type":"Point","coordinates":[39.921339,31.507581]},"properties":{"id":"maus-33941","type":"mining-area","name":"Mapped mining area 33941","country":"SAU","source_id":"maus-mining-2022","year":2019,"value":51.65121874024074,"unit":"km²","metric":"Mapped mining land area","original_value":51.65121874024074,"original_unit":"km²","source_row":33941,"estimated":true}},{"type":"Feature","id":"maus-19522","geometry":{"type":"Point","coordinates":[116.215178,44.0575]},"properties":{"id":"maus-19522","type":"mining-area","name":"Mapped mining area 19522","country":"CHN","source_id":"maus-mining-2022","year":2019,"value":51.63515652426459,"unit":"km²","metric":"Mapped mining land area","original_value":51.63515652426459,"original_unit":"km²","source_row":19522,"estimated":true}},{"type":"Feature","id":"maus-7301","geometry":{"type":"Point","coordinates":[-101.702753,24.63725]},"properties":{"id":"maus-7301","type":"mining-area","name":"Mapped mining area 7301","country":"MEX","source_id":"maus-mining-2022","year":2019,"value":51.58646616263059,"unit":"km²","metric":"Mapped mining land area","original_value":51.58646616263059,"original_unit":"km²","source_row":7301,"estimated":true}},{"type":"Feature","id":"maus-22713","geometry":{"type":"Point","coordinates":[119.552512,-23.139903]},"properties":{"id":"maus-22713","type":"mining-area","name":"Mapped mining area 22713","country":"AUS","source_id":"maus-mining-2022","year":2019,"value":51.47839239690838,"unit":"km²","metric":"Mapped mining land area","original_value":51.47839239690838,"original_unit":"km²","source_row":22713,"estimated":true}},{"type":"Feature","id":"maus-7591","geometry":{"type":"Point","coordinates":[-82.83556,30.4505]},"properties":{"id":"maus-7591","type":"mining-area","name":"Mapped mining area 7591","country":"USA","source_id":"maus-mining-2022","year":2019,"value":51.3530429911113,"unit":"km²","metric":"Mapped mining land area","original_value":51.3530429911113,"original_unit":"km²","source_row":7591,"estimated":true}},{"type":"Feature","id":"maus-18238","geometry":{"type":"Point","coordinates":[119.57234,45.47735]},"properties":{"id":"maus-18238","type":"mining-area","name":"Mapped mining area 18238","country":"CHN","source_id":"maus-mining-2022","year":2019,"value":50.92412801511254,"unit":"km²","metric":"Mapped mining land area","original_value":50.92412801511254,"original_unit":"km²","source_row":18238,"estimated":true}},{"type":"Feature","id":"maus-43322","geometry":{"type":"Point","coordinates":[113.559407,-1.687859]},"properties":{"id":"maus-43322","type":"mining-area","name":"Mapped mining area 43322","country":"IDN","source_id":"maus-mining-2022","year":2019,"value":50.91262374057412,"unit":"km²","metric":"Mapped mining land area","original_value":50.91262374057412,"original_unit":"km²","source_row":43322,"estimated":true}},{"type":"Feature","id":"maus-2347","geometry":{"type":"Point","coordinates":[-68.814139,-23.4327]},"properties":{"id":"maus-2347","type":"mining-area","name":"Mapped mining area 2347","country":"CHL","source_id":"maus-mining-2022","year":2019,"value":50.779837520206044,"unit":"km²","metric":"Mapped mining land area","original_value":50.779837520206044,"original_unit":"km²","source_row":2347,"estimated":true}},{"type":"Feature","id":"maus-6161","geometry":{"type":"Point","coordinates":[115.704571,-0.5432]},"properties":{"id":"maus-6161","type":"mining-area","name":"Mapped mining area 6161","country":"IDN","source_id":"maus-mining-2022","year":2019,"value":50.60133648233445,"unit":"km²","metric":"Mapped mining land area","original_value":50.60133648233445,"original_unit":"km²","source_row":6161,"estimated":true}},{"type":"Feature","id":"maus-44927","geometry":{"type":"Point","coordinates":[95.113383,22.970517]},"properties":{"id":"maus-44927","type":"mining-area","name":"Mapped mining area 44927","country":"MMR","source_id":"maus-mining-2022","year":2019,"value":50.3780495847624,"unit":"km²","metric":"Mapped mining land area","original_value":50.3780495847624,"original_unit":"km²","source_row":44927,"estimated":true}},{"type":"Feature","id":"maus-3323","geometry":{"type":"Point","coordinates":[-43.471737,-20.19995]},"properties":{"id":"maus-3323","type":"mining-area","name":"Mapped mining area 3323","country":"BRA","source_id":"maus-mining-2022","year":2019,"value":50.23570824544338,"unit":"km²","metric":"Mapped mining land area","original_value":50.23570824544338,"original_unit":"km²","source_row":3323,"estimated":true}},{"type":"Feature","id":"maus-1738","geometry":{"type":"Point","coordinates":[119.668212,-23.3659]},"properties":{"id":"maus-1738","type":"mining-area","name":"Mapped mining area 1738","country":"AUS","source_id":"maus-mining-2022","year":2019,"value":50.21136277365039,"unit":"km²","metric":"Mapped mining land area","original_value":50.21136277365039,"original_unit":"km²","source_row":1738,"estimated":true}},{"type":"Feature","id":"maus-44620","geometry":{"type":"Point","coordinates":[112.315222,66.396078]},"properties":{"id":"maus-44620","type":"mining-area","name":"Mapped mining area 44620","country":"RUS","source_id":"maus-mining-2022","year":2019,"value":50.2065843984533,"unit":"km²","metric":"Mapped mining land area","original_value":50.2065843984533,"original_unit":"km²","source_row":44620,"estimated":true}},{"type":"Feature","id":"maus-14407","geometry":{"type":"Point","coordinates":[-87.628248,46.45195]},"properties":{"id":"maus-14407","type":"mining-area","name":"Mapped mining area 14407","country":"USA","source_id":"maus-mining-2022","year":2019,"value":50.13868696267283,"unit":"km²","metric":"Mapped mining land area","original_value":50.13868696267283,"original_unit":"km²","source_row":14407,"estimated":true}},{"type":"Feature","id":"maus-41422","geometry":{"type":"Point","coordinates":[-56.895254,-5.731135]},"properties":{"id":"maus-41422","type":"mining-area","name":"Mapped mining area 41422","country":"BRA","source_id":"maus-mining-2022","year":2019,"value":49.9613652447101,"unit":"km²","metric":"Mapped mining land area","original_value":49.9613652447101,"original_unit":"km²","source_row":41422,"estimated":true}},{"type":"Feature","id":"maus-44849","geometry":{"type":"Point","coordinates":[-6.686781,32.66166]},"properties":{"id":"maus-44849","type":"mining-area","name":"Mapped mining area 44849","country":"MAR","source_id":"maus-mining-2022","year":2019,"value":49.74852978831588,"unit":"km²","metric":"Mapped mining land area","original_value":49.74852978831588,"original_unit":"km²","source_row":44849,"estimated":true}},{"type":"Feature","id":"maus-44112","geometry":{"type":"Point","coordinates":[-46.885661,-17.168536]},"properties":{"id":"maus-44112","type":"mining-area","name":"Mapped mining area 44112","country":"BRA","source_id":"maus-mining-2022","year":2019,"value":49.61768564817419,"unit":"km²","metric":"Mapped mining land area","original_value":49.61768564817419,"original_unit":"km²","source_row":44112,"estimated":true}},{"type":"Feature","id":"maus-3210","geometry":{"type":"Point","coordinates":[25.692676,-21.51425]},"properties":{"id":"maus-3210","type":"mining-area","name":"Mapped mining area 3210","country":"BWA","source_id":"maus-mining-2022","year":2019,"value":49.55008420882622,"unit":"km²","metric":"Mapped mining land area","original_value":49.55008420882622,"original_unit":"km²","source_row":3210,"estimated":true}},{"type":"Feature","id":"maus-44198","geometry":{"type":"Point","coordinates":[117.313508,-0.495436]},"properties":{"id":"maus-44198","type":"mining-area","name":"Mapped mining area 44198","country":"IDN","source_id":"maus-mining-2022","year":2019,"value":49.53918931653934,"unit":"km²","metric":"Mapped mining land area","original_value":49.53918931653934,"original_unit":"km²","source_row":44198,"estimated":true}},{"type":"Feature","id":"maus-44552","geometry":{"type":"Point","coordinates":[-103.009884,49.0775]},"properties":{"id":"maus-44552","type":"mining-area","name":"Mapped mining area 44552","country":"CAN","source_id":"maus-mining-2022","year":2019,"value":49.507173191504556,"unit":"km²","metric":"Mapped mining land area","original_value":49.507173191504556,"original_unit":"km²","source_row":44552,"estimated":true}},{"type":"Feature","id":"maus-734","geometry":{"type":"Point","coordinates":[148.386582,-21.4921]},"properties":{"id":"maus-734","type":"mining-area","name":"Mapped mining area 734","country":"AUS","source_id":"maus-mining-2022","year":2019,"value":49.48322321692666,"unit":"km²","metric":"Mapped mining land area","original_value":49.48322321692666,"original_unit":"km²","source_row":734,"estimated":true}},{"type":"Feature","id":"maus-18503","geometry":{"type":"Point","coordinates":[-114.591024,53.49555]},"properties":{"id":"maus-18503","type":"mining-area","name":"Mapped mining area 18503","country":"CAN","source_id":"maus-mining-2022","year":2019,"value":49.45052535665392,"unit":"km²","metric":"Mapped mining land area","original_value":49.45052535665392,"original_unit":"km²","source_row":18503,"estimated":true}},{"type":"Feature","id":"maus-6806","geometry":{"type":"Point","coordinates":[36.043617,30.8055]},"properties":{"id":"maus-6806","type":"mining-area","name":"Mapped mining area 6806","country":"JOR","source_id":"maus-mining-2022","year":2019,"value":49.410681306662006,"unit":"km²","metric":"Mapped mining land area","original_value":49.410681306662006,"original_unit":"km²","source_row":6806,"estimated":true}},{"type":"Feature","id":"maus-42362","geometry":{"type":"Point","coordinates":[-55.596401,4.836167]},"properties":{"id":"maus-42362","type":"mining-area","name":"Mapped mining area 42362","country":"SUR","source_id":"maus-mining-2022","year":2019,"value":49.40554010176006,"unit":"km²","metric":"Mapped mining land area","original_value":49.40554010176006,"original_unit":"km²","source_row":42362,"estimated":true}},{"type":"Feature","id":"maus-11121","geometry":{"type":"Point","coordinates":[33.666465,49.0628]},"properties":{"id":"maus-11121","type":"mining-area","name":"Mapped mining area 11121","country":"UKR","source_id":"maus-mining-2022","year":2019,"value":49.29703140339966,"unit":"km²","metric":"Mapped mining land area","original_value":49.29703140339966,"original_unit":"km²","source_row":11121,"estimated":true}},{"type":"Feature","id":"maus-35139","geometry":{"type":"Point","coordinates":[-68.107677,-15.325033]},"properties":{"id":"maus-35139","type":"mining-area","name":"Mapped mining area 35139","country":"BOL","source_id":"maus-mining-2022","year":2019,"value":48.83699731373107,"unit":"km²","metric":"Mapped mining land area","original_value":48.83699731373107,"original_unit":"km²","source_row":35139,"estimated":true}},{"type":"Feature","id":"maus-5558","geometry":{"type":"Point","coordinates":[79.464854,11.5079]},"properties":{"id":"maus-5558","type":"mining-area","name":"Mapped mining area 5558","country":"IND","source_id":"maus-mining-2022","year":2019,"value":48.71556423511457,"unit":"km²","metric":"Mapped mining land area","original_value":48.71556423511457,"original_unit":"km²","source_row":5558,"estimated":true}},{"type":"Feature","id":"maus-22462","geometry":{"type":"Point","coordinates":[117.346393,-22.42531]},"properties":{"id":"maus-22462","type":"mining-area","name":"Mapped mining area 22462","country":"AUS","source_id":"maus-mining-2022","year":2019,"value":47.92666942255874,"unit":"km²","metric":"Mapped mining land area","original_value":47.92666942255874,"original_unit":"km²","source_row":22462,"estimated":true}},{"type":"Feature","id":"maus-44156","geometry":{"type":"Point","coordinates":[115.248229,-2.915746]},"properties":{"id":"maus-44156","type":"mining-area","name":"Mapped mining area 44156","country":"IDN","source_id":"maus-mining-2022","year":2019,"value":47.780809806400846,"unit":"km²","metric":"Mapped mining land area","original_value":47.780809806400846,"original_unit":"km²","source_row":44156,"estimated":true}},{"type":"Feature","id":"maus-42741","geometry":{"type":"Point","coordinates":[-60.496858,7.887376]},"properties":{"id":"maus-42741","type":"mining-area","name":"Mapped mining area 42741","country":"VEN","source_id":"maus-mining-2022","year":2019,"value":47.73107575461698,"unit":"km²","metric":"Mapped mining land area","original_value":47.73107575461698,"original_unit":"km²","source_row":42741,"estimated":true}},{"type":"Feature","id":"maus-13723","geometry":{"type":"Point","coordinates":[73.408985,50.24865]},"properties":{"id":"maus-13723","type":"mining-area","name":"Mapped mining area 13723","country":"KAZ","source_id":"maus-mining-2022","year":2019,"value":47.658967124336826,"unit":"km²","metric":"Mapped mining land area","original_value":47.658967124336826,"original_unit":"km²","source_row":13723,"estimated":true}},{"type":"Feature","id":"maus-16901","geometry":{"type":"Point","coordinates":[30.403325,67.5472]},"properties":{"id":"maus-16901","type":"mining-area","name":"Mapped mining area 16901","country":"RUS","source_id":"maus-mining-2022","year":2019,"value":47.434289839056746,"unit":"km²","metric":"Mapped mining land area","original_value":47.434289839056746,"original_unit":"km²","source_row":16901,"estimated":true}},{"type":"Feature","id":"maus-3381","geometry":{"type":"Point","coordinates":[-70.596951,-17.26565]},"properties":{"id":"maus-3381","type":"mining-area","name":"Mapped mining area 3381","country":"PER","source_id":"maus-mining-2022","year":2019,"value":47.32121977487716,"unit":"km²","metric":"Mapped mining land area","original_value":47.32121977487716,"original_unit":"km²","source_row":3381,"estimated":true}},{"type":"Feature","id":"maus-44724","geometry":{"type":"Point","coordinates":[-139.379673,63.777445]},"properties":{"id":"maus-44724","type":"mining-area","name":"Mapped mining area 44724","country":"CAN","source_id":"maus-mining-2022","year":2019,"value":47.164298632695626,"unit":"km²","metric":"Mapped mining land area","original_value":47.164298632695626,"original_unit":"km²","source_row":44724,"estimated":true}},{"type":"Feature","id":"maus-44376","geometry":{"type":"Point","coordinates":[-81.753951,27.6453]},"properties":{"id":"maus-44376","type":"mining-area","name":"Mapped mining area 44376","country":"USA","source_id":"maus-mining-2022","year":2019,"value":47.09941789920681,"unit":"km²","metric":"Mapped mining land area","original_value":47.09941789920681,"original_unit":"km²","source_row":44376,"estimated":true}},{"type":"Feature","id":"maus-44910","geometry":{"type":"Point","coordinates":[-59.238237,6.651207]},"properties":{"id":"maus-44910","type":"mining-area","name":"Mapped mining area 44910","country":"GUY","source_id":"maus-mining-2022","year":2019,"value":47.09087254927175,"unit":"km²","metric":"Mapped mining land area","original_value":47.09087254927175,"original_unit":"km²","source_row":44910,"estimated":true}},{"type":"Feature","id":"maus-42018","geometry":{"type":"Point","coordinates":[113.580486,54.493239]},"properties":{"id":"maus-42018","type":"mining-area","name":"Mapped mining area 42018","country":"RUS","source_id":"maus-mining-2022","year":2019,"value":47.07811761202911,"unit":"km²","metric":"Mapped mining land area","original_value":47.07811761202911,"original_unit":"km²","source_row":42018,"estimated":true}},{"type":"Feature","id":"maus-44121","geometry":{"type":"Point","coordinates":[20.282019,-9.382865]},"properties":{"id":"maus-44121","type":"mining-area","name":"Mapped mining area 44121","country":"AGO","source_id":"maus-mining-2022","year":2019,"value":47.00784504736944,"unit":"km²","metric":"Mapped mining land area","original_value":47.00784504736944,"original_unit":"km²","source_row":44121,"estimated":true}},{"type":"Feature","id":"maus-44352","geometry":{"type":"Point","coordinates":[85.133765,20.95645]},"properties":{"id":"maus-44352","type":"mining-area","name":"Mapped mining area 44352","country":"IND","source_id":"maus-mining-2022","year":2019,"value":46.922343045588846,"unit":"km²","metric":"Mapped mining land area","original_value":46.922343045588846,"original_unit":"km²","source_row":44352,"estimated":true}},{"type":"Feature","id":"maus-44571","geometry":{"type":"Point","coordinates":[92.878078,60.402348]},"properties":{"id":"maus-44571","type":"mining-area","name":"Mapped mining area 44571","country":"RUS","source_id":"maus-mining-2022","year":2019,"value":46.90490134900995,"unit":"km²","metric":"Mapped mining land area","original_value":46.90490134900995,"original_unit":"km²","source_row":44571,"estimated":true}},{"type":"Feature","id":"maus-42816","geometry":{"type":"Point","coordinates":[-62.406602,6.650632]},"properties":{"id":"maus-42816","type":"mining-area","name":"Mapped mining area 42816","country":"VEN","source_id":"maus-mining-2022","year":2019,"value":46.80315310624627,"unit":"km²","metric":"Mapped mining land area","original_value":46.80315310624627,"original_unit":"km²","source_row":42816,"estimated":true}},{"type":"Feature","id":"maus-7066","geometry":{"type":"Point","coordinates":[55.457468,31.67615]},"properties":{"id":"maus-7066","type":"mining-area","name":"Mapped mining area 7066","country":"IRN","source_id":"maus-mining-2022","year":2019,"value":46.69969592424198,"unit":"km²","metric":"Mapped mining land area","original_value":46.69969592424198,"original_unit":"km²","source_row":7066,"estimated":true}},{"type":"Feature","id":"maus-44070","geometry":{"type":"Point","coordinates":[24.643058,-28.346042]},"properties":{"id":"maus-44070","type":"mining-area","name":"Mapped mining area 44070","country":"ZAF","source_id":"maus-mining-2022","year":2019,"value":46.69440942335826,"unit":"km²","metric":"Mapped mining land area","original_value":46.69440942335826,"original_unit":"km²","source_row":44070,"estimated":true}},{"type":"Feature","id":"maus-5560","geometry":{"type":"Point","coordinates":[79.508756,11.57055]},"properties":{"id":"maus-5560","type":"mining-area","name":"Mapped mining area 5560","country":"IND","source_id":"maus-mining-2022","year":2019,"value":46.35427103903954,"unit":"km²","metric":"Mapped mining land area","original_value":46.35427103903954,"original_unit":"km²","source_row":5560,"estimated":true}},{"type":"Feature","id":"maus-14767","geometry":{"type":"Point","coordinates":[110.161744,38.6911]},"properties":{"id":"maus-14767","type":"mining-area","name":"Mapped mining area 14767","country":"CHN","source_id":"maus-mining-2022","year":2019,"value":46.27717583117299,"unit":"km²","metric":"Mapped mining land area","original_value":46.27717583117299,"original_unit":"km²","source_row":14767,"estimated":true}},{"type":"Feature","id":"maus-7144","geometry":{"type":"Point","coordinates":[-81.915183,27.5653]},"properties":{"id":"maus-7144","type":"mining-area","name":"Mapped mining area 7144","country":"USA","source_id":"maus-mining-2022","year":2019,"value":46.2037087218536,"unit":"km²","metric":"Mapped mining land area","original_value":46.2037087218536,"original_unit":"km²","source_row":7144,"estimated":true}},{"type":"Feature","id":"maus-26695","geometry":{"type":"Point","coordinates":[-69.865834,-20.404932]},"properties":{"id":"maus-26695","type":"mining-area","name":"Mapped mining area 26695","country":"CHL","source_id":"maus-mining-2022","year":2019,"value":46.17493498444036,"unit":"km²","metric":"Mapped mining land area","original_value":46.17493498444036,"original_unit":"km²","source_row":26695,"estimated":true}},{"type":"Feature","id":"maus-1882","geometry":{"type":"Point","coordinates":[119.245131,-22.7873]},"properties":{"id":"maus-1882","type":"mining-area","name":"Mapped mining area 1882","country":"AUS","source_id":"maus-mining-2022","year":2019,"value":46.06545798685283,"unit":"km²","metric":"Mapped mining land area","original_value":46.06545798685283,"original_unit":"km²","source_row":1882,"estimated":true}},{"type":"Feature","id":"maus-44600","geometry":{"type":"Point","coordinates":[-122.27764,52.531712]},"properties":{"id":"maus-44600","type":"mining-area","name":"Mapped mining area 44600","country":"CAN","source_id":"maus-mining-2022","year":2019,"value":46.05325490545329,"unit":"km²","metric":"Mapped mining land area","original_value":46.05325490545329,"original_unit":"km²","source_row":44600,"estimated":true}},{"type":"Feature","id":"maus-43987","geometry":{"type":"Point","coordinates":[151.001197,-32.44544]},"properties":{"id":"maus-43987","type":"mining-area","name":"Mapped mining area 43987","country":"AUS","source_id":"maus-mining-2022","year":2019,"value":46.003957932230406,"unit":"km²","metric":"Mapped mining land area","original_value":46.003957932230406,"original_unit":"km²","source_row":43987,"estimated":true}},{"type":"Feature","id":"maus-11963","geometry":{"type":"Point","coordinates":[-111.043955,31.9936]},"properties":{"id":"maus-11963","type":"mining-area","name":"Mapped mining area 11963","country":"USA","source_id":"maus-mining-2022","year":2019,"value":45.93977074089354,"unit":"km²","metric":"Mapped mining land area","original_value":45.93977074089354,"original_unit":"km²","source_row":11963,"estimated":true}},{"type":"Feature","id":"maus-1233","geometry":{"type":"Point","coordinates":[-68.300565,-48.4033]},"properties":{"id":"maus-1233","type":"mining-area","name":"Mapped mining area 1233","country":"ARG","source_id":"maus-mining-2022","year":2019,"value":45.913168094039115,"unit":"km²","metric":"Mapped mining land area","original_value":45.913168094039115,"original_unit":"km²","source_row":1233,"estimated":true}},{"type":"Feature","id":"maus-10013","geometry":{"type":"Point","coordinates":[33.552427,48.17455]},"properties":{"id":"maus-10013","type":"mining-area","name":"Mapped mining area 10013","country":"UKR","source_id":"maus-mining-2022","year":2019,"value":45.75138753971193,"unit":"km²","metric":"Mapped mining land area","original_value":45.75138753971193,"original_unit":"km²","source_row":10013,"estimated":true}},{"type":"Feature","id":"maus-1385","geometry":{"type":"Point","coordinates":[121.885024,-28.7873]},"properties":{"id":"maus-1385","type":"mining-area","name":"Mapped mining area 1385","country":"AUS","source_id":"maus-mining-2022","year":2019,"value":45.54022136097621,"unit":"km²","metric":"Mapped mining land area","original_value":45.54022136097621,"original_unit":"km²","source_row":1385,"estimated":true}},{"type":"Feature","id":"maus-44838","geometry":{"type":"Point","coordinates":[63.896537,42.26721]},"properties":{"id":"maus-44838","type":"mining-area","name":"Mapped mining area 44838","country":"UZB","source_id":"maus-mining-2022","year":2019,"value":45.44946229640815,"unit":"km²","metric":"Mapped mining land area","original_value":45.44946229640815,"original_unit":"km²","source_row":44838,"estimated":true}},{"type":"Feature","id":"maus-5748","geometry":{"type":"Point","coordinates":[76.669187,15.1753]},"properties":{"id":"maus-5748","type":"mining-area","name":"Mapped mining area 5748","country":"IND","source_id":"maus-mining-2022","year":2019,"value":45.312977920740266,"unit":"km²","metric":"Mapped mining land area","original_value":45.312977920740266,"original_unit":"km²","source_row":5748,"estimated":true}},{"type":"Feature","id":"maus-16203","geometry":{"type":"Point","coordinates":[-105.272685,43.57265]},"properties":{"id":"maus-16203","type":"mining-area","name":"Mapped mining area 16203","country":"USA","source_id":"maus-mining-2022","year":2019,"value":45.270158682400904,"unit":"km²","metric":"Mapped mining land area","original_value":45.270158682400904,"original_unit":"km²","source_row":16203,"estimated":true}},{"type":"Feature","id":"maus-33966","geometry":{"type":"Point","coordinates":[15.435934,51.450797]},"properties":{"id":"maus-33966","type":"mining-area","name":"Mapped mining area 33966","country":"POL","source_id":"maus-mining-2022","year":2019,"value":45.15869109928835,"unit":"km²","metric":"Mapped mining land area","original_value":45.15869109928835,"original_unit":"km²","source_row":33966,"estimated":true}},{"type":"Feature","id":"maus-24142","geometry":{"type":"Point","coordinates":[-52.155236,-6.273569]},"properties":{"id":"maus-24142","type":"mining-area","name":"Mapped mining area 24142","country":"BRA","source_id":"maus-mining-2022","year":2019,"value":44.97926148234944,"unit":"km²","metric":"Mapped mining land area","original_value":44.97926148234944,"original_unit":"km²","source_row":24142,"estimated":true}},{"type":"Feature","id":"maus-43332","geometry":{"type":"Point","coordinates":[114.463188,-1.804446]},"properties":{"id":"maus-43332","type":"mining-area","name":"Mapped mining area 43332","country":"IDN","source_id":"maus-mining-2022","year":2019,"value":44.91471190326892,"unit":"km²","metric":"Mapped mining land area","original_value":44.91471190326892,"original_unit":"km²","source_row":43332,"estimated":true}},{"type":"Feature","id":"maus-747","geometry":{"type":"Point","coordinates":[147.898883,-21.21235]},"properties":{"id":"maus-747","type":"mining-area","name":"Mapped mining area 747","country":"AUS","source_id":"maus-mining-2022","year":2019,"value":44.65033211904934,"unit":"km²","metric":"Mapped mining land area","original_value":44.65033211904934,"original_unit":"km²","source_row":747,"estimated":true}},{"type":"Feature","id":"maus-30755","geometry":{"type":"Point","coordinates":[69.690134,43.530069]},"properties":{"id":"maus-30755","type":"mining-area","name":"Mapped mining area 30755","country":"KAZ","source_id":"maus-mining-2022","year":2019,"value":44.53674005368983,"unit":"km²","metric":"Mapped mining land area","original_value":44.53674005368983,"original_unit":"km²","source_row":30755,"estimated":true}},{"type":"Feature","id":"maus-42312","geometry":{"type":"Point","coordinates":[-54.426049,4.19552]},"properties":{"id":"maus-42312","type":"mining-area","name":"Mapped mining area 42312","country":"SUR","source_id":"maus-mining-2022","year":2019,"value":44.35107501012549,"unit":"km²","metric":"Mapped mining land area","original_value":44.35107501012549,"original_unit":"km²","source_row":42312,"estimated":true}},{"type":"Feature","id":"maus-43820","geometry":{"type":"Point","coordinates":[95.243617,25.248901]},"properties":{"id":"maus-43820","type":"mining-area","name":"Mapped mining area 43820","country":"MMR","source_id":"maus-mining-2022","year":2019,"value":44.00031253902628,"unit":"km²","metric":"Mapped mining land area","original_value":44.00031253902628,"original_unit":"km²","source_row":43820,"estimated":true}},{"type":"Feature","id":"maus-652","geometry":{"type":"Point","coordinates":[148.82268,-23.9461]},"properties":{"id":"maus-652","type":"mining-area","name":"Mapped mining area 652","country":"AUS","source_id":"maus-mining-2022","year":2019,"value":43.99502501922821,"unit":"km²","metric":"Mapped mining land area","original_value":43.99502501922821,"original_unit":"km²","source_row":652,"estimated":true}},{"type":"Feature","id":"maus-43221","geometry":{"type":"Point","coordinates":[-0.603318,6.325156]},"properties":{"id":"maus-43221","type":"mining-area","name":"Mapped mining area 43221","country":"GHA","source_id":"maus-mining-2022","year":2019,"value":43.96191523694391,"unit":"km²","metric":"Mapped mining land area","original_value":43.96191523694391,"original_unit":"km²","source_row":43221,"estimated":true}},{"type":"Feature","id":"maus-44742","geometry":{"type":"Point","coordinates":[-59.7741,7.354032]},"properties":{"id":"maus-44742","type":"mining-area","name":"Mapped mining area 44742","country":"GUY","source_id":"maus-mining-2022","year":2019,"value":43.896852271017224,"unit":"km²","metric":"Mapped mining land area","original_value":43.896852271017224,"original_unit":"km²","source_row":44742,"estimated":true}},{"type":"Feature","id":"maus-44594","geometry":{"type":"Point","coordinates":[114.581765,58.170748]},"properties":{"id":"maus-44594","type":"mining-area","name":"Mapped mining area 44594","country":"RUS","source_id":"maus-mining-2022","year":2019,"value":43.780126724431284,"unit":"km²","metric":"Mapped mining land area","original_value":43.780126724431284,"original_unit":"km²","source_row":44594,"estimated":true}},{"type":"Feature","id":"maus-21053","geometry":{"type":"Point","coordinates":[141.649367,-12.943223]},"properties":{"id":"maus-21053","type":"mining-area","name":"Mapped mining area 21053","country":"AUS","source_id":"maus-mining-2022","year":2019,"value":43.77886037833834,"unit":"km²","metric":"Mapped mining land area","original_value":43.77886037833834,"original_unit":"km²","source_row":21053,"estimated":true}},{"type":"Feature","id":"maus-44778","geometry":{"type":"Point","coordinates":[108.025109,-3.128603]},"properties":{"id":"maus-44778","type":"mining-area","name":"Mapped mining area 44778","country":"IDN","source_id":"maus-mining-2022","year":2019,"value":43.66100262693263,"unit":"km²","metric":"Mapped mining land area","original_value":43.66100262693263,"original_unit":"km²","source_row":44778,"estimated":true}},{"type":"Feature","id":"maus-4606","geometry":{"type":"Point","coordinates":[13.26699,-1.5701]},"properties":{"id":"maus-4606","type":"mining-area","name":"Mapped mining area 4606","country":"GAB","source_id":"maus-mining-2022","year":2019,"value":43.644565400558776,"unit":"km²","metric":"Mapped mining land area","original_value":43.644565400558776,"original_unit":"km²","source_row":4606,"estimated":true}},{"type":"Feature","id":"maus-5413","geometry":{"type":"Point","coordinates":[-74.818173,7.566]},"properties":{"id":"maus-5413","type":"mining-area","name":"Mapped mining area 5413","country":"COL","source_id":"maus-mining-2022","year":2019,"value":43.589046788425435,"unit":"km²","metric":"Mapped mining land area","original_value":43.589046788425435,"original_unit":"km²","source_row":5413,"estimated":true}},{"type":"Feature","id":"maus-19862","geometry":{"type":"Point","coordinates":[115.276631,-29.871387]},"properties":{"id":"maus-19862","type":"mining-area","name":"Mapped mining area 19862","country":"AUS","source_id":"maus-mining-2022","year":2019,"value":43.446487232786595,"unit":"km²","metric":"Mapped mining land area","original_value":43.446487232786595,"original_unit":"km²","source_row":19862,"estimated":true}},{"type":"Feature","id":"maus-22332","geometry":{"type":"Point","coordinates":[115.886616,-21.666961]},"properties":{"id":"maus-22332","type":"mining-area","name":"Mapped mining area 22332","country":"AUS","source_id":"maus-mining-2022","year":2019,"value":43.39631678039015,"unit":"km²","metric":"Mapped mining land area","original_value":43.39631678039015,"original_unit":"km²","source_row":22332,"estimated":true}},{"type":"Feature","id":"maus-17163","geometry":{"type":"Point","coordinates":[91.054721,53.72625]},"properties":{"id":"maus-17163","type":"mining-area","name":"Mapped mining area 17163","country":"RUS","source_id":"maus-mining-2022","year":2019,"value":43.394667814863574,"unit":"km²","metric":"Mapped mining land area","original_value":43.394667814863574,"original_unit":"km²","source_row":17163,"estimated":true}},{"type":"Feature","id":"maus-18323","geometry":{"type":"Point","coordinates":[117.731215,49.40925]},"properties":{"id":"maus-18323","type":"mining-area","name":"Mapped mining area 18323","country":"CHN","source_id":"maus-mining-2022","year":2019,"value":43.22357587892393,"unit":"km²","metric":"Mapped mining land area","original_value":43.22357587892393,"original_unit":"km²","source_row":18323,"estimated":true}},{"type":"Feature","id":"maus-533","geometry":{"type":"Point","coordinates":[151.904535,-26.79905]},"properties":{"id":"maus-533","type":"mining-area","name":"Mapped mining area 533","country":"AUS","source_id":"maus-mining-2022","year":2019,"value":43.15737495471651,"unit":"km²","metric":"Mapped mining land area","original_value":43.15737495471651,"original_unit":"km²","source_row":533,"estimated":true}},{"type":"Feature","id":"maus-2679","geometry":{"type":"Point","coordinates":[29.007292,-26.03215]},"properties":{"id":"maus-2679","type":"mining-area","name":"Mapped mining area 2679","country":"ZAF","source_id":"maus-mining-2022","year":2019,"value":43.13731700812941,"unit":"km²","metric":"Mapped mining land area","original_value":43.13731700812941,"original_unit":"km²","source_row":2679,"estimated":true}},{"type":"Feature","id":"maus-41955","geometry":{"type":"Point","coordinates":[127.511376,55.730351]},"properties":{"id":"maus-41955","type":"mining-area","name":"Mapped mining area 41955","country":"RUS","source_id":"maus-mining-2022","year":2019,"value":42.8653611057686,"unit":"km²","metric":"Mapped mining land area","original_value":42.8653611057686,"original_unit":"km²","source_row":41955,"estimated":true}},{"type":"Feature","id":"maus-18005","geometry":{"type":"Point","coordinates":[118.439429,44.81735]},"properties":{"id":"maus-18005","type":"mining-area","name":"Mapped mining area 18005","country":"CHN","source_id":"maus-mining-2022","year":2019,"value":42.862879889252255,"unit":"km²","metric":"Mapped mining land area","original_value":42.862879889252255,"original_unit":"km²","source_row":18005,"estimated":true}},{"type":"Feature","id":"maus-16146","geometry":{"type":"Point","coordinates":[-112.13403,40.52825]},"properties":{"id":"maus-16146","type":"mining-area","name":"Mapped mining area 16146","country":"USA","source_id":"maus-mining-2022","year":2019,"value":42.85898359998436,"unit":"km²","metric":"Mapped mining land area","original_value":42.85898359998436,"original_unit":"km²","source_row":16146,"estimated":true}},{"type":"Feature","id":"maus-2147","geometry":{"type":"Point","coordinates":[17.312709,-30.3266]},"properties":{"id":"maus-2147","type":"mining-area","name":"Mapped mining area 2147","country":"ZAF","source_id":"maus-mining-2022","year":2019,"value":42.85083183818408,"unit":"km²","metric":"Mapped mining land area","original_value":42.85083183818408,"original_unit":"km²","source_row":2147,"estimated":true}},{"type":"Feature","id":"maus-3729","geometry":{"type":"Point","coordinates":[33.788419,-16.1675]},"properties":{"id":"maus-3729","type":"mining-area","name":"Mapped mining area 3729","country":"MOZ","source_id":"maus-mining-2022","year":2019,"value":42.76786200994992,"unit":"km²","metric":"Mapped mining land area","original_value":42.76786200994992,"original_unit":"km²","source_row":3729,"estimated":true}},{"type":"Feature","id":"maus-22044","geometry":{"type":"Point","coordinates":[-95.211014,56.342096]},"properties":{"id":"maus-22044","type":"mining-area","name":"Mapped mining area 22044","country":"CAN","source_id":"maus-mining-2022","year":2019,"value":42.727566526965575,"unit":"km²","metric":"Mapped mining land area","original_value":42.727566526965575,"original_unit":"km²","source_row":22044,"estimated":true}},{"type":"Feature","id":"maus-43828","geometry":{"type":"Point","coordinates":[95.470341,24.928777]},"properties":{"id":"maus-43828","type":"mining-area","name":"Mapped mining area 43828","country":"MMR","source_id":"maus-mining-2022","year":2019,"value":42.55123012066998,"unit":"km²","metric":"Mapped mining land area","original_value":42.55123012066998,"original_unit":"km²","source_row":43828,"estimated":true}},{"type":"Feature","id":"maus-17108","geometry":{"type":"Point","coordinates":[-116.196172,40.77175]},"properties":{"id":"maus-17108","type":"mining-area","name":"Mapped mining area 17108","country":"USA","source_id":"maus-mining-2022","year":2019,"value":42.54871587293038,"unit":"km²","metric":"Mapped mining land area","original_value":42.54871587293038,"original_unit":"km²","source_row":17108,"estimated":true}},{"type":"Feature","id":"maus-13525","geometry":{"type":"Point","coordinates":[-110.390593,36.51635]},"properties":{"id":"maus-13525","type":"mining-area","name":"Mapped mining area 13525","country":"USA","source_id":"maus-mining-2022","year":2019,"value":42.54011134904715,"unit":"km²","metric":"Mapped mining land area","original_value":42.54011134904715,"original_unit":"km²","source_row":13525,"estimated":true}},{"type":"Feature","id":"maus-44293","geometry":{"type":"Point","coordinates":[-1.810895,6.408499]},"properties":{"id":"maus-44293","type":"mining-area","name":"Mapped mining area 44293","country":"GHA","source_id":"maus-mining-2022","year":2019,"value":42.496597403993064,"unit":"km²","metric":"Mapped mining land area","original_value":42.496597403993064,"original_unit":"km²","source_row":44293,"estimated":true}},{"type":"Feature","id":"maus-13049","geometry":{"type":"Point","coordinates":[66.888434,50.19795]},"properties":{"id":"maus-13049","type":"mining-area","name":"Mapped mining area 13049","country":"KAZ","source_id":"maus-mining-2022","year":2019,"value":42.42668145330416,"unit":"km²","metric":"Mapped mining land area","original_value":42.42668145330416,"original_unit":"km²","source_row":13049,"estimated":true}},{"type":"Feature","id":"maus-688","geometry":{"type":"Point","coordinates":[136.864376,-30.43525]},"properties":{"id":"maus-688","type":"mining-area","name":"Mapped mining area 688","country":"AUS","source_id":"maus-mining-2022","year":2019,"value":42.40289943347945,"unit":"km²","metric":"Mapped mining land area","original_value":42.40289943347945,"original_unit":"km²","source_row":688,"estimated":true}},{"type":"Feature","id":"maus-44822","geometry":{"type":"Point","coordinates":[166.652553,67.018552]},"properties":{"id":"maus-44822","type":"mining-area","name":"Mapped mining area 44822","country":"RUS","source_id":"maus-mining-2022","year":2019,"value":42.3935198736284,"unit":"km²","metric":"Mapped mining land area","original_value":42.3935198736284,"original_unit":"km²","source_row":44822,"estimated":true}},{"type":"Feature","id":"maus-9275","geometry":{"type":"Point","coordinates":[64.816919,41.41745]},"properties":{"id":"maus-9275","type":"mining-area","name":"Mapped mining area 9275","country":"UZB","source_id":"maus-mining-2022","year":2019,"value":42.38123600367613,"unit":"km²","metric":"Mapped mining land area","original_value":42.38123600367613,"original_unit":"km²","source_row":9275,"estimated":true}},{"type":"Feature","id":"maus-44642","geometry":{"type":"Point","coordinates":[-135.248103,63.929544]},"properties":{"id":"maus-44642","type":"mining-area","name":"Mapped mining area 44642","country":"CAN","source_id":"maus-mining-2022","year":2019,"value":42.36641279816294,"unit":"km²","metric":"Mapped mining land area","original_value":42.36641279816294,"original_unit":"km²","source_row":44642,"estimated":true}},{"type":"Feature","id":"maus-6143","geometry":{"type":"Point","coordinates":[-60.180739,-0.74825]},"properties":{"id":"maus-6143","type":"mining-area","name":"Mapped mining area 6143","country":"BRA","source_id":"maus-mining-2022","year":2019,"value":42.35924946261164,"unit":"km²","metric":"Mapped mining land area","original_value":42.35924946261164,"original_unit":"km²","source_row":6143,"estimated":true}},{"type":"Feature","id":"maus-41933","geometry":{"type":"Point","coordinates":[127.274988,54.251409]},"properties":{"id":"maus-41933","type":"mining-area","name":"Mapped mining area 41933","country":"RUS","source_id":"maus-mining-2022","year":2019,"value":42.28328356823474,"unit":"km²","metric":"Mapped mining land area","original_value":42.28328356823474,"original_unit":"km²","source_row":41933,"estimated":true}},{"type":"Feature","id":"maus-3081","geometry":{"type":"Point","coordinates":[24.684338,-24.53235]},"properties":{"id":"maus-3081","type":"mining-area","name":"Mapped mining area 3081","country":"BWA","source_id":"maus-mining-2022","year":2019,"value":42.22504093931612,"unit":"km²","metric":"Mapped mining land area","original_value":42.22504093931612,"original_unit":"km²","source_row":3081,"estimated":true}},{"type":"Feature","id":"maus-13575","geometry":{"type":"Point","coordinates":[14.230775,51.59645]},"properties":{"id":"maus-13575","type":"mining-area","name":"Mapped mining area 13575","country":"DEU","source_id":"maus-mining-2022","year":2019,"value":42.22043079148884,"unit":"km²","metric":"Mapped mining land area","original_value":42.22043079148884,"original_unit":"km²","source_row":13575,"estimated":true}},{"type":"Feature","id":"maus-44025","geometry":{"type":"Point","coordinates":[140.718151,-20.45338]},"properties":{"id":"maus-44025","type":"mining-area","name":"Mapped mining area 44025","country":"AUS","source_id":"maus-mining-2022","year":2019,"value":42.18097533426502,"unit":"km²","metric":"Mapped mining land area","original_value":42.18097533426502,"original_unit":"km²","source_row":44025,"estimated":true}},{"type":"Feature","id":"maus-41868","geometry":{"type":"Point","coordinates":[123.34365,54.320683]},"properties":{"id":"maus-41868","type":"mining-area","name":"Mapped mining area 41868","country":"RUS","source_id":"maus-mining-2022","year":2019,"value":42.02739894613183,"unit":"km²","metric":"Mapped mining land area","original_value":42.02739894613183,"original_unit":"km²","source_row":41868,"estimated":true}},{"type":"Feature","id":"maus-44781","geometry":{"type":"Point","coordinates":[51.40121,43.830387]},"properties":{"id":"maus-44781","type":"mining-area","name":"Mapped mining area 44781","country":"KAZ","source_id":"maus-mining-2022","year":2019,"value":41.92564140729266,"unit":"km²","metric":"Mapped mining land area","original_value":41.92564140729266,"original_unit":"km²","source_row":44781,"estimated":true}},{"type":"Feature","id":"maus-14795","geometry":{"type":"Point","coordinates":[-117.687988,35.0452]},"properties":{"id":"maus-14795","type":"mining-area","name":"Mapped mining area 14795","country":"USA","source_id":"maus-mining-2022","year":2019,"value":41.78433354898128,"unit":"km²","metric":"Mapped mining land area","original_value":41.78433354898128,"original_unit":"km²","source_row":14795,"estimated":true}},{"type":"Feature","id":"maus-26222","geometry":{"type":"Point","coordinates":[119.131277,45.937422]},"properties":{"id":"maus-26222","type":"mining-area","name":"Mapped mining area 26222","country":"CHN","source_id":"maus-mining-2022","year":2019,"value":41.365702004339866,"unit":"km²","metric":"Mapped mining land area","original_value":41.365702004339866,"original_unit":"km²","source_row":26222,"estimated":true}},{"type":"Feature","id":"maus-33965","geometry":{"type":"Point","coordinates":[14.852537,51.457938]},"properties":{"id":"maus-33965","type":"mining-area","name":"Mapped mining area 33965","country":"DEU","source_id":"maus-mining-2022","year":2019,"value":41.354387911075904,"unit":"km²","metric":"Mapped mining land area","original_value":41.354387911075904,"original_unit":"km²","source_row":33965,"estimated":true}},{"type":"Feature","id":"maus-7118","geometry":{"type":"Point","coordinates":[82.595657,24.1418]},"properties":{"id":"maus-7118","type":"mining-area","name":"Mapped mining area 7118","country":"IND","source_id":"maus-mining-2022","year":2019,"value":41.18214160339354,"unit":"km²","metric":"Mapped mining land area","original_value":41.18214160339354,"original_unit":"km²","source_row":7118,"estimated":true}},{"type":"Feature","id":"maus-44755","geometry":{"type":"Point","coordinates":[-58.997456,6.528522]},"properties":{"id":"maus-44755","type":"mining-area","name":"Mapped mining area 44755","country":"GUY","source_id":"maus-mining-2022","year":2019,"value":41.162649948471454,"unit":"km²","metric":"Mapped mining land area","original_value":41.162649948471454,"original_unit":"km²","source_row":44755,"estimated":true}},{"type":"Feature","id":"maus-44451","geometry":{"type":"Point","coordinates":[-79.694139,50.02446]},"properties":{"id":"maus-44451","type":"mining-area","name":"Mapped mining area 44451","country":"CAN","source_id":"maus-mining-2022","year":2019,"value":41.038695999589216,"unit":"km²","metric":"Mapped mining land area","original_value":41.038695999589216,"original_unit":"km²","source_row":44451,"estimated":true}},{"type":"Feature","id":"maus-3375","geometry":{"type":"Point","coordinates":[-70.722323,-17.04635]},"properties":{"id":"maus-3375","type":"mining-area","name":"Mapped mining area 3375","country":"PER","source_id":"maus-mining-2022","year":2019,"value":40.90487480042828,"unit":"km²","metric":"Mapped mining land area","original_value":40.90487480042828,"original_unit":"km²","source_row":3375,"estimated":true}},{"type":"Feature","id":"maus-38627","geometry":{"type":"Point","coordinates":[128.832724,52.947335]},"properties":{"id":"maus-38627","type":"mining-area","name":"Mapped mining area 38627","country":"RUS","source_id":"maus-mining-2022","year":2019,"value":40.87742781349899,"unit":"km²","metric":"Mapped mining land area","original_value":40.87742781349899,"original_unit":"km²","source_row":38627,"estimated":true}},{"type":"Feature","id":"maus-26457","geometry":{"type":"Point","coordinates":[-110.886138,57.220723]},"properties":{"id":"maus-26457","type":"mining-area","name":"Mapped mining area 26457","country":"CAN","source_id":"maus-mining-2022","year":2019,"value":40.804740300021926,"unit":"km²","metric":"Mapped mining land area","original_value":40.804740300021926,"original_unit":"km²","source_row":26457,"estimated":true}},{"type":"Feature","id":"maus-16020","geometry":{"type":"Point","coordinates":[113.768116,39.63035]},"properties":{"id":"maus-16020","type":"mining-area","name":"Mapped mining area 16020","country":"CHN","source_id":"maus-mining-2022","year":2019,"value":40.78983181094135,"unit":"km²","metric":"Mapped mining land area","original_value":40.78983181094135,"original_unit":"km²","source_row":16020,"estimated":true}},{"type":"Feature","id":"maus-15903","geometry":{"type":"Point","coordinates":[-108.721424,41.7645]},"properties":{"id":"maus-15903","type":"mining-area","name":"Mapped mining area 15903","country":"USA","source_id":"maus-mining-2022","year":2019,"value":40.69868101097033,"unit":"km²","metric":"Mapped mining land area","original_value":40.69868101097033,"original_unit":"km²","source_row":15903,"estimated":true}},{"type":"Feature","id":"maus-3422","geometry":{"type":"Point","coordinates":[-71.593226,-16.52145]},"properties":{"id":"maus-3422","type":"mining-area","name":"Mapped mining area 3422","country":"PER","source_id":"maus-mining-2022","year":2019,"value":40.538138425561435,"unit":"km²","metric":"Mapped mining land area","original_value":40.538138425561435,"original_unit":"km²","source_row":3422,"estimated":true}},{"type":"Feature","id":"maus-17187","geometry":{"type":"Point","coordinates":[-117.164205,41.25225]},"properties":{"id":"maus-17187","type":"mining-area","name":"Mapped mining area 17187","country":"USA","source_id":"maus-mining-2022","year":2019,"value":40.39428982687372,"unit":"km²","metric":"Mapped mining land area","original_value":40.39428982687372,"original_unit":"km²","source_row":17187,"estimated":true}},{"type":"Feature","id":"maus-6660","geometry":{"type":"Point","coordinates":[82.559375,22.3345]},"properties":{"id":"maus-6660","type":"mining-area","name":"Mapped mining area 6660","country":"IND","source_id":"maus-mining-2022","year":2019,"value":40.240628640893256,"unit":"km²","metric":"Mapped mining land area","original_value":40.240628640893256,"original_unit":"km²","source_row":6660,"estimated":true}},{"type":"Feature","id":"maus-683","geometry":{"type":"Point","coordinates":[148.879211,-23.30925]},"properties":{"id":"maus-683","type":"mining-area","name":"Mapped mining area 683","country":"AUS","source_id":"maus-mining-2022","year":2019,"value":40.15115258411042,"unit":"km²","metric":"Mapped mining land area","original_value":40.15115258411042,"original_unit":"km²","source_row":683,"estimated":true}},{"type":"Feature","id":"maus-42693","geometry":{"type":"Point","coordinates":[-60.285708,5.669028]},"properties":{"id":"maus-42693","type":"mining-area","name":"Mapped mining area 42693","country":"GUY","source_id":"maus-mining-2022","year":2019,"value":40.02912602655861,"unit":"km²","metric":"Mapped mining land area","original_value":40.02912602655861,"original_unit":"km²","source_row":42693,"estimated":true}},{"type":"Feature","id":"maus-44717","geometry":{"type":"Point","coordinates":[-57.423663,-9.348431]},"properties":{"id":"maus-44717","type":"mining-area","name":"Mapped mining area 44717","country":"BRA","source_id":"maus-mining-2022","year":2019,"value":39.98247342220702,"unit":"km²","metric":"Mapped mining land area","original_value":39.98247342220702,"original_unit":"km²","source_row":44717,"estimated":true}},{"type":"Feature","id":"maus-43756","geometry":{"type":"Point","coordinates":[-112.12909,40.741834]},"properties":{"id":"maus-43756","type":"mining-area","name":"Mapped mining area 43756","country":"USA","source_id":"maus-mining-2022","year":2019,"value":39.64937213680371,"unit":"km²","metric":"Mapped mining land area","original_value":39.64937213680371,"original_unit":"km²","source_row":43756,"estimated":true}},{"type":"Feature","id":"maus-18174","geometry":{"type":"Point","coordinates":[92.89283,59.87565]},"properties":{"id":"maus-18174","type":"mining-area","name":"Mapped mining area 18174","country":"RUS","source_id":"maus-mining-2022","year":2019,"value":39.47562678508396,"unit":"km²","metric":"Mapped mining land area","original_value":39.47562678508396,"original_unit":"km²","source_row":18174,"estimated":true}},{"type":"Feature","id":"maus-22572","geometry":{"type":"Point","coordinates":[117.159199,-20.632543]},"properties":{"id":"maus-22572","type":"mining-area","name":"Mapped mining area 22572","country":"AUS","source_id":"maus-mining-2022","year":2019,"value":39.45826042651129,"unit":"km²","metric":"Mapped mining land area","original_value":39.45826042651129,"original_unit":"km²","source_row":22572,"estimated":true}},{"type":"Feature","id":"maus-36106","geometry":{"type":"Point","coordinates":[-121.455807,39.193483]},"properties":{"id":"maus-36106","type":"mining-area","name":"Mapped mining area 36106","country":"USA","source_id":"maus-mining-2022","year":2019,"value":39.428171489367834,"unit":"km²","metric":"Mapped mining land area","original_value":39.428171489367834,"original_unit":"km²","source_row":36106,"estimated":true}},{"type":"Feature","id":"maus-11572","geometry":{"type":"Point","coordinates":[19.301312,51.24075]},"properties":{"id":"maus-11572","type":"mining-area","name":"Mapped mining area 11572","country":"POL","source_id":"maus-mining-2022","year":2019,"value":39.41572226740494,"unit":"km²","metric":"Mapped mining land area","original_value":39.41572226740494,"original_unit":"km²","source_row":11572,"estimated":true}},{"type":"Feature","id":"maus-21444","geometry":{"type":"Point","coordinates":[26.081628,-20.511284]},"properties":{"id":"maus-21444","type":"mining-area","name":"Mapped mining area 21444","country":"BWA","source_id":"maus-mining-2022","year":2019,"value":39.372850972205384,"unit":"km²","metric":"Mapped mining land area","original_value":39.372850972205384,"original_unit":"km²","source_row":21444,"estimated":true}},{"type":"Feature","id":"maus-13095","geometry":{"type":"Point","coordinates":[-113.238037,34.58585]},"properties":{"id":"maus-13095","type":"mining-area","name":"Mapped mining area 13095","country":"USA","source_id":"maus-mining-2022","year":2019,"value":39.24246090062153,"unit":"km²","metric":"Mapped mining land area","original_value":39.24246090062153,"original_unit":"km²","source_row":13095,"estimated":true}},{"type":"Feature","id":"maus-3978","geometry":{"type":"Point","coordinates":[-77.0383,-9.5624]},"properties":{"id":"maus-3978","type":"mining-area","name":"Mapped mining area 3978","country":"PER","source_id":"maus-mining-2022","year":2019,"value":39.211936009142285,"unit":"km²","metric":"Mapped mining land area","original_value":39.211936009142285,"original_unit":"km²","source_row":3978,"estimated":true}},{"type":"Feature","id":"maus-44675","geometry":{"type":"Point","coordinates":[-56.69168,-5.689207]},"properties":{"id":"maus-44675","type":"mining-area","name":"Mapped mining area 44675","country":"BRA","source_id":"maus-mining-2022","year":2019,"value":39.11281311968779,"unit":"km²","metric":"Mapped mining land area","original_value":39.11281311968779,"original_unit":"km²","source_row":44675,"estimated":true}},{"type":"Feature","id":"maus-43982","geometry":{"type":"Point","coordinates":[146.377329,-38.268925]},"properties":{"id":"maus-43982","type":"mining-area","name":"Mapped mining area 43982","country":"AUS","source_id":"maus-mining-2022","year":2019,"value":39.06205297206863,"unit":"km²","metric":"Mapped mining land area","original_value":39.06205297206863,"original_unit":"km²","source_row":43982,"estimated":true}},{"type":"Feature","id":"maus-16128","geometry":{"type":"Point","coordinates":[-115.033698,39.2511]},"properties":{"id":"maus-16128","type":"mining-area","name":"Mapped mining area 16128","country":"USA","source_id":"maus-mining-2022","year":2019,"value":38.981365300256286,"unit":"km²","metric":"Mapped mining land area","original_value":38.981365300256286,"original_unit":"km²","source_row":16128,"estimated":true}},{"type":"Feature","id":"maus-3952","geometry":{"type":"Point","coordinates":[27.838596,-12.53335]},"properties":{"id":"maus-3952","type":"mining-area","name":"Mapped mining area 3952","country":"ZMB","source_id":"maus-mining-2022","year":2019,"value":38.91355378832345,"unit":"km²","metric":"Mapped mining land area","original_value":38.91355378832345,"original_unit":"km²","source_row":3952,"estimated":true}},{"type":"Feature","id":"maus-4883","geometry":{"type":"Point","coordinates":[117.599605,0.84495]},"properties":{"id":"maus-4883","type":"mining-area","name":"Mapped mining area 4883","country":"IDN","source_id":"maus-mining-2022","year":2019,"value":38.89777408633215,"unit":"km²","metric":"Mapped mining land area","original_value":38.89777408633215,"original_unit":"km²","source_row":4883,"estimated":true}},{"type":"Feature","id":"maus-42442","geometry":{"type":"Point","coordinates":[-55.559385,5.023249]},"properties":{"id":"maus-42442","type":"mining-area","name":"Mapped mining area 42442","country":"SUR","source_id":"maus-mining-2022","year":2019,"value":38.89287668482028,"unit":"km²","metric":"Mapped mining land area","original_value":38.89287668482028,"original_unit":"km²","source_row":42442,"estimated":true}},{"type":"Feature","id":"maus-18354","geometry":{"type":"Point","coordinates":[116.3997,50.5744]},"properties":{"id":"maus-18354","type":"mining-area","name":"Mapped mining area 18354","country":"RUS","source_id":"maus-mining-2022","year":2019,"value":38.83407602579322,"unit":"km²","metric":"Mapped mining land area","original_value":38.83407602579322,"original_unit":"km²","source_row":18354,"estimated":true}},{"type":"Feature","id":"maus-678","geometry":{"type":"Point","coordinates":[148.513634,-23.41405]},"properties":{"id":"maus-678","type":"mining-area","name":"Mapped mining area 678","country":"AUS","source_id":"maus-mining-2022","year":2019,"value":38.79585221461525,"unit":"km²","metric":"Mapped mining land area","original_value":38.79585221461525,"original_unit":"km²","source_row":678,"estimated":true}},{"type":"Feature","id":"maus-18254","geometry":{"type":"Point","coordinates":[-114.817928,49.7564]},"properties":{"id":"maus-18254","type":"mining-area","name":"Mapped mining area 18254","country":"CAN","source_id":"maus-mining-2022","year":2019,"value":38.740900833350935,"unit":"km²","metric":"Mapped mining land area","original_value":38.740900833350935,"original_unit":"km²","source_row":18254,"estimated":true}},{"type":"Feature","id":"maus-44872","geometry":{"type":"Point","coordinates":[132.263962,53.1016]},"properties":{"id":"maus-44872","type":"mining-area","name":"Mapped mining area 44872","country":"RUS","source_id":"maus-mining-2022","year":2019,"value":38.73568881858541,"unit":"km²","metric":"Mapped mining land area","original_value":38.73568881858541,"original_unit":"km²","source_row":44872,"estimated":true}},{"type":"Feature","id":"maus-44616","geometry":{"type":"Point","coordinates":[111.247702,66.007861]},"properties":{"id":"maus-44616","type":"mining-area","name":"Mapped mining area 44616","country":"RUS","source_id":"maus-mining-2022","year":2019,"value":38.65988480885806,"unit":"km²","metric":"Mapped mining land area","original_value":38.65988480885806,"original_unit":"km²","source_row":44616,"estimated":true}},{"type":"Feature","id":"maus-38555","geometry":{"type":"Point","coordinates":[114.040971,58.158526]},"properties":{"id":"maus-38555","type":"mining-area","name":"Mapped mining area 38555","country":"RUS","source_id":"maus-mining-2022","year":2019,"value":38.65406809558338,"unit":"km²","metric":"Mapped mining land area","original_value":38.65406809558338,"original_unit":"km²","source_row":38555,"estimated":true}},{"type":"Feature","id":"maus-44375","geometry":{"type":"Point","coordinates":[82.693492,24.1472]},"properties":{"id":"maus-44375","type":"mining-area","name":"Mapped mining area 44375","country":"IND","source_id":"maus-mining-2022","year":2019,"value":38.616995671816944,"unit":"km²","metric":"Mapped mining land area","original_value":38.616995671816944,"original_unit":"km²","source_row":44375,"estimated":true}},{"type":"Feature","id":"maus-15470","geometry":{"type":"Point","coordinates":[-93.078949,47.42635]},"properties":{"id":"maus-15470","type":"mining-area","name":"Mapped mining area 15470","country":"USA","source_id":"maus-mining-2022","year":2019,"value":38.61167444280289,"unit":"km²","metric":"Mapped mining land area","original_value":38.61167444280289,"original_unit":"km²","source_row":15470,"estimated":true}},{"type":"Feature","id":"maus-3702","geometry":{"type":"Point","coordinates":[-72.310628,-14.0823]},"properties":{"id":"maus-3702","type":"mining-area","name":"Mapped mining area 3702","country":"PER","source_id":"maus-mining-2022","year":2019,"value":38.610342379294366,"unit":"km²","metric":"Mapped mining land area","original_value":38.610342379294366,"original_unit":"km²","source_row":3702,"estimated":true}},{"type":"Feature","id":"maus-1909","geometry":{"type":"Point","coordinates":[-70.263184,-33.17205]},"properties":{"id":"maus-1909","type":"mining-area","name":"Mapped mining area 1909","country":"CHL","source_id":"maus-mining-2022","year":2019,"value":38.48139125732042,"unit":"km²","metric":"Mapped mining land area","original_value":38.48139125732042,"original_unit":"km²","source_row":1909,"estimated":true}},{"type":"Feature","id":"maus-16141","geometry":{"type":"Point","coordinates":[109.898868,41.7836]},"properties":{"id":"maus-16141","type":"mining-area","name":"Mapped mining area 16141","country":"CHN","source_id":"maus-mining-2022","year":2019,"value":38.478447726539116,"unit":"km²","metric":"Mapped mining land area","original_value":38.478447726539116,"original_unit":"km²","source_row":16141,"estimated":true}},{"type":"Feature","id":"maus-16669","geometry":{"type":"Point","coordinates":[30.841079,64.68105]},"properties":{"id":"maus-16669","type":"mining-area","name":"Mapped mining area 16669","country":"RUS","source_id":"maus-mining-2022","year":2019,"value":38.147851357450875,"unit":"km²","metric":"Mapped mining land area","original_value":38.147851357450875,"original_unit":"km²","source_row":16669,"estimated":true}},{"type":"Feature","id":"maus-7933","geometry":{"type":"Point","coordinates":[21.64712,40.6048]},"properties":{"id":"maus-7933","type":"mining-area","name":"Mapped mining area 7933","country":"GRC","source_id":"maus-mining-2022","year":2019,"value":38.0993834678764,"unit":"km²","metric":"Mapped mining land area","original_value":38.0993834678764,"original_unit":"km²","source_row":7933,"estimated":true}},{"type":"Feature","id":"maus-44633","geometry":{"type":"Point","coordinates":[131.660919,53.0278]},"properties":{"id":"maus-44633","type":"mining-area","name":"Mapped mining area 44633","country":"RUS","source_id":"maus-mining-2022","year":2019,"value":38.0125390482078,"unit":"km²","metric":"Mapped mining land area","original_value":38.0125390482078,"original_unit":"km²","source_row":44633,"estimated":true}},{"type":"Feature","id":"maus-15927","geometry":{"type":"Point","coordinates":[110.508054,40.67525]},"properties":{"id":"maus-15927","type":"mining-area","name":"Mapped mining area 15927","country":"CHN","source_id":"maus-mining-2022","year":2019,"value":37.95985640256364,"unit":"km²","metric":"Mapped mining land area","original_value":37.95985640256364,"original_unit":"km²","source_row":15927,"estimated":true}},{"type":"Feature","id":"maus-4445","geometry":{"type":"Point","coordinates":[103.750568,-3.7321]},"properties":{"id":"maus-4445","type":"mining-area","name":"Mapped mining area 4445","country":"IDN","source_id":"maus-mining-2022","year":2019,"value":37.895962777270825,"unit":"km²","metric":"Mapped mining land area","original_value":37.895962777270825,"original_unit":"km²","source_row":4445,"estimated":true}},{"type":"Feature","id":"maus-17537","geometry":{"type":"Point","coordinates":[116.022225,43.9904]},"properties":{"id":"maus-17537","type":"mining-area","name":"Mapped mining area 17537","country":"CHN","source_id":"maus-mining-2022","year":2019,"value":37.76544328226115,"unit":"km²","metric":"Mapped mining land area","original_value":37.76544328226115,"original_unit":"km²","source_row":17537,"estimated":true}},{"type":"Feature","id":"maus-3043","geometry":{"type":"Point","coordinates":[28.911902,-23.97625]},"properties":{"id":"maus-3043","type":"mining-area","name":"Mapped mining area 3043","country":"ZAF","source_id":"maus-mining-2022","year":2019,"value":37.569091629808646,"unit":"km²","metric":"Mapped mining land area","original_value":37.569091629808646,"original_unit":"km²","source_row":3043,"estimated":true}},{"type":"Feature","id":"maus-44840","geometry":{"type":"Point","coordinates":[105.881057,20.455966]},"properties":{"id":"maus-44840","type":"mining-area","name":"Mapped mining area 44840","country":"VNM","source_id":"maus-mining-2022","year":2019,"value":37.548699218067554,"unit":"km²","metric":"Mapped mining land area","original_value":37.548699218067554,"original_unit":"km²","source_row":44840,"estimated":true}},{"type":"Feature","id":"maus-44270","geometry":{"type":"Point","coordinates":[-1.89825,5.843665]},"properties":{"id":"maus-44270","type":"mining-area","name":"Mapped mining area 44270","country":"GHA","source_id":"maus-mining-2022","year":2019,"value":37.462505092562935,"unit":"km²","metric":"Mapped mining land area","original_value":37.462505092562935,"original_unit":"km²","source_row":44270,"estimated":true}},{"type":"Feature","id":"maus-44138","geometry":{"type":"Point","coordinates":[-50.525771,-5.779148]},"properties":{"id":"maus-44138","type":"mining-area","name":"Mapped mining area 44138","country":"BRA","source_id":"maus-mining-2022","year":2019,"value":37.43819475420077,"unit":"km²","metric":"Mapped mining land area","original_value":37.43819475420077,"original_unit":"km²","source_row":44138,"estimated":true}},{"type":"Feature","id":"maus-15695","geometry":{"type":"Point","coordinates":[110.272019,39.60065]},"properties":{"id":"maus-15695","type":"mining-area","name":"Mapped mining area 15695","country":"CHN","source_id":"maus-mining-2022","year":2019,"value":37.437076622984115,"unit":"km²","metric":"Mapped mining land area","original_value":37.437076622984115,"original_unit":"km²","source_row":15695,"estimated":true}},{"type":"Feature","id":"maus-44530","geometry":{"type":"Point","coordinates":[86.815604,54.40335]},"properties":{"id":"maus-44530","type":"mining-area","name":"Mapped mining area 44530","country":"RUS","source_id":"maus-mining-2022","year":2019,"value":37.34455491726606,"unit":"km²","metric":"Mapped mining land area","original_value":37.34455491726606,"original_unit":"km²","source_row":44530,"estimated":true}},{"type":"Feature","id":"maus-12231","geometry":{"type":"Point","coordinates":[-110.989819,33.16435]},"properties":{"id":"maus-12231","type":"mining-area","name":"Mapped mining area 12231","country":"USA","source_id":"maus-mining-2022","year":2019,"value":37.169770190351244,"unit":"km²","metric":"Mapped mining land area","original_value":37.169770190351244,"original_unit":"km²","source_row":12231,"estimated":true}},{"type":"Feature","id":"maus-1124","geometry":{"type":"Point","coordinates":[116.041926,-32.85875]},"properties":{"id":"maus-1124","type":"mining-area","name":"Mapped mining area 1124","country":"AUS","source_id":"maus-mining-2022","year":2019,"value":37.129694903129305,"unit":"km²","metric":"Mapped mining land area","original_value":37.129694903129305,"original_unit":"km²","source_row":1124,"estimated":true}},{"type":"Feature","id":"maus-12104","geometry":{"type":"Point","coordinates":[-108.384936,32.65455]},"properties":{"id":"maus-12104","type":"mining-area","name":"Mapped mining area 12104","country":"USA","source_id":"maus-mining-2022","year":2019,"value":37.105292726424004,"unit":"km²","metric":"Mapped mining land area","original_value":37.105292726424004,"original_unit":"km²","source_row":12104,"estimated":true}},{"type":"Feature","id":"maus-1784","geometry":{"type":"Point","coordinates":[117.770614,-22.75485]},"properties":{"id":"maus-1784","type":"mining-area","name":"Mapped mining area 1784","country":"AUS","source_id":"maus-mining-2022","year":2019,"value":37.03459044112451,"unit":"km²","metric":"Mapped mining land area","original_value":37.03459044112451,"original_unit":"km²","source_row":1784,"estimated":true}},{"type":"Feature","id":"maus-44558","geometry":{"type":"Point","coordinates":[86.860829,53.722519]},"properties":{"id":"maus-44558","type":"mining-area","name":"Mapped mining area 44558","country":"RUS","source_id":"maus-mining-2022","year":2019,"value":36.9379491210484,"unit":"km²","metric":"Mapped mining land area","original_value":36.9379491210484,"original_unit":"km²","source_row":44558,"estimated":true}},{"type":"Feature","id":"maus-7162","geometry":{"type":"Point","coordinates":[-82.073122,27.65085]},"properties":{"id":"maus-7162","type":"mining-area","name":"Mapped mining area 7162","country":"USA","source_id":"maus-mining-2022","year":2019,"value":36.90714930081721,"unit":"km²","metric":"Mapped mining land area","original_value":36.90714930081721,"original_unit":"km²","source_row":7162,"estimated":true}},{"type":"Feature","id":"maus-41583","geometry":{"type":"Point","coordinates":[-57.129318,-7.411272]},"properties":{"id":"maus-41583","type":"mining-area","name":"Mapped mining area 41583","country":"BRA","source_id":"maus-mining-2022","year":2019,"value":36.83885944647864,"unit":"km²","metric":"Mapped mining land area","original_value":36.83885944647864,"original_unit":"km²","source_row":41583,"estimated":true}},{"type":"Feature","id":"maus-17162","geometry":{"type":"Point","coordinates":[33.200838,68.1333]},"properties":{"id":"maus-17162","type":"mining-area","name":"Mapped mining area 17162","country":"RUS","source_id":"maus-mining-2022","year":2019,"value":36.557100643782405,"unit":"km²","metric":"Mapped mining land area","original_value":36.557100643782405,"original_unit":"km²","source_row":17162,"estimated":true}},{"type":"Feature","id":"maus-44876","geometry":{"type":"Point","coordinates":[149.070956,62.439049]},"properties":{"id":"maus-44876","type":"mining-area","name":"Mapped mining area 44876","country":"RUS","source_id":"maus-mining-2022","year":2019,"value":36.41102114355882,"unit":"km²","metric":"Mapped mining land area","original_value":36.41102114355882,"original_unit":"km²","source_row":44876,"estimated":true}},{"type":"Feature","id":"maus-15517","geometry":{"type":"Point","coordinates":[-91.932742,47.6629]},"properties":{"id":"maus-15517","type":"mining-area","name":"Mapped mining area 15517","country":"USA","source_id":"maus-mining-2022","year":2019,"value":36.387397503476585,"unit":"km²","metric":"Mapped mining land area","original_value":36.387397503476585,"original_unit":"km²","source_row":15517,"estimated":true}},{"type":"Feature","id":"maus-11476","geometry":{"type":"Point","coordinates":[12.177483,51.1381]},"properties":{"id":"maus-11476","type":"mining-area","name":"Mapped mining area 11476","country":"DEU","source_id":"maus-mining-2022","year":2019,"value":36.04671082128928,"unit":"km²","metric":"Mapped mining land area","original_value":36.04671082128928,"original_unit":"km²","source_row":11476,"estimated":true}},{"type":"Feature","id":"maus-42629","geometry":{"type":"Point","coordinates":[-59.517762,6.332051]},"properties":{"id":"maus-42629","type":"mining-area","name":"Mapped mining area 42629","country":"GUY","source_id":"maus-mining-2022","year":2019,"value":36.04054663264631,"unit":"km²","metric":"Mapped mining land area","original_value":36.04054663264631,"original_unit":"km²","source_row":42629,"estimated":true}},{"type":"Feature","id":"maus-3204","geometry":{"type":"Point","coordinates":[25.383154,-21.3131]},"properties":{"id":"maus-3204","type":"mining-area","name":"Mapped mining area 3204","country":"BWA","source_id":"maus-mining-2022","year":2019,"value":36.0357391501495,"unit":"km²","metric":"Mapped mining land area","original_value":36.0357391501495,"original_unit":"km²","source_row":3204,"estimated":true}},{"type":"Feature","id":"maus-42067","geometry":{"type":"Point","coordinates":[-51.446569,-5.833375]},"properties":{"id":"maus-42067","type":"mining-area","name":"Mapped mining area 42067","country":"BRA","source_id":"maus-mining-2022","year":2019,"value":36.03345212944856,"unit":"km²","metric":"Mapped mining land area","original_value":36.03345212944856,"original_unit":"km²","source_row":42067,"estimated":true}},{"type":"Feature","id":"maus-15306","geometry":{"type":"Point","coordinates":[110.349676,39.1373]},"properties":{"id":"maus-15306","type":"mining-area","name":"Mapped mining area 15306","country":"CHN","source_id":"maus-mining-2022","year":2019,"value":35.99699301809616,"unit":"km²","metric":"Mapped mining land area","original_value":35.99699301809616,"original_unit":"km²","source_row":15306,"estimated":true}},{"type":"Feature","id":"maus-11436","geometry":{"type":"Point","coordinates":[-110.234557,30.95055]},"properties":{"id":"maus-11436","type":"mining-area","name":"Mapped mining area 11436","country":"MEX","source_id":"maus-mining-2022","year":2019,"value":35.78976598723268,"unit":"km²","metric":"Mapped mining land area","original_value":35.78976598723268,"original_unit":"km²","source_row":11436,"estimated":true}},{"type":"Feature","id":"maus-16143","geometry":{"type":"Point","coordinates":[-117.572401,37.7768]},"properties":{"id":"maus-16143","type":"mining-area","name":"Mapped mining area 16143","country":"USA","source_id":"maus-mining-2022","year":2019,"value":35.77924644970662,"unit":"km²","metric":"Mapped mining land area","original_value":35.77924644970662,"original_unit":"km²","source_row":16143,"estimated":true}},{"type":"Feature","id":"maus-18981","geometry":{"type":"Point","coordinates":[130.260813,47.2558]},"properties":{"id":"maus-18981","type":"mining-area","name":"Mapped mining area 18981","country":"CHN","source_id":"maus-mining-2022","year":2019,"value":35.74511308860686,"unit":"km²","metric":"Mapped mining land area","original_value":35.74511308860686,"original_unit":"km²","source_row":18981,"estimated":true}},{"type":"Feature","id":"maus-3633","geometry":{"type":"Point","coordinates":[29.048884,-26.08255]},"properties":{"id":"maus-3633","type":"mining-area","name":"Mapped mining area 3633","country":"ZAF","source_id":"maus-mining-2022","year":2019,"value":35.732560261313466,"unit":"km²","metric":"Mapped mining land area","original_value":35.732560261313466,"original_unit":"km²","source_row":3633,"estimated":true}},{"type":"Feature","id":"maus-3290","geometry":{"type":"Point","coordinates":[-67.477352,-17.8141]},"properties":{"id":"maus-3290","type":"mining-area","name":"Mapped mining area 3290","country":"BOL","source_id":"maus-mining-2022","year":2019,"value":35.34175364538636,"unit":"km²","metric":"Mapped mining land area","original_value":35.34175364538636,"original_unit":"km²","source_row":3290,"estimated":true}},{"type":"Feature","id":"maus-43758","geometry":{"type":"Point","coordinates":[-112.533632,40.740344]},"properties":{"id":"maus-43758","type":"mining-area","name":"Mapped mining area 43758","country":"USA","source_id":"maus-mining-2022","year":2019,"value":35.326108129081746,"unit":"km²","metric":"Mapped mining land area","original_value":35.326108129081746,"original_unit":"km²","source_row":43758,"estimated":true}},{"type":"Feature","id":"maus-2086","geometry":{"type":"Point","coordinates":[-70.322153,-26.55815]},"properties":{"id":"maus-2086","type":"mining-area","name":"Mapped mining area 2086","country":"CHL","source_id":"maus-mining-2022","year":2019,"value":35.31991649394324,"unit":"km²","metric":"Mapped mining land area","original_value":35.31991649394324,"original_unit":"km²","source_row":2086,"estimated":true}},{"type":"Feature","id":"maus-1727","geometry":{"type":"Point","coordinates":[118.770583,-23.1828]},"properties":{"id":"maus-1727","type":"mining-area","name":"Mapped mining area 1727","country":"AUS","source_id":"maus-mining-2022","year":2019,"value":35.29462086137389,"unit":"km²","metric":"Mapped mining land area","original_value":35.29462086137389,"original_unit":"km²","source_row":1727,"estimated":true}},{"type":"Feature","id":"maus-6702","geometry":{"type":"Point","coordinates":[85.576041,23.79665]},"properties":{"id":"maus-6702","type":"mining-area","name":"Mapped mining area 6702","country":"IND","source_id":"maus-mining-2022","year":2019,"value":35.21731441017796,"unit":"km²","metric":"Mapped mining land area","original_value":35.21731441017796,"original_unit":"km²","source_row":6702,"estimated":true}},{"type":"Feature","id":"maus-3718","geometry":{"type":"Point","coordinates":[116.877568,-8.97115]},"properties":{"id":"maus-3718","type":"mining-area","name":"Mapped mining area 3718","country":"IDN","source_id":"maus-mining-2022","year":2019,"value":35.203074136928954,"unit":"km²","metric":"Mapped mining land area","original_value":35.203074136928954,"original_unit":"km²","source_row":3718,"estimated":true}},{"type":"Feature","id":"maus-4956","geometry":{"type":"Point","coordinates":[117.543886,2.3411]},"properties":{"id":"maus-4956","type":"mining-area","name":"Mapped mining area 4956","country":"IDN","source_id":"maus-mining-2022","year":2019,"value":35.10682094422225,"unit":"km²","metric":"Mapped mining land area","original_value":35.10682094422225,"original_unit":"km²","source_row":4956,"estimated":true}},{"type":"Feature","id":"maus-42768","geometry":{"type":"Point","coordinates":[-59.971555,7.368957]},"properties":{"id":"maus-42768","type":"mining-area","name":"Mapped mining area 42768","country":"GUY","source_id":"maus-mining-2022","year":2019,"value":34.99496444119435,"unit":"km²","metric":"Mapped mining land area","original_value":34.99496444119435,"original_unit":"km²","source_row":42768,"estimated":true}},{"type":"Feature","id":"maus-14280","geometry":{"type":"Point","coordinates":[-66.948236,53.03645]},"properties":{"id":"maus-14280","type":"mining-area","name":"Mapped mining area 14280","country":"CAN","source_id":"maus-mining-2022","year":2019,"value":34.905138503155335,"unit":"km²","metric":"Mapped mining land area","original_value":34.905138503155335,"original_unit":"km²","source_row":14280,"estimated":true}},{"type":"Feature","id":"maus-2678","geometry":{"type":"Point","coordinates":[29.167281,-26.03795]},"properties":{"id":"maus-2678","type":"mining-area","name":"Mapped mining area 2678","country":"ZAF","source_id":"maus-mining-2022","year":2019,"value":34.8634466143955,"unit":"km²","metric":"Mapped mining land area","original_value":34.8634466143955,"original_unit":"km²","source_row":2678,"estimated":true}},{"type":"Feature","id":"maus-44803","geometry":{"type":"Point","coordinates":[122.291713,-3.35025]},"properties":{"id":"maus-44803","type":"mining-area","name":"Mapped mining area 44803","country":"IDN","source_id":"maus-mining-2022","year":2019,"value":34.84791281078213,"unit":"km²","metric":"Mapped mining land area","original_value":34.84791281078213,"original_unit":"km²","source_row":44803,"estimated":true}},{"type":"Feature","id":"maus-9722","geometry":{"type":"Point","coordinates":[33.200004,47.64685]},"properties":{"id":"maus-9722","type":"mining-area","name":"Mapped mining area 9722","country":"UKR","source_id":"maus-mining-2022","year":2019,"value":34.64632934358914,"unit":"km²","metric":"Mapped mining land area","original_value":34.64632934358914,"original_unit":"km²","source_row":9722,"estimated":true}},{"type":"Feature","id":"maus-44541","geometry":{"type":"Point","coordinates":[104.348207,48.25085]},"properties":{"id":"maus-44541","type":"mining-area","name":"Mapped mining area 44541","country":"MNG","source_id":"maus-mining-2022","year":2019,"value":34.49331657591196,"unit":"km²","metric":"Mapped mining land area","original_value":34.49331657591196,"original_unit":"km²","source_row":44541,"estimated":true}},{"type":"Feature","id":"maus-44331","geometry":{"type":"Point","coordinates":[-59.461734,6.854288]},"properties":{"id":"maus-44331","type":"mining-area","name":"Mapped mining area 44331","country":"GUY","source_id":"maus-mining-2022","year":2019,"value":34.48529403817933,"unit":"km²","metric":"Mapped mining land area","original_value":34.48529403817933,"original_unit":"km²","source_row":44331,"estimated":true}},{"type":"Feature","id":"maus-12280","geometry":{"type":"Point","coordinates":[-110.88754,33.4057]},"properties":{"id":"maus-12280","type":"mining-area","name":"Mapped mining area 12280","country":"USA","source_id":"maus-mining-2022","year":2019,"value":34.44254058758439,"unit":"km²","metric":"Mapped mining land area","original_value":34.44254058758439,"original_unit":"km²","source_row":12280,"estimated":true}},{"type":"Feature","id":"maus-1157","geometry":{"type":"Point","coordinates":[121.518293,-30.78]},"properties":{"id":"maus-1157","type":"mining-area","name":"Mapped mining area 1157","country":"AUS","source_id":"maus-mining-2022","year":2019,"value":34.402325345163455,"unit":"km²","metric":"Mapped mining land area","original_value":34.402325345163455,"original_unit":"km²","source_row":1157,"estimated":true}},{"type":"Feature","id":"maus-11569","geometry":{"type":"Point","coordinates":[19.105163,51.25355]},"properties":{"id":"maus-11569","type":"mining-area","name":"Mapped mining area 11569","country":"POL","source_id":"maus-mining-2022","year":2019,"value":34.25752072588443,"unit":"km²","metric":"Mapped mining land area","original_value":34.25752072588443,"original_unit":"km²","source_row":11569,"estimated":true}},{"type":"Feature","id":"maus-2261","geometry":{"type":"Point","coordinates":[16.648061,-28.8499]},"properties":{"id":"maus-2261","type":"mining-area","name":"Mapped mining area 2261","country":"ZAF","source_id":"maus-mining-2022","year":2019,"value":34.23659318727094,"unit":"km²","metric":"Mapped mining land area","original_value":34.23659318727094,"original_unit":"km²","source_row":2261,"estimated":true}},{"type":"Feature","id":"maus-16867","geometry":{"type":"Point","coordinates":[86.437305,54.1861]},"properties":{"id":"maus-16867","type":"mining-area","name":"Mapped mining area 16867","country":"RUS","source_id":"maus-mining-2022","year":2019,"value":34.16560616295207,"unit":"km²","metric":"Mapped mining land area","original_value":34.16560616295207,"original_unit":"km²","source_row":16867,"estimated":true}},{"type":"Feature","id":"maus-3503","geometry":{"type":"Point","coordinates":[-75.108229,-15.2024]},"properties":{"id":"maus-3503","type":"mining-area","name":"Mapped mining area 3503","country":"PER","source_id":"maus-mining-2022","year":2019,"value":34.100793350398,"unit":"km²","metric":"Mapped mining land area","original_value":34.100793350398,"original_unit":"km²","source_row":3503,"estimated":true}},{"type":"Feature","id":"maus-11631","geometry":{"type":"Point","coordinates":[6.466094,51.06645]},"properties":{"id":"maus-11631","type":"mining-area","name":"Mapped mining area 11631","country":"DEU","source_id":"maus-mining-2022","year":2019,"value":33.994929880652585,"unit":"km²","metric":"Mapped mining land area","original_value":33.994929880652585,"original_unit":"km²","source_row":11631,"estimated":true}},{"type":"Feature","id":"maus-6099","geometry":{"type":"Point","coordinates":[-74.890971,20.62745]},"properties":{"id":"maus-6099","type":"mining-area","name":"Mapped mining area 6099","country":"CUB","source_id":"maus-mining-2022","year":2019,"value":33.971865679504695,"unit":"km²","metric":"Mapped mining land area","original_value":33.971865679504695,"original_unit":"km²","source_row":6099,"estimated":true}},{"type":"Feature","id":"maus-15461","geometry":{"type":"Point","coordinates":[-93.054246,47.36605]},"properties":{"id":"maus-15461","type":"mining-area","name":"Mapped mining area 15461","country":"USA","source_id":"maus-mining-2022","year":2019,"value":33.92067343043595,"unit":"km²","metric":"Mapped mining land area","original_value":33.92067343043595,"original_unit":"km²","source_row":15461,"estimated":true}},{"type":"Feature","id":"maus-44188","geometry":{"type":"Point","coordinates":[117.044955,-0.67355]},"properties":{"id":"maus-44188","type":"mining-area","name":"Mapped mining area 44188","country":"IDN","source_id":"maus-mining-2022","year":2019,"value":33.86699976052081,"unit":"km²","metric":"Mapped mining land area","original_value":33.86699976052081,"original_unit":"km²","source_row":44188,"estimated":true}},{"type":"Feature","id":"maus-42645","geometry":{"type":"Point","coordinates":[-59.731917,6.256323]},"properties":{"id":"maus-42645","type":"mining-area","name":"Mapped mining area 42645","country":"GUY","source_id":"maus-mining-2022","year":2019,"value":33.76780327787695,"unit":"km²","metric":"Mapped mining land area","original_value":33.76780327787695,"original_unit":"km²","source_row":42645,"estimated":true}},{"type":"Feature","id":"maus-3053","geometry":{"type":"Point","coordinates":[27.541871,-23.6627]},"properties":{"id":"maus-3053","type":"mining-area","name":"Mapped mining area 3053","country":"ZAF","source_id":"maus-mining-2022","year":2019,"value":33.76262684788604,"unit":"km²","metric":"Mapped mining land area","original_value":33.76262684788604,"original_unit":"km²","source_row":3053,"estimated":true}},{"type":"Feature","id":"maus-30951","geometry":{"type":"Point","coordinates":[108.060014,-2.991518]},"properties":{"id":"maus-30951","type":"mining-area","name":"Mapped mining area 30951","country":"IDN","source_id":"maus-mining-2022","year":2019,"value":33.734209107936074,"unit":"km²","metric":"Mapped mining land area","original_value":33.734209107936074,"original_unit":"km²","source_row":30951,"estimated":true}},{"type":"Feature","id":"maus-6630","geometry":{"type":"Point","coordinates":[71.344696,25.9301]},"properties":{"id":"maus-6630","type":"mining-area","name":"Mapped mining area 6630","country":"IND","source_id":"maus-mining-2022","year":2019,"value":33.65718984488831,"unit":"km²","metric":"Mapped mining land area","original_value":33.65718984488831,"original_unit":"km²","source_row":6630,"estimated":true}},{"type":"Feature","id":"maus-15287","geometry":{"type":"Point","coordinates":[110.163694,39.36765]},"properties":{"id":"maus-15287","type":"mining-area","name":"Mapped mining area 15287","country":"CHN","source_id":"maus-mining-2022","year":2019,"value":33.610747360809654,"unit":"km²","metric":"Mapped mining land area","original_value":33.610747360809654,"original_unit":"km²","source_row":15287,"estimated":true}},{"type":"Feature","id":"maus-2756","geometry":{"type":"Point","coordinates":[-68.686078,-22.0025]},"properties":{"id":"maus-2756","type":"mining-area","name":"Mapped mining area 2756","country":"CHL","source_id":"maus-mining-2022","year":2019,"value":33.60775177267733,"unit":"km²","metric":"Mapped mining land area","original_value":33.60775177267733,"original_unit":"km²","source_row":2756,"estimated":true}},{"type":"Feature","id":"maus-4111","geometry":{"type":"Point","coordinates":[25.83462,-10.78125]},"properties":{"id":"maus-4111","type":"mining-area","name":"Mapped mining area 4111","country":"COD","source_id":"maus-mining-2022","year":2019,"value":33.596518863482885,"unit":"km²","metric":"Mapped mining land area","original_value":33.596518863482885,"original_unit":"km²","source_row":4111,"estimated":true}},{"type":"Feature","id":"maus-43438","geometry":{"type":"Point","coordinates":[137.686362,60.059471]},"properties":{"id":"maus-43438","type":"mining-area","name":"Mapped mining area 43438","country":"RUS","source_id":"maus-mining-2022","year":2019,"value":33.578453920960435,"unit":"km²","metric":"Mapped mining land area","original_value":33.578453920960435,"original_unit":"km²","source_row":43438,"estimated":true}},{"type":"Feature","id":"maus-1804","geometry":{"type":"Point","coordinates":[136.083871,-16.4288]},"properties":{"id":"maus-1804","type":"mining-area","name":"Mapped mining area 1804","country":"AUS","source_id":"maus-mining-2022","year":2019,"value":33.56906231094456,"unit":"km²","metric":"Mapped mining land area","original_value":33.56906231094456,"original_unit":"km²","source_row":1804,"estimated":true}},{"type":"Feature","id":"maus-13940","geometry":{"type":"Point","coordinates":[73.673282,50.86685]},"properties":{"id":"maus-13940","type":"mining-area","name":"Mapped mining area 13940","country":"KAZ","source_id":"maus-mining-2022","year":2019,"value":33.56499281212492,"unit":"km²","metric":"Mapped mining land area","original_value":33.56499281212492,"original_unit":"km²","source_row":13940,"estimated":true}},{"type":"Feature","id":"maus-43849","geometry":{"type":"Point","coordinates":[95.042404,24.629396]},"properties":{"id":"maus-43849","type":"mining-area","name":"Mapped mining area 43849","country":"MMR","source_id":"maus-mining-2022","year":2019,"value":33.4972977832989,"unit":"km²","metric":"Mapped mining land area","original_value":33.4972977832989,"original_unit":"km²","source_row":43849,"estimated":true}},{"type":"Feature","id":"maus-41798","geometry":{"type":"Point","coordinates":[110.123476,49.347925]},"properties":{"id":"maus-41798","type":"mining-area","name":"Mapped mining area 41798","country":"RUS","source_id":"maus-mining-2022","year":2019,"value":33.43762645967771,"unit":"km²","metric":"Mapped mining land area","original_value":33.43762645967771,"original_unit":"km²","source_row":41798,"estimated":true}},{"type":"Feature","id":"maus-43349","geometry":{"type":"Point","coordinates":[109.339349,0.319149]},"properties":{"id":"maus-43349","type":"mining-area","name":"Mapped mining area 43349","country":"IDN","source_id":"maus-mining-2022","year":2019,"value":33.19977273607857,"unit":"km²","metric":"Mapped mining land area","original_value":33.19977273607857,"original_unit":"km²","source_row":43349,"estimated":true}},{"type":"Feature","id":"maus-12354","geometry":{"type":"Point","coordinates":[99.144269,38.13305]},"properties":{"id":"maus-12354","type":"mining-area","name":"Mapped mining area 12354","country":"CHN","source_id":"maus-mining-2022","year":2019,"value":33.044631408269716,"unit":"km²","metric":"Mapped mining land area","original_value":33.044631408269716,"original_unit":"km²","source_row":12354,"estimated":true}},{"type":"Feature","id":"maus-18665","geometry":{"type":"Point","coordinates":[132.075359,44.06315]},"properties":{"id":"maus-18665","type":"mining-area","name":"Mapped mining area 18665","country":"RUS","source_id":"maus-mining-2022","year":2019,"value":32.94875160334643,"unit":"km²","metric":"Mapped mining land area","original_value":32.94875160334643,"original_unit":"km²","source_row":18665,"estimated":true}},{"type":"Feature","id":"maus-16866","geometry":{"type":"Point","coordinates":[86.176773,54.2861]},"properties":{"id":"maus-16866","type":"mining-area","name":"Mapped mining area 16866","country":"RUS","source_id":"maus-mining-2022","year":2019,"value":32.82210021905864,"unit":"km²","metric":"Mapped mining land area","original_value":32.82210021905864,"original_unit":"km²","source_row":16866,"estimated":true}},{"type":"Feature","id":"maus-18458","geometry":{"type":"Point","coordinates":[-114.315414,53.3282]},"properties":{"id":"maus-18458","type":"mining-area","name":"Mapped mining area 18458","country":"CAN","source_id":"maus-mining-2022","year":2019,"value":32.78854287603527,"unit":"km²","metric":"Mapped mining land area","original_value":32.78854287603527,"original_unit":"km²","source_row":18458,"estimated":true}},{"type":"Feature","id":"maus-42634","geometry":{"type":"Point","coordinates":[-59.122017,6.353091]},"properties":{"id":"maus-42634","type":"mining-area","name":"Mapped mining area 42634","country":"GUY","source_id":"maus-mining-2022","year":2019,"value":32.763941538060045,"unit":"km²","metric":"Mapped mining land area","original_value":32.763941538060045,"original_unit":"km²","source_row":42634,"estimated":true}},{"type":"Feature","id":"maus-44218","geometry":{"type":"Point","coordinates":[115.768943,-0.396485]},"properties":{"id":"maus-44218","type":"mining-area","name":"Mapped mining area 44218","country":"IDN","source_id":"maus-mining-2022","year":2019,"value":32.63328846621582,"unit":"km²","metric":"Mapped mining land area","original_value":32.63328846621582,"original_unit":"km²","source_row":44218,"estimated":true}},{"type":"Feature","id":"maus-3038","geometry":{"type":"Point","coordinates":[-68.718219,-20.9687]},"properties":{"id":"maus-3038","type":"mining-area","name":"Mapped mining area 3038","country":"CHL","source_id":"maus-mining-2022","year":2019,"value":32.565092566373664,"unit":"km²","metric":"Mapped mining land area","original_value":32.565092566373664,"original_unit":"km²","source_row":3038,"estimated":true}},{"type":"Feature","id":"maus-1888","geometry":{"type":"Point","coordinates":[119.960249,-22.46835]},"properties":{"id":"maus-1888","type":"mining-area","name":"Mapped mining area 1888","country":"AUS","source_id":"maus-mining-2022","year":2019,"value":32.51220772266908,"unit":"km²","metric":"Mapped mining land area","original_value":32.51220772266908,"original_unit":"km²","source_row":1888,"estimated":true}},{"type":"Feature","id":"maus-44773","geometry":{"type":"Point","coordinates":[69.526,43.553089]},"properties":{"id":"maus-44773","type":"mining-area","name":"Mapped mining area 44773","country":"KAZ","source_id":"maus-mining-2022","year":2019,"value":32.501856504590386,"unit":"km²","metric":"Mapped mining land area","original_value":32.501856504590386,"original_unit":"km²","source_row":44773,"estimated":true}},{"type":"Feature","id":"maus-20732","geometry":{"type":"Point","coordinates":[-70.039292,-29.303728]},"properties":{"id":"maus-20732","type":"mining-area","name":"Mapped mining area 20732","country":"CHL","source_id":"maus-mining-2022","year":2019,"value":32.50111986022353,"unit":"km²","metric":"Mapped mining land area","original_value":32.50111986022353,"original_unit":"km²","source_row":20732,"estimated":true}},{"type":"Feature","id":"maus-19188","geometry":{"type":"Point","coordinates":[114.265911,71.13365]},"properties":{"id":"maus-19188","type":"mining-area","name":"Mapped mining area 19188","country":"RUS","source_id":"maus-mining-2022","year":2019,"value":32.349129273256196,"unit":"km²","metric":"Mapped mining land area","original_value":32.349129273256196,"original_unit":"km²","source_row":19188,"estimated":true}},{"type":"Feature","id":"maus-11758","geometry":{"type":"Point","coordinates":[-94.827867,36.98695]},"properties":{"id":"maus-11758","type":"mining-area","name":"Mapped mining area 11758","country":"USA","source_id":"maus-mining-2022","year":2019,"value":32.345302095931316,"unit":"km²","metric":"Mapped mining land area","original_value":32.345302095931316,"original_unit":"km²","source_row":11758,"estimated":true}},{"type":"Feature","id":"maus-41584","geometry":{"type":"Point","coordinates":[-57.15467,-7.256627]},"properties":{"id":"maus-41584","type":"mining-area","name":"Mapped mining area 41584","country":"BRA","source_id":"maus-mining-2022","year":2019,"value":32.2894951505764,"unit":"km²","metric":"Mapped mining land area","original_value":32.2894951505764,"original_unit":"km²","source_row":41584,"estimated":true}},{"type":"Feature","id":"maus-3068","geometry":{"type":"Point","coordinates":[-65.769716,-19.6211]},"properties":{"id":"maus-3068","type":"mining-area","name":"Mapped mining area 3068","country":"BOL","source_id":"maus-mining-2022","year":2019,"value":32.27331493194744,"unit":"km²","metric":"Mapped mining land area","original_value":32.27331493194744,"original_unit":"km²","source_row":3068,"estimated":true}},{"type":"Feature","id":"maus-16525","geometry":{"type":"Point","coordinates":[20.888175,67.0695]},"properties":{"id":"maus-16525","type":"mining-area","name":"Mapped mining area 16525","country":"SWE","source_id":"maus-mining-2022","year":2019,"value":32.18933146953547,"unit":"km²","metric":"Mapped mining land area","original_value":32.18933146953547,"original_unit":"km²","source_row":16525,"estimated":true}},{"type":"Feature","id":"maus-44186","geometry":{"type":"Point","coordinates":[116.909666,-0.717042]},"properties":{"id":"maus-44186","type":"mining-area","name":"Mapped mining area 44186","country":"IDN","source_id":"maus-mining-2022","year":2019,"value":32.1410614772039,"unit":"km²","metric":"Mapped mining land area","original_value":32.1410614772039,"original_unit":"km²","source_row":44186,"estimated":true}},{"type":"Feature","id":"maus-705","geometry":{"type":"Point","coordinates":[148.728855,-23.00805]},"properties":{"id":"maus-705","type":"mining-area","name":"Mapped mining area 705","country":"AUS","source_id":"maus-mining-2022","year":2019,"value":32.118998453053166,"unit":"km²","metric":"Mapped mining land area","original_value":32.118998453053166,"original_unit":"km²","source_row":705,"estimated":true}},{"type":"Feature","id":"maus-41914","geometry":{"type":"Point","coordinates":[126.539129,54.314428]},"properties":{"id":"maus-41914","type":"mining-area","name":"Mapped mining area 41914","country":"RUS","source_id":"maus-mining-2022","year":2019,"value":32.03077527276908,"unit":"km²","metric":"Mapped mining land area","original_value":32.03077527276908,"original_unit":"km²","source_row":41914,"estimated":true}},{"type":"Feature","id":"maus-43984","geometry":{"type":"Point","coordinates":[146.365846,-38.192553]},"properties":{"id":"maus-43984","type":"mining-area","name":"Mapped mining area 43984","country":"AUS","source_id":"maus-mining-2022","year":2019,"value":31.928881690646133,"unit":"km²","metric":"Mapped mining land area","original_value":31.928881690646133,"original_unit":"km²","source_row":43984,"estimated":true}},{"type":"Feature","id":"maus-5628","geometry":{"type":"Point","coordinates":[7.313001,18.75565]},"properties":{"id":"maus-5628","type":"mining-area","name":"Mapped mining area 5628","country":"NER","source_id":"maus-mining-2022","year":2019,"value":31.928360157331465,"unit":"km²","metric":"Mapped mining land area","original_value":31.928360157331465,"original_unit":"km²","source_row":5628,"estimated":true}},{"type":"Feature","id":"maus-5476","geometry":{"type":"Point","coordinates":[-8.58698,11.64625]},"properties":{"id":"maus-5476","type":"mining-area","name":"Mapped mining area 5476","country":"MLI","source_id":"maus-mining-2022","year":2019,"value":31.922409416824387,"unit":"km²","metric":"Mapped mining land area","original_value":31.922409416824387,"original_unit":"km²","source_row":5476,"estimated":true}},{"type":"Feature","id":"maus-13535","geometry":{"type":"Point","coordinates":[93.665386,42.90005]},"properties":{"id":"maus-13535","type":"mining-area","name":"Mapped mining area 13535","country":"CHN","source_id":"maus-mining-2022","year":2019,"value":31.908304441522322,"unit":"km²","metric":"Mapped mining land area","original_value":31.908304441522322,"original_unit":"km²","source_row":13535,"estimated":true}},{"type":"Feature","id":"maus-41752","geometry":{"type":"Point","coordinates":[120.046009,54.298704]},"properties":{"id":"maus-41752","type":"mining-area","name":"Mapped mining area 41752","country":"RUS","source_id":"maus-mining-2022","year":2019,"value":31.895407368312288,"unit":"km²","metric":"Mapped mining land area","original_value":31.895407368312288,"original_unit":"km²","source_row":41752,"estimated":true}},{"type":"Feature","id":"maus-18356","geometry":{"type":"Point","coordinates":[119.729622,48.58705]},"properties":{"id":"maus-18356","type":"mining-area","name":"Mapped mining area 18356","country":"CHN","source_id":"maus-mining-2022","year":2019,"value":31.848186143977824,"unit":"km²","metric":"Mapped mining land area","original_value":31.848186143977824,"original_unit":"km²","source_row":18356,"estimated":true}},{"type":"Feature","id":"maus-416","geometry":{"type":"Point","coordinates":[150.82697,-32.26555]},"properties":{"id":"maus-416","type":"mining-area","name":"Mapped mining area 416","country":"AUS","source_id":"maus-mining-2022","year":2019,"value":31.82833730926184,"unit":"km²","metric":"Mapped mining land area","original_value":31.82833730926184,"original_unit":"km²","source_row":416,"estimated":true}},{"type":"Feature","id":"maus-43890","geometry":{"type":"Point","coordinates":[60.102241,58.360124]},"properties":{"id":"maus-43890","type":"mining-area","name":"Mapped mining area 43890","country":"RUS","source_id":"maus-mining-2022","year":2019,"value":31.728743908092174,"unit":"km²","metric":"Mapped mining land area","original_value":31.728743908092174,"original_unit":"km²","source_row":43890,"estimated":true}},{"type":"Feature","id":"maus-37952","geometry":{"type":"Point","coordinates":[-117.138807,40.518366]},"properties":{"id":"maus-37952","type":"mining-area","name":"Mapped mining area 37952","country":"USA","source_id":"maus-mining-2022","year":2019,"value":31.69741767037637,"unit":"km²","metric":"Mapped mining land area","original_value":31.69741767037637,"original_unit":"km²","source_row":37952,"estimated":true}},{"type":"Feature","id":"maus-44501","geometry":{"type":"Point","coordinates":[30.664636,64.69065]},"properties":{"id":"maus-44501","type":"mining-area","name":"Mapped mining area 44501","country":"RUS","source_id":"maus-mining-2022","year":2019,"value":31.647782256264676,"unit":"km²","metric":"Mapped mining land area","original_value":31.647782256264676,"original_unit":"km²","source_row":44501,"estimated":true}},{"type":"Feature","id":"maus-44205","geometry":{"type":"Point","coordinates":[117.197873,-0.6262]},"properties":{"id":"maus-44205","type":"mining-area","name":"Mapped mining area 44205","country":"IDN","source_id":"maus-mining-2022","year":2019,"value":31.571467830599996,"unit":"km²","metric":"Mapped mining land area","original_value":31.571467830599996,"original_unit":"km²","source_row":44205,"estimated":true}},{"type":"Feature","id":"maus-44605","geometry":{"type":"Point","coordinates":[115.124604,58.557694]},"properties":{"id":"maus-44605","type":"mining-area","name":"Mapped mining area 44605","country":"RUS","source_id":"maus-mining-2022","year":2019,"value":31.547545705242495,"unit":"km²","metric":"Mapped mining land area","original_value":31.547545705242495,"original_unit":"km²","source_row":44605,"estimated":true}},{"type":"Feature","id":"maus-4694","geometry":{"type":"Point","coordinates":[117.2579,-0.6541]},"properties":{"id":"maus-4694","type":"mining-area","name":"Mapped mining area 4694","country":"IDN","source_id":"maus-mining-2022","year":2019,"value":31.540283546805227,"unit":"km²","metric":"Mapped mining land area","original_value":31.540283546805227,"original_unit":"km²","source_row":4694,"estimated":true}},{"type":"Feature","id":"maus-3555","geometry":{"type":"Point","coordinates":[26.425791,-18.40325]},"properties":{"id":"maus-3555","type":"mining-area","name":"Mapped mining area 3555","country":"ZWE","source_id":"maus-mining-2022","year":2019,"value":31.539314375993627,"unit":"km²","metric":"Mapped mining land area","original_value":31.539314375993627,"original_unit":"km²","source_row":3555,"estimated":true}},{"type":"Feature","id":"maus-44797","geometry":{"type":"Point","coordinates":[-59.975124,7.496476]},"properties":{"id":"maus-44797","type":"mining-area","name":"Mapped mining area 44797","country":"GUY","source_id":"maus-mining-2022","year":2019,"value":31.464864412416848,"unit":"km²","metric":"Mapped mining land area","original_value":31.464864412416848,"original_unit":"km²","source_row":44797,"estimated":true}},{"type":"Feature","id":"maus-44524","geometry":{"type":"Point","coordinates":[88.172424,53.80775]},"properties":{"id":"maus-44524","type":"mining-area","name":"Mapped mining area 44524","country":"RUS","source_id":"maus-mining-2022","year":2019,"value":31.41532672712385,"unit":"km²","metric":"Mapped mining land area","original_value":31.41532672712385,"original_unit":"km²","source_row":44524,"estimated":true}},{"type":"Feature","id":"maus-43981","geometry":{"type":"Point","coordinates":[146.564905,-38.248423]},"properties":{"id":"maus-43981","type":"mining-area","name":"Mapped mining area 43981","country":"AUS","source_id":"maus-mining-2022","year":2019,"value":31.38413553069459,"unit":"km²","metric":"Mapped mining land area","original_value":31.38413553069459,"original_unit":"km²","source_row":43981,"estimated":true}},{"type":"Feature","id":"maus-17055","geometry":{"type":"Point","coordinates":[-106.662873,45.8526]},"properties":{"id":"maus-17055","type":"mining-area","name":"Mapped mining area 17055","country":"USA","source_id":"maus-mining-2022","year":2019,"value":31.371374412142,"unit":"km²","metric":"Mapped mining land area","original_value":31.371374412142,"original_unit":"km²","source_row":17055,"estimated":true}},{"type":"Feature","id":"maus-44596","geometry":{"type":"Point","coordinates":[118.675205,53.85675]},"properties":{"id":"maus-44596","type":"mining-area","name":"Mapped mining area 44596","country":"RUS","source_id":"maus-mining-2022","year":2019,"value":31.302509523467016,"unit":"km²","metric":"Mapped mining land area","original_value":31.302509523467016,"original_unit":"km²","source_row":44596,"estimated":true}},{"type":"Feature","id":"maus-16268","geometry":{"type":"Point","coordinates":[-117.092769,38.6927]},"properties":{"id":"maus-16268","type":"mining-area","name":"Mapped mining area 16268","country":"USA","source_id":"maus-mining-2022","year":2019,"value":31.2596317076197,"unit":"km²","metric":"Mapped mining land area","original_value":31.2596317076197,"original_unit":"km²","source_row":16268,"estimated":true}},{"type":"Feature","id":"maus-44689","geometry":{"type":"Point","coordinates":[-67.628862,-15.387191]},"properties":{"id":"maus-44689","type":"mining-area","name":"Mapped mining area 44689","country":"BOL","source_id":"maus-mining-2022","year":2019,"value":31.255483241201112,"unit":"km²","metric":"Mapped mining land area","original_value":31.255483241201112,"original_unit":"km²","source_row":44689,"estimated":true}},{"type":"Feature","id":"maus-42477","geometry":{"type":"Point","coordinates":[-58.913919,5.209107]},"properties":{"id":"maus-42477","type":"mining-area","name":"Mapped mining area 42477","country":"GUY","source_id":"maus-mining-2022","year":2019,"value":31.167050449465812,"unit":"km²","metric":"Mapped mining land area","original_value":31.167050449465812,"original_unit":"km²","source_row":42477,"estimated":true}},{"type":"Feature","id":"maus-42484","geometry":{"type":"Point","coordinates":[-59.149252,5.360031]},"properties":{"id":"maus-42484","type":"mining-area","name":"Mapped mining area 42484","country":"GUY","source_id":"maus-mining-2022","year":2019,"value":31.13200106240834,"unit":"km²","metric":"Mapped mining land area","original_value":31.13200106240834,"original_unit":"km²","source_row":42484,"estimated":true}},{"type":"Feature","id":"maus-44284","geometry":{"type":"Point","coordinates":[-59.04967,5.619517]},"properties":{"id":"maus-44284","type":"mining-area","name":"Mapped mining area 44284","country":"GUY","source_id":"maus-mining-2022","year":2019,"value":31.111490593060932,"unit":"km²","metric":"Mapped mining land area","original_value":31.111490593060932,"original_unit":"km²","source_row":44284,"estimated":true}},{"type":"Feature","id":"maus-44348","geometry":{"type":"Point","coordinates":[114.846614,-0.418536]},"properties":{"id":"maus-44348","type":"mining-area","name":"Mapped mining area 44348","country":"IDN","source_id":"maus-mining-2022","year":2019,"value":31.029473235680154,"unit":"km²","metric":"Mapped mining land area","original_value":31.029473235680154,"original_unit":"km²","source_row":44348,"estimated":true}},{"type":"Feature","id":"maus-44779","geometry":{"type":"Point","coordinates":[108.044057,-3.047268]},"properties":{"id":"maus-44779","type":"mining-area","name":"Mapped mining area 44779","country":"IDN","source_id":"maus-mining-2022","year":2019,"value":30.931447985476712,"unit":"km²","metric":"Mapped mining land area","original_value":30.931447985476712,"original_unit":"km²","source_row":44779,"estimated":true}},{"type":"Feature","id":"maus-43323","geometry":{"type":"Point","coordinates":[113.504623,-1.634256]},"properties":{"id":"maus-43323","type":"mining-area","name":"Mapped mining area 43323","country":"IDN","source_id":"maus-mining-2022","year":2019,"value":30.878206598869014,"unit":"km²","metric":"Mapped mining land area","original_value":30.878206598869014,"original_unit":"km²","source_row":43323,"estimated":true}},{"type":"Feature","id":"maus-7091","geometry":{"type":"Point","coordinates":[35.195276,31.09595]},"properties":{"id":"maus-7091","type":"mining-area","name":"Mapped mining area 7091","country":"ISR","source_id":"maus-mining-2022","year":2019,"value":30.86174311224461,"unit":"km²","metric":"Mapped mining land area","original_value":30.86174311224461,"original_unit":"km²","source_row":7091,"estimated":true}},{"type":"Feature","id":"maus-16862","geometry":{"type":"Point","coordinates":[20.146844,67.83895]},"properties":{"id":"maus-16862","type":"mining-area","name":"Mapped mining area 16862","country":"SWE","source_id":"maus-mining-2022","year":2019,"value":30.779340383026334,"unit":"km²","metric":"Mapped mining land area","original_value":30.779340383026334,"original_unit":"km²","source_row":16862,"estimated":true}},{"type":"Feature","id":"maus-977","geometry":{"type":"Point","coordinates":[116.302684,-33.4087]},"properties":{"id":"maus-977","type":"mining-area","name":"Mapped mining area 977","country":"AUS","source_id":"maus-mining-2022","year":2019,"value":30.648009531878287,"unit":"km²","metric":"Mapped mining land area","original_value":30.648009531878287,"original_unit":"km²","source_row":977,"estimated":true}},{"type":"Feature","id":"maus-12048","geometry":{"type":"Point","coordinates":[-110.596566,32.62705]},"properties":{"id":"maus-12048","type":"mining-area","name":"Mapped mining area 12048","country":"USA","source_id":"maus-mining-2022","year":2019,"value":30.640541371616422,"unit":"km²","metric":"Mapped mining land area","original_value":30.640541371616422,"original_unit":"km²","source_row":12048,"estimated":true}},{"type":"Feature","id":"maus-44848","geometry":{"type":"Point","coordinates":[-8.396909,32.216296]},"properties":{"id":"maus-44848","type":"mining-area","name":"Mapped mining area 44848","country":"MAR","source_id":"maus-mining-2022","year":2019,"value":30.63637064098104,"unit":"km²","metric":"Mapped mining land area","original_value":30.63637064098104,"original_unit":"km²","source_row":44848,"estimated":true}},{"type":"Feature","id":"maus-43988","geometry":{"type":"Point","coordinates":[151.090456,-32.418262]},"properties":{"id":"maus-43988","type":"mining-area","name":"Mapped mining area 43988","country":"AUS","source_id":"maus-mining-2022","year":2019,"value":30.60124204177863,"unit":"km²","metric":"Mapped mining land area","original_value":30.60124204177863,"original_unit":"km²","source_row":43988,"estimated":true}},{"type":"Feature","id":"maus-35635","geometry":{"type":"Point","coordinates":[29.846206,37.852898]},"properties":{"id":"maus-35635","type":"mining-area","name":"Mapped mining area 35635","country":"TUR","source_id":"maus-mining-2022","year":2019,"value":30.537198346899686,"unit":"km²","metric":"Mapped mining land area","original_value":30.537198346899686,"original_unit":"km²","source_row":35635,"estimated":true}},{"type":"Feature","id":"maus-44253","geometry":{"type":"Point","coordinates":[-54.742225,4.421309]},"properties":{"id":"maus-44253","type":"mining-area","name":"Mapped mining area 44253","country":"SUR","source_id":"maus-mining-2022","year":2019,"value":30.523487237470697,"unit":"km²","metric":"Mapped mining land area","original_value":30.523487237470697,"original_unit":"km²","source_row":44253,"estimated":true}},{"type":"Feature","id":"maus-44698","geometry":{"type":"Point","coordinates":[-56.527798,-14.511409]},"properties":{"id":"maus-44698","type":"mining-area","name":"Mapped mining area 44698","country":"BRA","source_id":"maus-mining-2022","year":2019,"value":30.522203949078794,"unit":"km²","metric":"Mapped mining land area","original_value":30.522203949078794,"original_unit":"km²","source_row":44698,"estimated":true}},{"type":"Feature","id":"maus-8618","geometry":{"type":"Point","coordinates":[20.343538,44.4193]},"properties":{"id":"maus-8618","type":"mining-area","name":"Mapped mining area 8618","country":"SRB","source_id":"maus-mining-2022","year":2019,"value":30.475071501966536,"unit":"km²","metric":"Mapped mining land area","original_value":30.475071501966536,"original_unit":"km²","source_row":8618,"estimated":true}},{"type":"Feature","id":"maus-2354","geometry":{"type":"Point","coordinates":[-70.05994,-23.4305]},"properties":{"id":"maus-2354","type":"mining-area","name":"Mapped mining area 2354","country":"CHL","source_id":"maus-mining-2022","year":2019,"value":30.45895710199121,"unit":"km²","metric":"Mapped mining land area","original_value":30.45895710199121,"original_unit":"km²","source_row":2354,"estimated":true}},{"type":"Feature","id":"maus-43419","geometry":{"type":"Point","coordinates":[110.070275,-0.573583]},"properties":{"id":"maus-43419","type":"mining-area","name":"Mapped mining area 43419","country":"IDN","source_id":"maus-mining-2022","year":2019,"value":30.374129101426817,"unit":"km²","metric":"Mapped mining land area","original_value":30.374129101426817,"original_unit":"km²","source_row":43419,"estimated":true}},{"type":"Feature","id":"maus-27137","geometry":{"type":"Point","coordinates":[108.450097,40.142665]},"properties":{"id":"maus-27137","type":"mining-area","name":"Mapped mining area 27137","country":"CHN","source_id":"maus-mining-2022","year":2019,"value":30.30937887805236,"unit":"km²","metric":"Mapped mining land area","original_value":30.30937887805236,"original_unit":"km²","source_row":27137,"estimated":true}},{"type":"Feature","id":"maus-20048","geometry":{"type":"Point","coordinates":[134.676473,-29.02183]},"properties":{"id":"maus-20048","type":"mining-area","name":"Mapped mining area 20048","country":"AUS","source_id":"maus-mining-2022","year":2019,"value":30.235414865293126,"unit":"km²","metric":"Mapped mining land area","original_value":30.235414865293126,"original_unit":"km²","source_row":20048,"estimated":true}},{"type":"Feature","id":"maus-17150","geometry":{"type":"Point","coordinates":[90.195034,54.02955]},"properties":{"id":"maus-17150","type":"mining-area","name":"Mapped mining area 17150","country":"RUS","source_id":"maus-mining-2022","year":2019,"value":29.987993007302418,"unit":"km²","metric":"Mapped mining land area","original_value":29.987993007302418,"original_unit":"km²","source_row":17150,"estimated":true}},{"type":"Feature","id":"maus-3066","geometry":{"type":"Point","coordinates":[29.31474,-22.43565]},"properties":{"id":"maus-3066","type":"mining-area","name":"Mapped mining area 3066","country":"ZAF","source_id":"maus-mining-2022","year":2019,"value":29.9710739465541,"unit":"km²","metric":"Mapped mining land area","original_value":29.9710739465541,"original_unit":"km²","source_row":3066,"estimated":true}},{"type":"Feature","id":"maus-44855","geometry":{"type":"Point","coordinates":[96.075422,25.50107]},"properties":{"id":"maus-44855","type":"mining-area","name":"Mapped mining area 44855","country":"MMR","source_id":"maus-mining-2022","year":2019,"value":29.87787189459758,"unit":"km²","metric":"Mapped mining land area","original_value":29.87787189459758,"original_unit":"km²","source_row":44855,"estimated":true}},{"type":"Feature","id":"maus-44317","geometry":{"type":"Point","coordinates":[-61.458502,6.479952]},"properties":{"id":"maus-44317","type":"mining-area","name":"Mapped mining area 44317","country":"VEN","source_id":"maus-mining-2022","year":2019,"value":29.874978174514876,"unit":"km²","metric":"Mapped mining land area","original_value":29.874978174514876,"original_unit":"km²","source_row":44317,"estimated":true}},{"type":"Feature","id":"maus-11664","geometry":{"type":"Point","coordinates":[78.185944,41.853]},"properties":{"id":"maus-11664","type":"mining-area","name":"Mapped mining area 11664","country":"KGZ","source_id":"maus-mining-2022","year":2019,"value":29.773591713749052,"unit":"km²","metric":"Mapped mining land area","original_value":29.773591713749052,"original_unit":"km²","source_row":11664,"estimated":true}},{"type":"Feature","id":"maus-434","geometry":{"type":"Point","coordinates":[149.005976,-33.48645]},"properties":{"id":"maus-434","type":"mining-area","name":"Mapped mining area 434","country":"AUS","source_id":"maus-mining-2022","year":2019,"value":29.764002832668325,"unit":"km²","metric":"Mapped mining land area","original_value":29.764002832668325,"original_unit":"km²","source_row":434,"estimated":true}},{"type":"Feature","id":"maus-38721","geometry":{"type":"Point","coordinates":[149.407178,62.935087]},"properties":{"id":"maus-38721","type":"mining-area","name":"Mapped mining area 38721","country":"RUS","source_id":"maus-mining-2022","year":2019,"value":29.75784296070109,"unit":"km²","metric":"Mapped mining land area","original_value":29.75784296070109,"original_unit":"km²","source_row":38721,"estimated":true}},{"type":"Feature","id":"maus-17021","geometry":{"type":"Point","coordinates":[118.553024,39.97305]},"properties":{"id":"maus-17021","type":"mining-area","name":"Mapped mining area 17021","country":"CHN","source_id":"maus-mining-2022","year":2019,"value":29.75570437198331,"unit":"km²","metric":"Mapped mining land area","original_value":29.75570437198331,"original_unit":"km²","source_row":17021,"estimated":true}},{"type":"Feature","id":"maus-750","geometry":{"type":"Point","coordinates":[147.748167,-20.5622]},"properties":{"id":"maus-750","type":"mining-area","name":"Mapped mining area 750","country":"AUS","source_id":"maus-mining-2022","year":2019,"value":29.731138007635057,"unit":"km²","metric":"Mapped mining land area","original_value":29.731138007635057,"original_unit":"km²","source_row":750,"estimated":true}},{"type":"Feature","id":"maus-41562","geometry":{"type":"Point","coordinates":[-57.026704,-6.960362]},"properties":{"id":"maus-41562","type":"mining-area","name":"Mapped mining area 41562","country":"BRA","source_id":"maus-mining-2022","year":2019,"value":29.729832891003035,"unit":"km²","metric":"Mapped mining land area","original_value":29.729832891003035,"original_unit":"km²","source_row":41562,"estimated":true}},{"type":"Feature","id":"maus-6600","geometry":{"type":"Point","coordinates":[73.817224,25.12885]},"properties":{"id":"maus-6600","type":"mining-area","name":"Mapped mining area 6600","country":"IND","source_id":"maus-mining-2022","year":2019,"value":29.69099778980011,"unit":"km²","metric":"Mapped mining land area","original_value":29.69099778980011,"original_unit":"km²","source_row":6600,"estimated":true}},{"type":"Feature","id":"maus-12810","geometry":{"type":"Point","coordinates":[-107.869511,35.65925]},"properties":{"id":"maus-12810","type":"mining-area","name":"Mapped mining area 12810","country":"USA","source_id":"maus-mining-2022","year":2019,"value":29.662336440362388,"unit":"km²","metric":"Mapped mining land area","original_value":29.662336440362388,"original_unit":"km²","source_row":12810,"estimated":true}},{"type":"Feature","id":"maus-44768","geometry":{"type":"Point","coordinates":[-60.005408,7.587474]},"properties":{"id":"maus-44768","type":"mining-area","name":"Mapped mining area 44768","country":"GUY","source_id":"maus-mining-2022","year":2019,"value":29.623544239822493,"unit":"km²","metric":"Mapped mining land area","original_value":29.623544239822493,"original_unit":"km²","source_row":44768,"estimated":true}},{"type":"Feature","id":"maus-14409","geometry":{"type":"Point","coordinates":[106.340156,39.2162]},"properties":{"id":"maus-14409","type":"mining-area","name":"Mapped mining area 14409","country":"CHN","source_id":"maus-mining-2022","year":2019,"value":29.59424501248813,"unit":"km²","metric":"Mapped mining land area","original_value":29.59424501248813,"original_unit":"km²","source_row":14409,"estimated":true}},{"type":"Feature","id":"maus-38718","geometry":{"type":"Point","coordinates":[150.098691,62.764631]},"properties":{"id":"maus-38718","type":"mining-area","name":"Mapped mining area 38718","country":"RUS","source_id":"maus-mining-2022","year":2019,"value":29.530156307581052,"unit":"km²","metric":"Mapped mining land area","original_value":29.530156307581052,"original_unit":"km²","source_row":38718,"estimated":true}},{"type":"Feature","id":"maus-3835","geometry":{"type":"Point","coordinates":[-76.135748,-11.63875]},"properties":{"id":"maus-3835","type":"mining-area","name":"Mapped mining area 3835","country":"PER","source_id":"maus-mining-2022","year":2019,"value":29.525874808950064,"unit":"km²","metric":"Mapped mining land area","original_value":29.525874808950064,"original_unit":"km²","source_row":3835,"estimated":true}},{"type":"Feature","id":"maus-16864","geometry":{"type":"Point","coordinates":[-116.707199,40.24555]},"properties":{"id":"maus-16864","type":"mining-area","name":"Mapped mining area 16864","country":"USA","source_id":"maus-mining-2022","year":2019,"value":29.521795078278622,"unit":"km²","metric":"Mapped mining land area","original_value":29.521795078278622,"original_unit":"km²","source_row":16864,"estimated":true}},{"type":"Feature","id":"maus-718","geometry":{"type":"Point","coordinates":[148.392755,-21.7292]},"properties":{"id":"maus-718","type":"mining-area","name":"Mapped mining area 718","country":"AUS","source_id":"maus-mining-2022","year":2019,"value":29.516292209947835,"unit":"km²","metric":"Mapped mining land area","original_value":29.516292209947835,"original_unit":"km²","source_row":718,"estimated":true}},{"type":"Feature","id":"maus-29352","geometry":{"type":"Point","coordinates":[114.584346,24.129444]},"properties":{"id":"maus-29352","type":"mining-area","name":"Mapped mining area 29352","country":"CHN","source_id":"maus-mining-2022","year":2019,"value":29.507545367251588,"unit":"km²","metric":"Mapped mining land area","original_value":29.507545367251588,"original_unit":"km²","source_row":29352,"estimated":true}},{"type":"Feature","id":"maus-5498","geometry":{"type":"Point","coordinates":[-73.490588,9.76235]},"properties":{"id":"maus-5498","type":"mining-area","name":"Mapped mining area 5498","country":"COL","source_id":"maus-mining-2022","year":2019,"value":29.43046830695437,"unit":"km²","metric":"Mapped mining land area","original_value":29.43046830695437,"original_unit":"km²","source_row":5498,"estimated":true}},{"type":"Feature","id":"maus-43999","geometry":{"type":"Point","coordinates":[148.767247,-22.94285]},"properties":{"id":"maus-43999","type":"mining-area","name":"Mapped mining area 43999","country":"AUS","source_id":"maus-mining-2022","year":2019,"value":29.42928050681365,"unit":"km²","metric":"Mapped mining land area","original_value":29.42928050681365,"original_unit":"km²","source_row":43999,"estimated":true}},{"type":"Feature","id":"maus-41932","geometry":{"type":"Point","coordinates":[127.371139,54.35639]},"properties":{"id":"maus-41932","type":"mining-area","name":"Mapped mining area 41932","country":"RUS","source_id":"maus-mining-2022","year":2019,"value":29.370449030395203,"unit":"km²","metric":"Mapped mining land area","original_value":29.370449030395203,"original_unit":"km²","source_row":41932,"estimated":true}},{"type":"Feature","id":"maus-2280","geometry":{"type":"Point","coordinates":[23.498532,-28.37425]},"properties":{"id":"maus-2280","type":"mining-area","name":"Mapped mining area 2280","country":"ZAF","source_id":"maus-mining-2022","year":2019,"value":29.28127725523579,"unit":"km²","metric":"Mapped mining land area","original_value":29.28127725523579,"original_unit":"km²","source_row":2280,"estimated":true}},{"type":"Feature","id":"maus-44798","geometry":{"type":"Point","coordinates":[-60.05569,7.3847]},"properties":{"id":"maus-44798","type":"mining-area","name":"Mapped mining area 44798","country":"GUY","source_id":"maus-mining-2022","year":2019,"value":29.273762478006077,"unit":"km²","metric":"Mapped mining land area","original_value":29.273762478006077,"original_unit":"km²","source_row":44798,"estimated":true}},{"type":"Feature","id":"maus-12748","geometry":{"type":"Point","coordinates":[74.966959,46.9784]},"properties":{"id":"maus-12748","type":"mining-area","name":"Mapped mining area 12748","country":"KAZ","source_id":"maus-mining-2022","year":2019,"value":29.25838558544916,"unit":"km²","metric":"Mapped mining land area","original_value":29.25838558544916,"original_unit":"km²","source_row":12748,"estimated":true}},{"type":"Feature","id":"maus-19397","geometry":{"type":"Point","coordinates":[143.422189,63.9532]},"properties":{"id":"maus-19397","type":"mining-area","name":"Mapped mining area 19397","country":"RUS","source_id":"maus-mining-2022","year":2019,"value":29.145561874579737,"unit":"km²","metric":"Mapped mining land area","original_value":29.145561874579737,"original_unit":"km²","source_row":19397,"estimated":true}},{"type":"Feature","id":"maus-41559","geometry":{"type":"Point","coordinates":[-56.771841,-7.09242]},"properties":{"id":"maus-41559","type":"mining-area","name":"Mapped mining area 41559","country":"BRA","source_id":"maus-mining-2022","year":2019,"value":29.136077277323764,"unit":"km²","metric":"Mapped mining land area","original_value":29.136077277323764,"original_unit":"km²","source_row":41559,"estimated":true}},{"type":"Feature","id":"maus-20814","geometry":{"type":"Point","coordinates":[118.940705,-22.99898]},"properties":{"id":"maus-20814","type":"mining-area","name":"Mapped mining area 20814","country":"AUS","source_id":"maus-mining-2022","year":2019,"value":29.106792377365924,"unit":"km²","metric":"Mapped mining land area","original_value":29.106792377365924,"original_unit":"km²","source_row":20814,"estimated":true}},{"type":"Feature","id":"maus-41560","geometry":{"type":"Point","coordinates":[-57.023545,-6.862955]},"properties":{"id":"maus-41560","type":"mining-area","name":"Mapped mining area 41560","country":"BRA","source_id":"maus-mining-2022","year":2019,"value":29.042838216778442,"unit":"km²","metric":"Mapped mining land area","original_value":29.042838216778442,"original_unit":"km²","source_row":41560,"estimated":true}},{"type":"Feature","id":"maus-13490","geometry":{"type":"Point","coordinates":[73.087217,49.8644]},"properties":{"id":"maus-13490","type":"mining-area","name":"Mapped mining area 13490","country":"KAZ","source_id":"maus-mining-2022","year":2019,"value":29.014292737933378,"unit":"km²","metric":"Mapped mining land area","original_value":29.014292737933378,"original_unit":"km²","source_row":13490,"estimated":true}},{"type":"Feature","id":"maus-3662","geometry":{"type":"Point","coordinates":[-71.316617,-14.8913]},"properties":{"id":"maus-3662","type":"mining-area","name":"Mapped mining area 3662","country":"PER","source_id":"maus-mining-2022","year":2019,"value":28.995075420340147,"unit":"km²","metric":"Mapped mining land area","original_value":28.995075420340147,"original_unit":"km²","source_row":3662,"estimated":true}},{"type":"Feature","id":"maus-3783","geometry":{"type":"Point","coordinates":[-49.393895,-14.2272]},"properties":{"id":"maus-3783","type":"mining-area","name":"Mapped mining area 3783","country":"BRA","source_id":"maus-mining-2022","year":2019,"value":28.98288208325961,"unit":"km²","metric":"Mapped mining land area","original_value":28.98288208325961,"original_unit":"km²","source_row":3783,"estimated":true}},{"type":"Feature","id":"maus-41854","geometry":{"type":"Point","coordinates":[118.679223,52.766482]},"properties":{"id":"maus-41854","type":"mining-area","name":"Mapped mining area 41854","country":"RUS","source_id":"maus-mining-2022","year":2019,"value":28.945824178308317,"unit":"km²","metric":"Mapped mining land area","original_value":28.945824178308317,"original_unit":"km²","source_row":41854,"estimated":true}},{"type":"Feature","id":"maus-42761","geometry":{"type":"Point","coordinates":[-60.174876,7.569272]},"properties":{"id":"maus-42761","type":"mining-area","name":"Mapped mining area 42761","country":"GUY","source_id":"maus-mining-2022","year":2019,"value":28.91437370084618,"unit":"km²","metric":"Mapped mining land area","original_value":28.91437370084618,"original_unit":"km²","source_row":42761,"estimated":true}},{"type":"Feature","id":"maus-696","geometry":{"type":"Point","coordinates":[147.531608,-22.68625]},"properties":{"id":"maus-696","type":"mining-area","name":"Mapped mining area 696","country":"AUS","source_id":"maus-mining-2022","year":2019,"value":28.910142801035217,"unit":"km²","metric":"Mapped mining land area","original_value":28.910142801035217,"original_unit":"km²","source_row":696,"estimated":true}},{"type":"Feature","id":"maus-44069","geometry":{"type":"Point","coordinates":[-69.582448,-26.25695]},"properties":{"id":"maus-44069","type":"mining-area","name":"Mapped mining area 44069","country":"CHL","source_id":"maus-mining-2022","year":2019,"value":28.88254707693212,"unit":"km²","metric":"Mapped mining land area","original_value":28.88254707693212,"original_unit":"km²","source_row":44069,"estimated":true}},{"type":"Feature","id":"maus-11321","geometry":{"type":"Point","coordinates":[14.899322,50.9092]},"properties":{"id":"maus-11321","type":"mining-area","name":"Mapped mining area 11321","country":"POL","source_id":"maus-mining-2022","year":2019,"value":28.87458165534525,"unit":"km²","metric":"Mapped mining land area","original_value":28.87458165534525,"original_unit":"km²","source_row":11321,"estimated":true}},{"type":"Feature","id":"maus-2866","geometry":{"type":"Point","coordinates":[29.401257,-25.8056]},"properties":{"id":"maus-2866","type":"mining-area","name":"Mapped mining area 2866","country":"ZAF","source_id":"maus-mining-2022","year":2019,"value":28.84859129333605,"unit":"km²","metric":"Mapped mining land area","original_value":28.84859129333605,"original_unit":"km²","source_row":2866,"estimated":true}},{"type":"Feature","id":"maus-29568","geometry":{"type":"Point","coordinates":[-75.708559,20.539337]},"properties":{"id":"maus-29568","type":"mining-area","name":"Mapped mining area 29568","country":"CUB","source_id":"maus-mining-2022","year":2019,"value":28.830921477593964,"unit":"km²","metric":"Mapped mining land area","original_value":28.830921477593964,"original_unit":"km²","source_row":29568,"estimated":true}},{"type":"Feature","id":"maus-697","geometry":{"type":"Point","coordinates":[148.444782,-21.84965]},"properties":{"id":"maus-697","type":"mining-area","name":"Mapped mining area 697","country":"AUS","source_id":"maus-mining-2022","year":2019,"value":28.822576453418975,"unit":"km²","metric":"Mapped mining land area","original_value":28.822576453418975,"original_unit":"km²","source_row":697,"estimated":true}},{"type":"Feature","id":"maus-44666","geometry":{"type":"Point","coordinates":[-56.786123,-5.409323]},"properties":{"id":"maus-44666","type":"mining-area","name":"Mapped mining area 44666","country":"BRA","source_id":"maus-mining-2022","year":2019,"value":28.7028078161904,"unit":"km²","metric":"Mapped mining land area","original_value":28.7028078161904,"original_unit":"km²","source_row":44666,"estimated":true}},{"type":"Feature","id":"maus-41506","geometry":{"type":"Point","coordinates":[-56.323631,-7.285181]},"properties":{"id":"maus-41506","type":"mining-area","name":"Mapped mining area 41506","country":"BRA","source_id":"maus-mining-2022","year":2019,"value":28.661687473432757,"unit":"km²","metric":"Mapped mining land area","original_value":28.661687473432757,"original_unit":"km²","source_row":41506,"estimated":true}},{"type":"Feature","id":"maus-17376","geometry":{"type":"Point","coordinates":[104.102848,49.10515]},"properties":{"id":"maus-17376","type":"mining-area","name":"Mapped mining area 17376","country":"MNG","source_id":"maus-mining-2022","year":2019,"value":28.646436692389127,"unit":"km²","metric":"Mapped mining land area","original_value":28.646436692389127,"original_unit":"km²","source_row":17376,"estimated":true}},{"type":"Feature","id":"maus-15065","geometry":{"type":"Point","coordinates":[110.242764,39.0307]},"properties":{"id":"maus-15065","type":"mining-area","name":"Mapped mining area 15065","country":"CHN","source_id":"maus-mining-2022","year":2019,"value":28.633028703778503,"unit":"km²","metric":"Mapped mining land area","original_value":28.633028703778503,"original_unit":"km²","source_row":15065,"estimated":true}},{"type":"Feature","id":"maus-686","geometry":{"type":"Point","coordinates":[148.488757,-22.7805]},"properties":{"id":"maus-686","type":"mining-area","name":"Mapped mining area 686","country":"AUS","source_id":"maus-mining-2022","year":2019,"value":28.61928724324057,"unit":"km²","metric":"Mapped mining land area","original_value":28.61928724324057,"original_unit":"km²","source_row":686,"estimated":true}},{"type":"Feature","id":"maus-1561","geometry":{"type":"Point","coordinates":[120.544739,-27.2333]},"properties":{"id":"maus-1561","type":"mining-area","name":"Mapped mining area 1561","country":"AUS","source_id":"maus-mining-2022","year":2019,"value":28.556245793617677,"unit":"km²","metric":"Mapped mining land area","original_value":28.556245793617677,"original_unit":"km²","source_row":1561,"estimated":true}},{"type":"Feature","id":"maus-43440","geometry":{"type":"Point","coordinates":[134.294386,70.636285]},"properties":{"id":"maus-43440","type":"mining-area","name":"Mapped mining area 43440","country":"RUS","source_id":"maus-mining-2022","year":2019,"value":28.518820978295906,"unit":"km²","metric":"Mapped mining land area","original_value":28.518820978295906,"original_unit":"km²","source_row":43440,"estimated":true}},{"type":"Feature","id":"maus-2316","geometry":{"type":"Point","coordinates":[22.999539,-28.30445]},"properties":{"id":"maus-2316","type":"mining-area","name":"Mapped mining area 2316","country":"ZAF","source_id":"maus-mining-2022","year":2019,"value":28.51489074998869,"unit":"km²","metric":"Mapped mining land area","original_value":28.51489074998869,"original_unit":"km²","source_row":2316,"estimated":true}},{"type":"Feature","id":"maus-11809","geometry":{"type":"Point","coordinates":[-108.109194,32.663]},"properties":{"id":"maus-11809","type":"mining-area","name":"Mapped mining area 11809","country":"USA","source_id":"maus-mining-2022","year":2019,"value":28.507792473005402,"unit":"km²","metric":"Mapped mining land area","original_value":28.507792473005402,"original_unit":"km²","source_row":11809,"estimated":true}},{"type":"Feature","id":"maus-4399","geometry":{"type":"Point","coordinates":[-50.074253,-6.4369]},"properties":{"id":"maus-4399","type":"mining-area","name":"Mapped mining area 4399","country":"BRA","source_id":"maus-mining-2022","year":2019,"value":28.454625242013062,"unit":"km²","metric":"Mapped mining land area","original_value":28.454625242013062,"original_unit":"km²","source_row":4399,"estimated":true}},{"type":"Feature","id":"maus-36527","geometry":{"type":"Point","coordinates":[-115.479268,33.872625]},"properties":{"id":"maus-36527","type":"mining-area","name":"Mapped mining area 36527","country":"USA","source_id":"maus-mining-2022","year":2019,"value":28.388646404374086,"unit":"km²","metric":"Mapped mining land area","original_value":28.388646404374086,"original_unit":"km²","source_row":36527,"estimated":true}},{"type":"Feature","id":"maus-19856","geometry":{"type":"Point","coordinates":[146.376871,-22.024172]},"properties":{"id":"maus-19856","type":"mining-area","name":"Mapped mining area 19856","country":"AUS","source_id":"maus-mining-2022","year":2019,"value":28.382443647291456,"unit":"km²","metric":"Mapped mining land area","original_value":28.382443647291456,"original_unit":"km²","source_row":19856,"estimated":true}},{"type":"Feature","id":"maus-44168","geometry":{"type":"Point","coordinates":[32.173049,-2.8417]},"properties":{"id":"maus-44168","type":"mining-area","name":"Mapped mining area 44168","country":"TZA","source_id":"maus-mining-2022","year":2019,"value":28.27960876307072,"unit":"km²","metric":"Mapped mining land area","original_value":28.27960876307072,"original_unit":"km²","source_row":44168,"estimated":true}},{"type":"Feature","id":"maus-44614","geometry":{"type":"Point","coordinates":[123.061368,54.368013]},"properties":{"id":"maus-44614","type":"mining-area","name":"Mapped mining area 44614","country":"RUS","source_id":"maus-mining-2022","year":2019,"value":28.189239267500252,"unit":"km²","metric":"Mapped mining land area","original_value":28.189239267500252,"original_unit":"km²","source_row":44614,"estimated":true}},{"type":"Feature","id":"maus-671","geometry":{"type":"Point","coordinates":[148.954058,-23.3865]},"properties":{"id":"maus-671","type":"mining-area","name":"Mapped mining area 671","country":"AUS","source_id":"maus-mining-2022","year":2019,"value":28.127049187468746,"unit":"km²","metric":"Mapped mining land area","original_value":28.127049187468746,"original_unit":"km²","source_row":671,"estimated":true}},{"type":"Feature","id":"maus-7686","geometry":{"type":"Point","coordinates":[37.067261,38.35375]},"properties":{"id":"maus-7686","type":"mining-area","name":"Mapped mining area 7686","country":"TUR","source_id":"maus-mining-2022","year":2019,"value":28.04579415438279,"unit":"km²","metric":"Mapped mining land area","original_value":28.04579415438279,"original_unit":"km²","source_row":7686,"estimated":true}},{"type":"Feature","id":"maus-4271","geometry":{"type":"Point","coordinates":[-80.844573,-6.0486]},"properties":{"id":"maus-4271","type":"mining-area","name":"Mapped mining area 4271","country":"PER","source_id":"maus-mining-2022","year":2019,"value":27.973013190416374,"unit":"km²","metric":"Mapped mining land area","original_value":27.973013190416374,"original_unit":"km²","source_row":4271,"estimated":true}},{"type":"Feature","id":"maus-16021","geometry":{"type":"Point","coordinates":[106.888631,43.01675]},"properties":{"id":"maus-16021","type":"mining-area","name":"Mapped mining area 16021","country":"MNG","source_id":"maus-mining-2022","year":2019,"value":27.968466529134954,"unit":"km²","metric":"Mapped mining land area","original_value":27.968466529134954,"original_unit":"km²","source_row":16021,"estimated":true}},{"type":"Feature","id":"maus-44239","geometry":{"type":"Point","coordinates":[116.133561,0.534823]},"properties":{"id":"maus-44239","type":"mining-area","name":"Mapped mining area 44239","country":"IDN","source_id":"maus-mining-2022","year":2019,"value":27.961087255193082,"unit":"km²","metric":"Mapped mining land area","original_value":27.961087255193082,"original_unit":"km²","source_row":44239,"estimated":true}},{"type":"Feature","id":"maus-4712","geometry":{"type":"Point","coordinates":[-56.440654,-1.6816]},"properties":{"id":"maus-4712","type":"mining-area","name":"Mapped mining area 4712","country":"BRA","source_id":"maus-mining-2022","year":2019,"value":27.833299332554645,"unit":"km²","metric":"Mapped mining land area","original_value":27.833299332554645,"original_unit":"km²","source_row":4712,"estimated":true}},{"type":"Feature","id":"maus-26694","geometry":{"type":"Point","coordinates":[-69.814941,-20.242026]},"properties":{"id":"maus-26694","type":"mining-area","name":"Mapped mining area 26694","country":"CHL","source_id":"maus-mining-2022","year":2019,"value":27.831802609126846,"unit":"km²","metric":"Mapped mining land area","original_value":27.831802609126846,"original_unit":"km²","source_row":26694,"estimated":true}},{"type":"Feature","id":"maus-42635","geometry":{"type":"Point","coordinates":[-59.050628,6.372339]},"properties":{"id":"maus-42635","type":"mining-area","name":"Mapped mining area 42635","country":"GUY","source_id":"maus-mining-2022","year":2019,"value":27.750670652566097,"unit":"km²","metric":"Mapped mining land area","original_value":27.750670652566097,"original_unit":"km²","source_row":42635,"estimated":true}},{"type":"Feature","id":"maus-10283","geometry":{"type":"Point","coordinates":[69.40889,40.77575]},"properties":{"id":"maus-10283","type":"mining-area","name":"Mapped mining area 10283","country":"UZB","source_id":"maus-mining-2022","year":2019,"value":27.635232763949983,"unit":"km²","metric":"Mapped mining land area","original_value":27.635232763949983,"original_unit":"km²","source_row":10283,"estimated":true}},{"type":"Feature","id":"maus-44126","geometry":{"type":"Point","coordinates":[-56.321887,-6.516538]},"properties":{"id":"maus-44126","type":"mining-area","name":"Mapped mining area 44126","country":"BRA","source_id":"maus-mining-2022","year":2019,"value":27.58760796788506,"unit":"km²","metric":"Mapped mining land area","original_value":27.58760796788506,"original_unit":"km²","source_row":44126,"estimated":true}},{"type":"Feature","id":"maus-1971","geometry":{"type":"Point","coordinates":[118.662406,-20.3476]},"properties":{"id":"maus-1971","type":"mining-area","name":"Mapped mining area 1971","country":"AUS","source_id":"maus-mining-2022","year":2019,"value":27.454904942587255,"unit":"km²","metric":"Mapped mining land area","original_value":27.454904942587255,"original_unit":"km²","source_row":1971,"estimated":true}},{"type":"Feature","id":"maus-44512","geometry":{"type":"Point","coordinates":[87.778315,53.61915]},"properties":{"id":"maus-44512","type":"mining-area","name":"Mapped mining area 44512","country":"RUS","source_id":"maus-mining-2022","year":2019,"value":27.444678935000628,"unit":"km²","metric":"Mapped mining land area","original_value":27.444678935000628,"original_unit":"km²","source_row":44512,"estimated":true}},{"type":"Feature","id":"maus-5219","geometry":{"type":"Point","coordinates":[117.24368,3.6912]},"properties":{"id":"maus-5219","type":"mining-area","name":"Mapped mining area 5219","country":"IDN","source_id":"maus-mining-2022","year":2019,"value":27.255200475774558,"unit":"km²","metric":"Mapped mining land area","original_value":27.255200475774558,"original_unit":"km²","source_row":5219,"estimated":true}},{"type":"Feature","id":"maus-44004","geometry":{"type":"Point","coordinates":[147.833447,-20.664599]},"properties":{"id":"maus-44004","type":"mining-area","name":"Mapped mining area 44004","country":"AUS","source_id":"maus-mining-2022","year":2019,"value":27.236441411907865,"unit":"km²","metric":"Mapped mining land area","original_value":27.236441411907865,"original_unit":"km²","source_row":44004,"estimated":true}},{"type":"Feature","id":"maus-5240","geometry":{"type":"Point","coordinates":[-2.360615,7.0279]},"properties":{"id":"maus-5240","type":"mining-area","name":"Mapped mining area 5240","country":"GHA","source_id":"maus-mining-2022","year":2019,"value":27.213375811392936,"unit":"km²","metric":"Mapped mining land area","original_value":27.213375811392936,"original_unit":"km²","source_row":5240,"estimated":true}},{"type":"Feature","id":"maus-44870","geometry":{"type":"Point","coordinates":[116.828483,58.736247]},"properties":{"id":"maus-44870","type":"mining-area","name":"Mapped mining area 44870","country":"RUS","source_id":"maus-mining-2022","year":2019,"value":27.160239642020223,"unit":"km²","metric":"Mapped mining land area","original_value":27.160239642020223,"original_unit":"km²","source_row":44870,"estimated":true}},{"type":"Feature","id":"maus-16971","geometry":{"type":"Point","coordinates":[-117.169061,40.7175]},"properties":{"id":"maus-16971","type":"mining-area","name":"Mapped mining area 16971","country":"USA","source_id":"maus-mining-2022","year":2019,"value":27.154830783097886,"unit":"km²","metric":"Mapped mining land area","original_value":27.154830783097886,"original_unit":"km²","source_row":16971,"estimated":true}},{"type":"Feature","id":"maus-44508","geometry":{"type":"Point","coordinates":[86.87752,54.266984]},"properties":{"id":"maus-44508","type":"mining-area","name":"Mapped mining area 44508","country":"RUS","source_id":"maus-mining-2022","year":2019,"value":27.05122120369238,"unit":"km²","metric":"Mapped mining land area","original_value":27.05122120369238,"original_unit":"km²","source_row":44508,"estimated":true}},{"type":"Feature","id":"maus-41757","geometry":{"type":"Point","coordinates":[120.082109,53.916962]},"properties":{"id":"maus-41757","type":"mining-area","name":"Mapped mining area 41757","country":"RUS","source_id":"maus-mining-2022","year":2019,"value":27.035520479446117,"unit":"km²","metric":"Mapped mining land area","original_value":27.035520479446117,"original_unit":"km²","source_row":41757,"estimated":true}},{"type":"Feature","id":"maus-1338","geometry":{"type":"Point","coordinates":[139.454585,-20.74275]},"properties":{"id":"maus-1338","type":"mining-area","name":"Mapped mining area 1338","country":"AUS","source_id":"maus-mining-2022","year":2019,"value":27.033739097642787,"unit":"km²","metric":"Mapped mining land area","original_value":27.033739097642787,"original_unit":"km²","source_row":1338,"estimated":true}},{"type":"Feature","id":"maus-13066","geometry":{"type":"Point","coordinates":[59.927354,51.00005]},"properties":{"id":"maus-13066","type":"mining-area","name":"Mapped mining area 13066","country":"RUS","source_id":"maus-mining-2022","year":2019,"value":27.011985637591728,"unit":"km²","metric":"Mapped mining land area","original_value":27.011985637591728,"original_unit":"km²","source_row":13066,"estimated":true}},{"type":"Feature","id":"maus-9646","geometry":{"type":"Point","coordinates":[-81.982485,38.08195]},"properties":{"id":"maus-9646","type":"mining-area","name":"Mapped mining area 9646","country":"USA","source_id":"maus-mining-2022","year":2019,"value":26.96511329141383,"unit":"km²","metric":"Mapped mining land area","original_value":26.96511329141383,"original_unit":"km²","source_row":9646,"estimated":true}},{"type":"Feature","id":"maus-30954","geometry":{"type":"Point","coordinates":[108.20108,-2.922275]},"properties":{"id":"maus-30954","type":"mining-area","name":"Mapped mining area 30954","country":"IDN","source_id":"maus-mining-2022","year":2019,"value":26.92408261457801,"unit":"km²","metric":"Mapped mining land area","original_value":26.92408261457801,"original_unit":"km²","source_row":30954,"estimated":true}},{"type":"Feature","id":"maus-14093","geometry":{"type":"Point","coordinates":[-106.199709,39.4052]},"properties":{"id":"maus-14093","type":"mining-area","name":"Mapped mining area 14093","country":"USA","source_id":"maus-mining-2022","year":2019,"value":26.91636165271097,"unit":"km²","metric":"Mapped mining land area","original_value":26.91636165271097,"original_unit":"km²","source_row":14093,"estimated":true}},{"type":"Feature","id":"maus-12138","geometry":{"type":"Point","coordinates":[-108.065148,32.7925]},"properties":{"id":"maus-12138","type":"mining-area","name":"Mapped mining area 12138","country":"USA","source_id":"maus-mining-2022","year":2019,"value":26.9152978798331,"unit":"km²","metric":"Mapped mining land area","original_value":26.9152978798331,"original_unit":"km²","source_row":12138,"estimated":true}},{"type":"Feature","id":"maus-18855","geometry":{"type":"Point","coordinates":[121.97267,53.01675]},"properties":{"id":"maus-18855","type":"mining-area","name":"Mapped mining area 18855","country":"CHN","source_id":"maus-mining-2022","year":2019,"value":26.90964849099252,"unit":"km²","metric":"Mapped mining land area","original_value":26.90964849099252,"original_unit":"km²","source_row":18855,"estimated":true}},{"type":"Feature","id":"maus-38571","geometry":{"type":"Point","coordinates":[117.225949,58.611601]},"properties":{"id":"maus-38571","type":"mining-area","name":"Mapped mining area 38571","country":"RUS","source_id":"maus-mining-2022","year":2019,"value":26.85630035127681,"unit":"km²","metric":"Mapped mining land area","original_value":26.85630035127681,"original_unit":"km²","source_row":38571,"estimated":true}},{"type":"Feature","id":"maus-458","geometry":{"type":"Point","coordinates":[149.775583,-32.26475]},"properties":{"id":"maus-458","type":"mining-area","name":"Mapped mining area 458","country":"AUS","source_id":"maus-mining-2022","year":2019,"value":26.821624897449244,"unit":"km²","metric":"Mapped mining land area","original_value":26.821624897449244,"original_unit":"km²","source_row":458,"estimated":true}},{"type":"Feature","id":"maus-44532","geometry":{"type":"Point","coordinates":[86.021319,55.70535]},"properties":{"id":"maus-44532","type":"mining-area","name":"Mapped mining area 44532","country":"RUS","source_id":"maus-mining-2022","year":2019,"value":26.788482695477303,"unit":"km²","metric":"Mapped mining land area","original_value":26.788482695477303,"original_unit":"km²","source_row":44532,"estimated":true}},{"type":"Feature","id":"maus-9414","geometry":{"type":"Point","coordinates":[-82.712388,37.00925]},"properties":{"id":"maus-9414","type":"mining-area","name":"Mapped mining area 9414","country":"USA","source_id":"maus-mining-2022","year":2019,"value":26.71891085783221,"unit":"km²","metric":"Mapped mining land area","original_value":26.71891085783221,"original_unit":"km²","source_row":9414,"estimated":true}},{"type":"Feature","id":"maus-1011","geometry":{"type":"Point","coordinates":[116.060023,-33.2279]},"properties":{"id":"maus-1011","type":"mining-area","name":"Mapped mining area 1011","country":"AUS","source_id":"maus-mining-2022","year":2019,"value":26.706407060150074,"unit":"km²","metric":"Mapped mining land area","original_value":26.706407060150074,"original_unit":"km²","source_row":1011,"estimated":true}},{"type":"Feature","id":"maus-44883","geometry":{"type":"Point","coordinates":[-89.532764,46.780915]},"properties":{"id":"maus-44883","type":"mining-area","name":"Mapped mining area 44883","country":"USA","source_id":"maus-mining-2022","year":2019,"value":26.489601298379764,"unit":"km²","metric":"Mapped mining land area","original_value":26.489601298379764,"original_unit":"km²","source_row":44883,"estimated":true}},{"type":"Feature","id":"maus-30946","geometry":{"type":"Point","coordinates":[107.664392,-3.197501]},"properties":{"id":"maus-30946","type":"mining-area","name":"Mapped mining area 30946","country":"IDN","source_id":"maus-mining-2022","year":2019,"value":26.477349087985413,"unit":"km²","metric":"Mapped mining land area","original_value":26.477349087985413,"original_unit":"km²","source_row":30946,"estimated":true}},{"type":"Feature","id":"maus-20764","geometry":{"type":"Point","coordinates":[117.19611,-22.59543]},"properties":{"id":"maus-20764","type":"mining-area","name":"Mapped mining area 20764","country":"AUS","source_id":"maus-mining-2022","year":2019,"value":26.377337322409446,"unit":"km²","metric":"Mapped mining land area","original_value":26.377337322409446,"original_unit":"km²","source_row":20764,"estimated":true}},{"type":"Feature","id":"maus-17545","geometry":{"type":"Point","coordinates":[119.217212,42.0036]},"properties":{"id":"maus-17545","type":"mining-area","name":"Mapped mining area 17545","country":"CHN","source_id":"maus-mining-2022","year":2019,"value":26.317286388811233,"unit":"km²","metric":"Mapped mining land area","original_value":26.317286388811233,"original_unit":"km²","source_row":17545,"estimated":true}},{"type":"Feature","id":"maus-19077","geometry":{"type":"Point","coordinates":[128.456322,50.3189]},"properties":{"id":"maus-19077","type":"mining-area","name":"Mapped mining area 19077","country":"RUS","source_id":"maus-mining-2022","year":2019,"value":26.299360975691183,"unit":"km²","metric":"Mapped mining land area","original_value":26.299360975691183,"original_unit":"km²","source_row":19077,"estimated":true}},{"type":"Feature","id":"maus-41399","geometry":{"type":"Point","coordinates":[-57.395205,-6.189046]},"properties":{"id":"maus-41399","type":"mining-area","name":"Mapped mining area 41399","country":"BRA","source_id":"maus-mining-2022","year":2019,"value":26.2633073545695,"unit":"km²","metric":"Mapped mining land area","original_value":26.2633073545695,"original_unit":"km²","source_row":41399,"estimated":true}},{"type":"Feature","id":"maus-18586","geometry":{"type":"Point","coordinates":[-117.498083,53.5682]},"properties":{"id":"maus-18586","type":"mining-area","name":"Mapped mining area 18586","country":"CAN","source_id":"maus-mining-2022","year":2019,"value":26.241875849380538,"unit":"km²","metric":"Mapped mining land area","original_value":26.241875849380538,"original_unit":"km²","source_row":18586,"estimated":true}},{"type":"Feature","id":"maus-44232","geometry":{"type":"Point","coordinates":[117.239704,0.11683]},"properties":{"id":"maus-44232","type":"mining-area","name":"Mapped mining area 44232","country":"IDN","source_id":"maus-mining-2022","year":2019,"value":26.235420112100872,"unit":"km²","metric":"Mapped mining land area","original_value":26.235420112100872,"original_unit":"km²","source_row":44232,"estimated":true}},{"type":"Feature","id":"maus-44615","geometry":{"type":"Point","coordinates":[123.761806,54.2622]},"properties":{"id":"maus-44615","type":"mining-area","name":"Mapped mining area 44615","country":"RUS","source_id":"maus-mining-2022","year":2019,"value":26.227565465625318,"unit":"km²","metric":"Mapped mining land area","original_value":26.227565465625318,"original_unit":"km²","source_row":44615,"estimated":true}},{"type":"Feature","id":"maus-41966","geometry":{"type":"Point","coordinates":[125.793636,55.840685]},"properties":{"id":"maus-41966","type":"mining-area","name":"Mapped mining area 41966","country":"RUS","source_id":"maus-mining-2022","year":2019,"value":26.226883901862116,"unit":"km²","metric":"Mapped mining land area","original_value":26.226883901862116,"original_unit":"km²","source_row":41966,"estimated":true}},{"type":"Feature","id":"maus-42602","geometry":{"type":"Point","coordinates":[-59.383599,6.613728]},"properties":{"id":"maus-42602","type":"mining-area","name":"Mapped mining area 42602","country":"GUY","source_id":"maus-mining-2022","year":2019,"value":26.22222928850763,"unit":"km²","metric":"Mapped mining land area","original_value":26.22222928850763,"original_unit":"km²","source_row":42602,"estimated":true}},{"type":"Feature","id":"maus-9762","geometry":{"type":"Point","coordinates":[70.196122,41.0495]},"properties":{"id":"maus-9762","type":"mining-area","name":"Mapped mining area 9762","country":"UZB","source_id":"maus-mining-2022","year":2019,"value":26.123353413198476,"unit":"km²","metric":"Mapped mining land area","original_value":26.123353413198476,"original_unit":"km²","source_row":9762,"estimated":true}},{"type":"Feature","id":"maus-8482","geometry":{"type":"Point","coordinates":[-97.265318,30.34765]},"properties":{"id":"maus-8482","type":"mining-area","name":"Mapped mining area 8482","country":"USA","source_id":"maus-mining-2022","year":2019,"value":25.979551331287464,"unit":"km²","metric":"Mapped mining land area","original_value":25.979551331287464,"original_unit":"km²","source_row":8482,"estimated":true}},{"type":"Feature","id":"maus-44525","geometry":{"type":"Point","coordinates":[88.171957,53.75685]},"properties":{"id":"maus-44525","type":"mining-area","name":"Mapped mining area 44525","country":"RUS","source_id":"maus-mining-2022","year":2019,"value":25.9541297844058,"unit":"km²","metric":"Mapped mining land area","original_value":25.9541297844058,"original_unit":"km²","source_row":44525,"estimated":true}},{"type":"Feature","id":"maus-30942","geometry":{"type":"Point","coordinates":[107.626331,-2.975356]},"properties":{"id":"maus-30942","type":"mining-area","name":"Mapped mining area 30942","country":"IDN","source_id":"maus-mining-2022","year":2019,"value":25.952360765790765,"unit":"km²","metric":"Mapped mining land area","original_value":25.952360765790765,"original_unit":"km²","source_row":30942,"estimated":true}},{"type":"Feature","id":"maus-17534","geometry":{"type":"Point","coordinates":[-112.503134,46.03125]},"properties":{"id":"maus-17534","type":"mining-area","name":"Mapped mining area 17534","country":"USA","source_id":"maus-mining-2022","year":2019,"value":25.91267636234043,"unit":"km²","metric":"Mapped mining land area","original_value":25.91267636234043,"original_unit":"km²","source_row":17534,"estimated":true}},{"type":"Feature","id":"maus-13030","geometry":{"type":"Point","coordinates":[92.992159,42.3916]},"properties":{"id":"maus-13030","type":"mining-area","name":"Mapped mining area 13030","country":"CHN","source_id":"maus-mining-2022","year":2019,"value":25.857453343930036,"unit":"km²","metric":"Mapped mining land area","original_value":25.857453343930036,"original_unit":"km²","source_row":13030,"estimated":true}},{"type":"Feature","id":"maus-41813","geometry":{"type":"Point","coordinates":[107.382252,49.482995]},"properties":{"id":"maus-41813","type":"mining-area","name":"Mapped mining area 41813","country":"MNG","source_id":"maus-mining-2022","year":2019,"value":25.8001698335794,"unit":"km²","metric":"Mapped mining land area","original_value":25.8001698335794,"original_unit":"km²","source_row":41813,"estimated":true}},{"type":"Feature","id":"maus-8387","geometry":{"type":"Point","coordinates":[-103.786333,28.0407]},"properties":{"id":"maus-8387","type":"mining-area","name":"Mapped mining area 8387","country":"MEX","source_id":"maus-mining-2022","year":2019,"value":25.791894002574914,"unit":"km²","metric":"Mapped mining land area","original_value":25.791894002574914,"original_unit":"km²","source_row":8387,"estimated":true}},{"type":"Feature","id":"maus-23296","geometry":{"type":"Point","coordinates":[-51.452933,-8.029596]},"properties":{"id":"maus-23296","type":"mining-area","name":"Mapped mining area 23296","country":"BRA","source_id":"maus-mining-2022","year":2019,"value":25.76093746862813,"unit":"km²","metric":"Mapped mining land area","original_value":25.76093746862813,"original_unit":"km²","source_row":23296,"estimated":true}},{"type":"Feature","id":"maus-44750","geometry":{"type":"Point","coordinates":[-3.426159,6.340418]},"properties":{"id":"maus-44750","type":"mining-area","name":"Mapped mining area 44750","country":"CIV","source_id":"maus-mining-2022","year":2019,"value":25.756369259726817,"unit":"km²","metric":"Mapped mining land area","original_value":25.756369259726817,"original_unit":"km²","source_row":44750,"estimated":true}},{"type":"Feature","id":"maus-42766","geometry":{"type":"Point","coordinates":[-60.111295,7.335267]},"properties":{"id":"maus-42766","type":"mining-area","name":"Mapped mining area 42766","country":"GUY","source_id":"maus-mining-2022","year":2019,"value":25.719327540588697,"unit":"km²","metric":"Mapped mining land area","original_value":25.719327540588697,"original_unit":"km²","source_row":42766,"estimated":true}},{"type":"Feature","id":"maus-3693","geometry":{"type":"Point","coordinates":[-69.465948,-14.67515]},"properties":{"id":"maus-3693","type":"mining-area","name":"Mapped mining area 3693","country":"PER","source_id":"maus-mining-2022","year":2019,"value":25.689363649198196,"unit":"km²","metric":"Mapped mining land area","original_value":25.689363649198196,"original_unit":"km²","source_row":3693,"estimated":true}},{"type":"Feature","id":"maus-20049","geometry":{"type":"Point","coordinates":[134.699382,-29.050024]},"properties":{"id":"maus-20049","type":"mining-area","name":"Mapped mining area 20049","country":"AUS","source_id":"maus-mining-2022","year":2019,"value":25.63528638521467,"unit":"km²","metric":"Mapped mining land area","original_value":25.63528638521467,"original_unit":"km²","source_row":20049,"estimated":true}},{"type":"Feature","id":"maus-30731","geometry":{"type":"Point","coordinates":[115.205052,-1.625587]},"properties":{"id":"maus-30731","type":"mining-area","name":"Mapped mining area 30731","country":"IDN","source_id":"maus-mining-2022","year":2019,"value":25.632922658757103,"unit":"km²","metric":"Mapped mining land area","original_value":25.632922658757103,"original_unit":"km²","source_row":30731,"estimated":true}},{"type":"Feature","id":"maus-18370","geometry":{"type":"Point","coordinates":[-122.812633,46.7285]},"properties":{"id":"maus-18370","type":"mining-area","name":"Mapped mining area 18370","country":"USA","source_id":"maus-mining-2022","year":2019,"value":25.62493825978067,"unit":"km²","metric":"Mapped mining land area","original_value":25.62493825978067,"original_unit":"km²","source_row":18370,"estimated":true}},{"type":"Feature","id":"maus-18071","geometry":{"type":"Point","coordinates":[123.618201,41.47185]},"properties":{"id":"maus-18071","type":"mining-area","name":"Mapped mining area 18071","country":"CHN","source_id":"maus-mining-2022","year":2019,"value":25.58025737756092,"unit":"km²","metric":"Mapped mining land area","original_value":25.58025737756092,"original_unit":"km²","source_row":18071,"estimated":true}},{"type":"Feature","id":"maus-42620","geometry":{"type":"Point","coordinates":[-59.525978,6.271001]},"properties":{"id":"maus-42620","type":"mining-area","name":"Mapped mining area 42620","country":"GUY","source_id":"maus-mining-2022","year":2019,"value":25.55747308151046,"unit":"km²","metric":"Mapped mining land area","original_value":25.55747308151046,"original_unit":"km²","source_row":42620,"estimated":true}},{"type":"Feature","id":"maus-17610","geometry":{"type":"Point","coordinates":[87.429744,53.51515]},"properties":{"id":"maus-17610","type":"mining-area","name":"Mapped mining area 17610","country":"RUS","source_id":"maus-mining-2022","year":2019,"value":25.556339043798893,"unit":"km²","metric":"Mapped mining land area","original_value":25.556339043798893,"original_unit":"km²","source_row":17610,"estimated":true}},{"type":"Feature","id":"maus-9874","geometry":{"type":"Point","coordinates":[33.350169,48.0342]},"properties":{"id":"maus-9874","type":"mining-area","name":"Mapped mining area 9874","country":"UKR","source_id":"maus-mining-2022","year":2019,"value":25.55545341435522,"unit":"km²","metric":"Mapped mining land area","original_value":25.55545341435522,"original_unit":"km²","source_row":9874,"estimated":true}},{"type":"Feature","id":"maus-43997","geometry":{"type":"Point","coordinates":[148.250913,-22.0606]},"properties":{"id":"maus-43997","type":"mining-area","name":"Mapped mining area 43997","country":"AUS","source_id":"maus-mining-2022","year":2019,"value":25.53730986826714,"unit":"km²","metric":"Mapped mining land area","original_value":25.53730986826714,"original_unit":"km²","source_row":43997,"estimated":true}},{"type":"Feature","id":"maus-44000","geometry":{"type":"Point","coordinates":[148.477904,-23.0881]},"properties":{"id":"maus-44000","type":"mining-area","name":"Mapped mining area 44000","country":"AUS","source_id":"maus-mining-2022","year":2019,"value":25.508447848193022,"unit":"km²","metric":"Mapped mining land area","original_value":25.508447848193022,"original_unit":"km²","source_row":44000,"estimated":true}},{"type":"Feature","id":"maus-42955","geometry":{"type":"Point","coordinates":[-1.983834,5.656286]},"properties":{"id":"maus-42955","type":"mining-area","name":"Mapped mining area 42955","country":"GHA","source_id":"maus-mining-2022","year":2019,"value":25.38836655272236,"unit":"km²","metric":"Mapped mining land area","original_value":25.38836655272236,"original_unit":"km²","source_row":42955,"estimated":true}},{"type":"Feature","id":"maus-42402","geometry":{"type":"Point","coordinates":[-54.650924,4.864699]},"properties":{"id":"maus-42402","type":"mining-area","name":"Mapped mining area 42402","country":"SUR","source_id":"maus-mining-2022","year":2019,"value":25.378773577684637,"unit":"km²","metric":"Mapped mining land area","original_value":25.378773577684637,"original_unit":"km²","source_row":42402,"estimated":true}},{"type":"Feature","id":"maus-10095","geometry":{"type":"Point","coordinates":[-76.27483,40.80355]},"properties":{"id":"maus-10095","type":"mining-area","name":"Mapped mining area 10095","country":"USA","source_id":"maus-mining-2022","year":2019,"value":25.373950384918892,"unit":"km²","metric":"Mapped mining land area","original_value":25.373950384918892,"original_unit":"km²","source_row":10095,"estimated":true}},{"type":"Feature","id":"maus-44244","geometry":{"type":"Point","coordinates":[117.686128,1.049926]},"properties":{"id":"maus-44244","type":"mining-area","name":"Mapped mining area 44244","country":"IDN","source_id":"maus-mining-2022","year":2019,"value":25.36443606757661,"unit":"km²","metric":"Mapped mining land area","original_value":25.36443606757661,"original_unit":"km²","source_row":44244,"estimated":true}},{"type":"Feature","id":"maus-44896","geometry":{"type":"Point","coordinates":[-57.578701,-6.861928]},"properties":{"id":"maus-44896","type":"mining-area","name":"Mapped mining area 44896","country":"BRA","source_id":"maus-mining-2022","year":2019,"value":25.335864593389,"unit":"km²","metric":"Mapped mining land area","original_value":25.335864593389,"original_unit":"km²","source_row":44896,"estimated":true}},{"type":"Feature","id":"maus-8741","geometry":{"type":"Point","coordinates":[-89.253481,33.3956]},"properties":{"id":"maus-8741","type":"mining-area","name":"Mapped mining area 8741","country":"USA","source_id":"maus-mining-2022","year":2019,"value":25.335473231413097,"unit":"km²","metric":"Mapped mining land area","original_value":25.335473231413097,"original_unit":"km²","source_row":8741,"estimated":true}},{"type":"Feature","id":"maus-43830","geometry":{"type":"Point","coordinates":[96.162198,24.72634]},"properties":{"id":"maus-43830","type":"mining-area","name":"Mapped mining area 43830","country":"MMR","source_id":"maus-mining-2022","year":2019,"value":25.274764789256793,"unit":"km²","metric":"Mapped mining land area","original_value":25.274764789256793,"original_unit":"km²","source_row":43830,"estimated":true}},{"type":"Feature","id":"maus-3051","geometry":{"type":"Point","coordinates":[-69.262593,-20.0613]},"properties":{"id":"maus-3051","type":"mining-area","name":"Mapped mining area 3051","country":"CHL","source_id":"maus-mining-2022","year":2019,"value":25.27157556192059,"unit":"km²","metric":"Mapped mining land area","original_value":25.27157556192059,"original_unit":"km²","source_row":3051,"estimated":true}},{"type":"Feature","id":"maus-14335","geometry":{"type":"Point","coordinates":[-87.520497,46.41405]},"properties":{"id":"maus-14335","type":"mining-area","name":"Mapped mining area 14335","country":"USA","source_id":"maus-mining-2022","year":2019,"value":25.22551124427415,"unit":"km²","metric":"Mapped mining land area","original_value":25.22551124427415,"original_unit":"km²","source_row":14335,"estimated":true}},{"type":"Feature","id":"maus-4001","geometry":{"type":"Point","coordinates":[25.310047,-12.1884]},"properties":{"id":"maus-4001","type":"mining-area","name":"Mapped mining area 4001","country":"ZMB","source_id":"maus-mining-2022","year":2019,"value":25.219461284720037,"unit":"km²","metric":"Mapped mining land area","original_value":25.219461284720037,"original_unit":"km²","source_row":4001,"estimated":true}},{"type":"Feature","id":"maus-42360","geometry":{"type":"Point","coordinates":[-55.07978,4.301293]},"properties":{"id":"maus-42360","type":"mining-area","name":"Mapped mining area 42360","country":"SUR","source_id":"maus-mining-2022","year":2019,"value":25.185758683329407,"unit":"km²","metric":"Mapped mining land area","original_value":25.185758683329407,"original_unit":"km²","source_row":42360,"estimated":true}},{"type":"Feature","id":"maus-2319","geometry":{"type":"Point","coordinates":[26.800104,-28.02335]},"properties":{"id":"maus-2319","type":"mining-area","name":"Mapped mining area 2319","country":"ZAF","source_id":"maus-mining-2022","year":2019,"value":25.166820111863917,"unit":"km²","metric":"Mapped mining land area","original_value":25.166820111863917,"original_unit":"km²","source_row":2319,"estimated":true}},{"type":"Feature","id":"maus-8770","geometry":{"type":"Point","coordinates":[23.174262,44.93045]},"properties":{"id":"maus-8770","type":"mining-area","name":"Mapped mining area 8770","country":"ROU","source_id":"maus-mining-2022","year":2019,"value":25.09803025832085,"unit":"km²","metric":"Mapped mining land area","original_value":25.09803025832085,"original_unit":"km²","source_row":8770,"estimated":true}},{"type":"Feature","id":"maus-34392","geometry":{"type":"Point","coordinates":[114.126519,62.479181]},"properties":{"id":"maus-34392","type":"mining-area","name":"Mapped mining area 34392","country":"RUS","source_id":"maus-mining-2022","year":2019,"value":25.089189709878955,"unit":"km²","metric":"Mapped mining land area","original_value":25.089189709878955,"original_unit":"km²","source_row":34392,"estimated":true}},{"type":"Feature","id":"maus-44456","geometry":{"type":"Point","coordinates":[110.6265,39.38555]},"properties":{"id":"maus-44456","type":"mining-area","name":"Mapped mining area 44456","country":"CHN","source_id":"maus-mining-2022","year":2019,"value":25.04747382456815,"unit":"km²","metric":"Mapped mining land area","original_value":25.04747382456815,"original_unit":"km²","source_row":44456,"estimated":true}},{"type":"Feature","id":"maus-44177","geometry":{"type":"Point","coordinates":[117.042598,-0.945213]},"properties":{"id":"maus-44177","type":"mining-area","name":"Mapped mining area 44177","country":"IDN","source_id":"maus-mining-2022","year":2019,"value":25.001074134723115,"unit":"km²","metric":"Mapped mining land area","original_value":25.001074134723115,"original_unit":"km²","source_row":44177,"estimated":true}},{"type":"Feature","id":"maus-44203","geometry":{"type":"Point","coordinates":[117.234606,-0.478292]},"properties":{"id":"maus-44203","type":"mining-area","name":"Mapped mining area 44203","country":"IDN","source_id":"maus-mining-2022","year":2019,"value":24.981139707284537,"unit":"km²","metric":"Mapped mining land area","original_value":24.981139707284537,"original_unit":"km²","source_row":44203,"estimated":true}},{"type":"Feature","id":"maus-44199","geometry":{"type":"Point","coordinates":[116.922012,-0.543806]},"properties":{"id":"maus-44199","type":"mining-area","name":"Mapped mining area 44199","country":"IDN","source_id":"maus-mining-2022","year":2019,"value":24.970312221904187,"unit":"km²","metric":"Mapped mining land area","original_value":24.970312221904187,"original_unit":"km²","source_row":44199,"estimated":true}},{"type":"Feature","id":"maus-43338","geometry":{"type":"Point","coordinates":[111.572015,0.148231]},"properties":{"id":"maus-43338","type":"mining-area","name":"Mapped mining area 43338","country":"IDN","source_id":"maus-mining-2022","year":2019,"value":24.92274074604818,"unit":"km²","metric":"Mapped mining land area","original_value":24.92274074604818,"original_unit":"km²","source_row":43338,"estimated":true}},{"type":"Feature","id":"maus-3039","geometry":{"type":"Point","coordinates":[-68.629333,-20.98715]},"properties":{"id":"maus-3039","type":"mining-area","name":"Mapped mining area 3039","country":"CHL","source_id":"maus-mining-2022","year":2019,"value":24.85829208161785,"unit":"km²","metric":"Mapped mining land area","original_value":24.85829208161785,"original_unit":"km²","source_row":3039,"estimated":true}},{"type":"Feature","id":"maus-1125","geometry":{"type":"Point","coordinates":[116.352435,-32.76165]},"properties":{"id":"maus-1125","type":"mining-area","name":"Mapped mining area 1125","country":"AUS","source_id":"maus-mining-2022","year":2019,"value":24.84340572617508,"unit":"km²","metric":"Mapped mining land area","original_value":24.84340572617508,"original_unit":"km²","source_row":1125,"estimated":true}},{"type":"Feature","id":"maus-3251","geometry":{"type":"Point","coordinates":[-46.852098,-19.8653]},"properties":{"id":"maus-3251","type":"mining-area","name":"Mapped mining area 3251","country":"BRA","source_id":"maus-mining-2022","year":2019,"value":24.83578148743919,"unit":"km²","metric":"Mapped mining land area","original_value":24.83578148743919,"original_unit":"km²","source_row":3251,"estimated":true}},{"type":"Feature","id":"maus-3112","geometry":{"type":"Point","coordinates":[15.064394,-22.5811]},"properties":{"id":"maus-3112","type":"mining-area","name":"Mapped mining area 3112","country":"NAM","source_id":"maus-mining-2022","year":2019,"value":24.807427911758484,"unit":"km²","metric":"Mapped mining land area","original_value":24.807427911758484,"original_unit":"km²","source_row":3112,"estimated":true}},{"type":"Feature","id":"maus-44449","geometry":{"type":"Point","coordinates":[58.811017,54.919015]},"properties":{"id":"maus-44449","type":"mining-area","name":"Mapped mining area 44449","country":"RUS","source_id":"maus-mining-2022","year":2019,"value":24.742055363646095,"unit":"km²","metric":"Mapped mining land area","original_value":24.742055363646095,"original_unit":"km²","source_row":44449,"estimated":true}},{"type":"Feature","id":"maus-38108","geometry":{"type":"Point","coordinates":[57.704038,23.553522]},"properties":{"id":"maus-38108","type":"mining-area","name":"Mapped mining area 38108","country":"OMN","source_id":"maus-mining-2022","year":2019,"value":24.701584902507037,"unit":"km²","metric":"Mapped mining land area","original_value":24.701584902507037,"original_unit":"km²","source_row":38108,"estimated":true}},{"type":"Feature","id":"maus-17577","geometry":{"type":"Point","coordinates":[112.912583,43.2543]},"properties":{"id":"maus-17577","type":"mining-area","name":"Mapped mining area 17577","country":"CHN","source_id":"maus-mining-2022","year":2019,"value":24.646226098087837,"unit":"km²","metric":"Mapped mining land area","original_value":24.646226098087837,"original_unit":"km²","source_row":17577,"estimated":true}},{"type":"Feature","id":"maus-2304","geometry":{"type":"Point","coordinates":[26.843418,-28.02085]},"properties":{"id":"maus-2304","type":"mining-area","name":"Mapped mining area 2304","country":"ZAF","source_id":"maus-mining-2022","year":2019,"value":24.55976892889704,"unit":"km²","metric":"Mapped mining land area","original_value":24.55976892889704,"original_unit":"km²","source_row":2304,"estimated":true}},{"type":"Feature","id":"maus-14402","geometry":{"type":"Point","coordinates":[-87.65436,46.3948]},"properties":{"id":"maus-14402","type":"mining-area","name":"Mapped mining area 14402","country":"USA","source_id":"maus-mining-2022","year":2019,"value":24.544869678226068,"unit":"km²","metric":"Mapped mining land area","original_value":24.544869678226068,"original_unit":"km²","source_row":14402,"estimated":true}},{"type":"Feature","id":"maus-6942","geometry":{"type":"Point","coordinates":[107.136916,20.9835]},"properties":{"id":"maus-6942","type":"mining-area","name":"Mapped mining area 6942","country":"VNM","source_id":"maus-mining-2022","year":2019,"value":24.514462648228744,"unit":"km²","metric":"Mapped mining land area","original_value":24.514462648228744,"original_unit":"km²","source_row":6942,"estimated":true}},{"type":"Feature","id":"maus-12082","geometry":{"type":"Point","coordinates":[-111.537743,32.4083]},"properties":{"id":"maus-12082","type":"mining-area","name":"Mapped mining area 12082","country":"USA","source_id":"maus-mining-2022","year":2019,"value":24.467974445926618,"unit":"km²","metric":"Mapped mining land area","original_value":24.467974445926618,"original_unit":"km²","source_row":12082,"estimated":true}},{"type":"Feature","id":"maus-44107","geometry":{"type":"Point","coordinates":[-47.80304,-18.136251]},"properties":{"id":"maus-44107","type":"mining-area","name":"Mapped mining area 44107","country":"BRA","source_id":"maus-mining-2022","year":2019,"value":24.423271330279633,"unit":"km²","metric":"Mapped mining land area","original_value":24.423271330279633,"original_unit":"km²","source_row":44107,"estimated":true}},{"type":"Feature","id":"maus-6122","geometry":{"type":"Point","coordinates":[-12.046127,22.94365]},"properties":{"id":"maus-6122","type":"mining-area","name":"Mapped mining area 6122","country":"MRT","source_id":"maus-mining-2022","year":2019,"value":24.393903625159915,"unit":"km²","metric":"Mapped mining land area","original_value":24.393903625159915,"original_unit":"km²","source_row":6122,"estimated":true}},{"type":"Feature","id":"maus-2081","geometry":{"type":"Point","coordinates":[-66.575447,-27.3197]},"properties":{"id":"maus-2081","type":"mining-area","name":"Mapped mining area 2081","country":"ARG","source_id":"maus-mining-2022","year":2019,"value":24.392256253385863,"unit":"km²","metric":"Mapped mining land area","original_value":24.392256253385863,"original_unit":"km²","source_row":2081,"estimated":true}},{"type":"Feature","id":"maus-774","geometry":{"type":"Point","coordinates":[120.397541,-33.6619]},"properties":{"id":"maus-774","type":"mining-area","name":"Mapped mining area 774","country":"AUS","source_id":"maus-mining-2022","year":2019,"value":24.388734710028558,"unit":"km²","metric":"Mapped mining land area","original_value":24.388734710028558,"original_unit":"km²","source_row":774,"estimated":true}},{"type":"Feature","id":"maus-13540","geometry":{"type":"Point","coordinates":[-78.092358,48.1197]},"properties":{"id":"maus-13540","type":"mining-area","name":"Mapped mining area 13540","country":"CAN","source_id":"maus-mining-2022","year":2019,"value":24.33927341581785,"unit":"km²","metric":"Mapped mining land area","original_value":24.33927341581785,"original_unit":"km²","source_row":13540,"estimated":true}},{"type":"Feature","id":"maus-14404","geometry":{"type":"Point","coordinates":[111.584943,36.88295]},"properties":{"id":"maus-14404","type":"mining-area","name":"Mapped mining area 14404","country":"CHN","source_id":"maus-mining-2022","year":2019,"value":24.313788263866595,"unit":"km²","metric":"Mapped mining land area","original_value":24.313788263866595,"original_unit":"km²","source_row":14404,"estimated":true}},{"type":"Feature","id":"maus-9537","geometry":{"type":"Point","coordinates":[69.530791,40.87555]},"properties":{"id":"maus-9537","type":"mining-area","name":"Mapped mining area 9537","country":"UZB","source_id":"maus-mining-2022","year":2019,"value":24.310458416352784,"unit":"km²","metric":"Mapped mining land area","original_value":24.310458416352784,"original_unit":"km²","source_row":9537,"estimated":true}},{"type":"Feature","id":"maus-42658","geometry":{"type":"Point","coordinates":[-59.936068,6.464586]},"properties":{"id":"maus-42658","type":"mining-area","name":"Mapped mining area 42658","country":"GUY","source_id":"maus-mining-2022","year":2019,"value":24.301427483049558,"unit":"km²","metric":"Mapped mining land area","original_value":24.301427483049558,"original_unit":"km²","source_row":42658,"estimated":true}},{"type":"Feature","id":"maus-1607","geometry":{"type":"Point","coordinates":[120.596293,-26.36395]},"properties":{"id":"maus-1607","type":"mining-area","name":"Mapped mining area 1607","country":"AUS","source_id":"maus-mining-2022","year":2019,"value":24.29238393071692,"unit":"km²","metric":"Mapped mining land area","original_value":24.29238393071692,"original_unit":"km²","source_row":1607,"estimated":true}},{"type":"Feature","id":"maus-44585","geometry":{"type":"Point","coordinates":[119.034779,53.331985]},"properties":{"id":"maus-44585","type":"mining-area","name":"Mapped mining area 44585","country":"RUS","source_id":"maus-mining-2022","year":2019,"value":24.126666834807658,"unit":"km²","metric":"Mapped mining land area","original_value":24.126666834807658,"original_unit":"km²","source_row":44585,"estimated":true}},{"type":"Feature","id":"maus-44324","geometry":{"type":"Point","coordinates":[-60.05996,6.474965]},"properties":{"id":"maus-44324","type":"mining-area","name":"Mapped mining area 44324","country":"GUY","source_id":"maus-mining-2022","year":2019,"value":24.095384587775396,"unit":"km²","metric":"Mapped mining land area","original_value":24.095384587775396,"original_unit":"km²","source_row":44324,"estimated":true}},{"type":"Feature","id":"maus-41988","geometry":{"type":"Point","coordinates":[125.313421,56.198766]},"properties":{"id":"maus-41988","type":"mining-area","name":"Mapped mining area 41988","country":"RUS","source_id":"maus-mining-2022","year":2019,"value":24.09281073352897,"unit":"km²","metric":"Mapped mining land area","original_value":24.09281073352897,"original_unit":"km²","source_row":41988,"estimated":true}},{"type":"Feature","id":"maus-44507","geometry":{"type":"Point","coordinates":[87.28158,53.898472]},"properties":{"id":"maus-44507","type":"mining-area","name":"Mapped mining area 44507","country":"RUS","source_id":"maus-mining-2022","year":2019,"value":24.09027643647861,"unit":"km²","metric":"Mapped mining land area","original_value":24.09027643647861,"original_unit":"km²","source_row":44507,"estimated":true}},{"type":"Feature","id":"maus-2355","geometry":{"type":"Point","coordinates":[-69.493978,-23.44175]},"properties":{"id":"maus-2355","type":"mining-area","name":"Mapped mining area 2355","country":"CHL","source_id":"maus-mining-2022","year":2019,"value":24.07572163110365,"unit":"km²","metric":"Mapped mining land area","original_value":24.07572163110365,"original_unit":"km²","source_row":2355,"estimated":true}},{"type":"Feature","id":"maus-4927","geometry":{"type":"Point","coordinates":[117.38344,1.98875]},"properties":{"id":"maus-4927","type":"mining-area","name":"Mapped mining area 4927","country":"IDN","source_id":"maus-mining-2022","year":2019,"value":24.05440730704726,"unit":"km²","metric":"Mapped mining land area","original_value":24.05440730704726,"original_unit":"km²","source_row":4927,"estimated":true}},{"type":"Feature","id":"maus-6901","geometry":{"type":"Point","coordinates":[55.854949,30.06355]},"properties":{"id":"maus-6901","type":"mining-area","name":"Mapped mining area 6901","country":"IRN","source_id":"maus-mining-2022","year":2019,"value":24.03567068124831,"unit":"km²","metric":"Mapped mining land area","original_value":24.03567068124831,"original_unit":"km²","source_row":6901,"estimated":true}},{"type":"Feature","id":"maus-26870","geometry":{"type":"Point","coordinates":[-70.084241,-26.24962]},"properties":{"id":"maus-26870","type":"mining-area","name":"Mapped mining area 26870","country":"CHL","source_id":"maus-mining-2022","year":2019,"value":24.020154724496017,"unit":"km²","metric":"Mapped mining land area","original_value":24.020154724496017,"original_unit":"km²","source_row":26870,"estimated":true}},{"type":"Feature","id":"maus-14645","geometry":{"type":"Point","coordinates":[106.897044,39.7351]},"properties":{"id":"maus-14645","type":"mining-area","name":"Mapped mining area 14645","country":"CHN","source_id":"maus-mining-2022","year":2019,"value":24.006501986274884,"unit":"km²","metric":"Mapped mining land area","original_value":24.006501986274884,"original_unit":"km²","source_row":14645,"estimated":true}},{"type":"Feature","id":"maus-37804","geometry":{"type":"Point","coordinates":[96.026837,25.468151]},"properties":{"id":"maus-37804","type":"mining-area","name":"Mapped mining area 37804","country":"MMR","source_id":"maus-mining-2022","year":2019,"value":23.916010850840507,"unit":"km²","metric":"Mapped mining land area","original_value":23.916010850840507,"original_unit":"km²","source_row":37804,"estimated":true}},{"type":"Feature","id":"maus-4105","geometry":{"type":"Point","coordinates":[26.195326,-10.5903]},"properties":{"id":"maus-4105","type":"mining-area","name":"Mapped mining area 4105","country":"COD","source_id":"maus-mining-2022","year":2019,"value":23.90823925852264,"unit":"km²","metric":"Mapped mining land area","original_value":23.90823925852264,"original_unit":"km²","source_row":4105,"estimated":true}},{"type":"Feature","id":"maus-12131","geometry":{"type":"Point","coordinates":[117.739953,29.02505]},"properties":{"id":"maus-12131","type":"mining-area","name":"Mapped mining area 12131","country":"CHN","source_id":"maus-mining-2022","year":2019,"value":23.90069305634191,"unit":"km²","metric":"Mapped mining land area","original_value":23.90069305634191,"original_unit":"km²","source_row":12131,"estimated":true}},{"type":"Feature","id":"maus-3600","geometry":{"type":"Point","coordinates":[29.156601,-26.202]},"properties":{"id":"maus-3600","type":"mining-area","name":"Mapped mining area 3600","country":"ZAF","source_id":"maus-mining-2022","year":2019,"value":23.82629389966035,"unit":"km²","metric":"Mapped mining land area","original_value":23.82629389966035,"original_unit":"km²","source_row":3600,"estimated":true}},{"type":"Feature","id":"maus-1568","geometry":{"type":"Point","coordinates":[117.806857,-28.0471]},"properties":{"id":"maus-1568","type":"mining-area","name":"Mapped mining area 1568","country":"AUS","source_id":"maus-mining-2022","year":2019,"value":23.820962358296406,"unit":"km²","metric":"Mapped mining land area","original_value":23.820962358296406,"original_unit":"km²","source_row":1568,"estimated":true}},{"type":"Feature","id":"maus-41904","geometry":{"type":"Point","coordinates":[126.362872,54.618441]},"properties":{"id":"maus-41904","type":"mining-area","name":"Mapped mining area 41904","country":"RUS","source_id":"maus-mining-2022","year":2019,"value":23.820949572218975,"unit":"km²","metric":"Mapped mining land area","original_value":23.820949572218975,"original_unit":"km²","source_row":41904,"estimated":true}},{"type":"Feature","id":"maus-3187","geometry":{"type":"Point","coordinates":[-43.867212,-20.2364]},"properties":{"id":"maus-3187","type":"mining-area","name":"Mapped mining area 3187","country":"BRA","source_id":"maus-mining-2022","year":2019,"value":23.783126058336325,"unit":"km²","metric":"Mapped mining land area","original_value":23.783126058336325,"original_unit":"km²","source_row":3187,"estimated":true}},{"type":"Feature","id":"maus-35761","geometry":{"type":"Point","coordinates":[34.068455,48.488283]},"properties":{"id":"maus-35761","type":"mining-area","name":"Mapped mining area 35761","country":"UKR","source_id":"maus-mining-2022","year":2019,"value":23.70859044274443,"unit":"km²","metric":"Mapped mining land area","original_value":23.70859044274443,"original_unit":"km²","source_row":35761,"estimated":true}},{"type":"Feature","id":"maus-18471","geometry":{"type":"Point","coordinates":[119.735447,49.387]},"properties":{"id":"maus-18471","type":"mining-area","name":"Mapped mining area 18471","country":"CHN","source_id":"maus-mining-2022","year":2019,"value":23.609877806487965,"unit":"km²","metric":"Mapped mining land area","original_value":23.609877806487965,"original_unit":"km²","source_row":18471,"estimated":true}},{"type":"Feature","id":"maus-41917","geometry":{"type":"Point","coordinates":[126.996287,54.392271]},"properties":{"id":"maus-41917","type":"mining-area","name":"Mapped mining area 41917","country":"RUS","source_id":"maus-mining-2022","year":2019,"value":23.603043375586548,"unit":"km²","metric":"Mapped mining land area","original_value":23.603043375586548,"original_unit":"km²","source_row":41917,"estimated":true}},{"type":"Feature","id":"maus-32634","geometry":{"type":"Point","coordinates":[96.410196,20.353076]},"properties":{"id":"maus-32634","type":"mining-area","name":"Mapped mining area 32634","country":"MMR","source_id":"maus-mining-2022","year":2019,"value":23.532588221339175,"unit":"km²","metric":"Mapped mining land area","original_value":23.532588221339175,"original_unit":"km²","source_row":32634,"estimated":true}},{"type":"Feature","id":"maus-17692","geometry":{"type":"Point","coordinates":[94.915237,55.8598]},"properties":{"id":"maus-17692","type":"mining-area","name":"Mapped mining area 17692","country":"RUS","source_id":"maus-mining-2022","year":2019,"value":23.50680750171971,"unit":"km²","metric":"Mapped mining land area","original_value":23.50680750171971,"original_unit":"km²","source_row":17692,"estimated":true}},{"type":"Feature","id":"maus-17379","geometry":{"type":"Point","coordinates":[113.212965,44.0352]},"properties":{"id":"maus-17379","type":"mining-area","name":"Mapped mining area 17379","country":"CHN","source_id":"maus-mining-2022","year":2019,"value":23.451008017156646,"unit":"km²","metric":"Mapped mining land area","original_value":23.451008017156646,"original_unit":"km²","source_row":17379,"estimated":true}},{"type":"Feature","id":"maus-15064","geometry":{"type":"Point","coordinates":[113.6709,37.40445]},"properties":{"id":"maus-15064","type":"mining-area","name":"Mapped mining area 15064","country":"CHN","source_id":"maus-mining-2022","year":2019,"value":23.37039411639087,"unit":"km²","metric":"Mapped mining land area","original_value":23.37039411639087,"original_unit":"km²","source_row":15064,"estimated":true}},{"type":"Feature","id":"maus-6932","geometry":{"type":"Point","coordinates":[106.637382,21.07575]},"properties":{"id":"maus-6932","type":"mining-area","name":"Mapped mining area 6932","country":"VNM","source_id":"maus-mining-2022","year":2019,"value":23.36578083498654,"unit":"km²","metric":"Mapped mining land area","original_value":23.36578083498654,"original_unit":"km²","source_row":6932,"estimated":true}},{"type":"Feature","id":"maus-3691","geometry":{"type":"Point","coordinates":[-71.783911,-14.48355]},"properties":{"id":"maus-3691","type":"mining-area","name":"Mapped mining area 3691","country":"PER","source_id":"maus-mining-2022","year":2019,"value":23.308545591684926,"unit":"km²","metric":"Mapped mining land area","original_value":23.308545591684926,"original_unit":"km²","source_row":3691,"estimated":true}},{"type":"Feature","id":"maus-9623","geometry":{"type":"Point","coordinates":[-81.070867,38.3525]},"properties":{"id":"maus-9623","type":"mining-area","name":"Mapped mining area 9623","country":"USA","source_id":"maus-mining-2022","year":2019,"value":23.277624641189306,"unit":"km²","metric":"Mapped mining land area","original_value":23.277624641189306,"original_unit":"km²","source_row":9623,"estimated":true}},{"type":"Feature","id":"maus-15308","geometry":{"type":"Point","coordinates":[110.152728,39.259]},"properties":{"id":"maus-15308","type":"mining-area","name":"Mapped mining area 15308","country":"CHN","source_id":"maus-mining-2022","year":2019,"value":23.27424722754783,"unit":"km²","metric":"Mapped mining land area","original_value":23.27424722754783,"original_unit":"km²","source_row":15308,"estimated":true}},{"type":"Feature","id":"maus-44142","geometry":{"type":"Point","coordinates":[115.63779,-3.565464]},"properties":{"id":"maus-44142","type":"mining-area","name":"Mapped mining area 44142","country":"IDN","source_id":"maus-mining-2022","year":2019,"value":23.271598457572995,"unit":"km²","metric":"Mapped mining land area","original_value":23.271598457572995,"original_unit":"km²","source_row":44142,"estimated":true}},{"type":"Feature","id":"maus-41872","geometry":{"type":"Point","coordinates":[124.236195,54.907971]},"properties":{"id":"maus-41872","type":"mining-area","name":"Mapped mining area 41872","country":"RUS","source_id":"maus-mining-2022","year":2019,"value":23.215297545418657,"unit":"km²","metric":"Mapped mining land area","original_value":23.215297545418657,"original_unit":"km²","source_row":41872,"estimated":true}},{"type":"Feature","id":"maus-12685","geometry":{"type":"Point","coordinates":[74.894375,46.82785]},"properties":{"id":"maus-12685","type":"mining-area","name":"Mapped mining area 12685","country":"KAZ","source_id":"maus-mining-2022","year":2019,"value":23.189954260623665,"unit":"km²","metric":"Mapped mining land area","original_value":23.189954260623665,"original_unit":"km²","source_row":12685,"estimated":true}},{"type":"Feature","id":"maus-10513","geometry":{"type":"Point","coordinates":[12.689329,50.20975]},"properties":{"id":"maus-10513","type":"mining-area","name":"Mapped mining area 10513","country":"CZE","source_id":"maus-mining-2022","year":2019,"value":23.183226382179967,"unit":"km²","metric":"Mapped mining land area","original_value":23.183226382179967,"original_unit":"km²","source_row":10513,"estimated":true}},{"type":"Feature","id":"maus-24295","geometry":{"type":"Point","coordinates":[-71.389082,46.02921]},"properties":{"id":"maus-24295","type":"mining-area","name":"Mapped mining area 24295","country":"CAN","source_id":"maus-mining-2022","year":2019,"value":23.179493691032498,"unit":"km²","metric":"Mapped mining land area","original_value":23.179493691032498,"original_unit":"km²","source_row":24295,"estimated":true}},{"type":"Feature","id":"maus-17842","geometry":{"type":"Point","coordinates":[121.811836,42.07395]},"properties":{"id":"maus-17842","type":"mining-area","name":"Mapped mining area 17842","country":"CHN","source_id":"maus-mining-2022","year":2019,"value":23.168043417075392,"unit":"km²","metric":"Mapped mining land area","original_value":23.168043417075392,"original_unit":"km²","source_row":17842,"estimated":true}},{"type":"Feature","id":"maus-44243","geometry":{"type":"Point","coordinates":[117.54026,0.81635]},"properties":{"id":"maus-44243","type":"mining-area","name":"Mapped mining area 44243","country":"IDN","source_id":"maus-mining-2022","year":2019,"value":23.129457604551064,"unit":"km²","metric":"Mapped mining land area","original_value":23.129457604551064,"original_unit":"km²","source_row":44243,"estimated":true}},{"type":"Feature","id":"maus-11119","geometry":{"type":"Point","coordinates":[13.723722,50.56845]},"properties":{"id":"maus-11119","type":"mining-area","name":"Mapped mining area 11119","country":"CZE","source_id":"maus-mining-2022","year":2019,"value":23.121259883566196,"unit":"km²","metric":"Mapped mining land area","original_value":23.121259883566196,"original_unit":"km²","source_row":11119,"estimated":true}},{"type":"Feature","id":"maus-7147","geometry":{"type":"Point","coordinates":[-81.99804,27.5638]},"properties":{"id":"maus-7147","type":"mining-area","name":"Mapped mining area 7147","country":"USA","source_id":"maus-mining-2022","year":2019,"value":23.110742315416015,"unit":"km²","metric":"Mapped mining land area","original_value":23.110742315416015,"original_unit":"km²","source_row":7147,"estimated":true}},{"type":"Feature","id":"maus-39066","geometry":{"type":"Point","coordinates":[17.046982,-29.640246]},"properties":{"id":"maus-39066","type":"mining-area","name":"Mapped mining area 39066","country":"ZAF","source_id":"maus-mining-2022","year":2019,"value":23.016631599961606,"unit":"km²","metric":"Mapped mining land area","original_value":23.016631599961606,"original_unit":"km²","source_row":39066,"estimated":true}},{"type":"Feature","id":"maus-1712","geometry":{"type":"Point","coordinates":[120.114663,-23.3726]},"properties":{"id":"maus-1712","type":"mining-area","name":"Mapped mining area 1712","country":"AUS","source_id":"maus-mining-2022","year":2019,"value":23.008665132556587,"unit":"km²","metric":"Mapped mining land area","original_value":23.008665132556587,"original_unit":"km²","source_row":1712,"estimated":true}},{"type":"Feature","id":"maus-490","geometry":{"type":"Point","coordinates":[148.062594,-32.9225]},"properties":{"id":"maus-490","type":"mining-area","name":"Mapped mining area 490","country":"AUS","source_id":"maus-mining-2022","year":2019,"value":22.996934066495665,"unit":"km²","metric":"Mapped mining land area","original_value":22.996934066495665,"original_unit":"km²","source_row":490,"estimated":true}},{"type":"Feature","id":"maus-2096","geometry":{"type":"Point","coordinates":[-70.300678,-27.5158]},"properties":{"id":"maus-2096","type":"mining-area","name":"Mapped mining area 2096","country":"CHL","source_id":"maus-mining-2022","year":2019,"value":22.994328001228812,"unit":"km²","metric":"Mapped mining land area","original_value":22.994328001228812,"original_unit":"km²","source_row":2096,"estimated":true}},{"type":"Feature","id":"maus-944","geometry":{"type":"Point","coordinates":[148.479197,-21.7913]},"properties":{"id":"maus-944","type":"mining-area","name":"Mapped mining area 944","country":"AUS","source_id":"maus-mining-2022","year":2019,"value":22.938979517454115,"unit":"km²","metric":"Mapped mining land area","original_value":22.938979517454115,"original_unit":"km²","source_row":944,"estimated":true}},{"type":"Feature","id":"maus-10284","geometry":{"type":"Point","coordinates":[-83.137469,37.4054]},"properties":{"id":"maus-10284","type":"mining-area","name":"Mapped mining area 10284","country":"USA","source_id":"maus-mining-2022","year":2019,"value":22.931765412107527,"unit":"km²","metric":"Mapped mining land area","original_value":22.931765412107527,"original_unit":"km²","source_row":10284,"estimated":true}},{"type":"Feature","id":"maus-1046","geometry":{"type":"Point","coordinates":[124.543772,-29.2533]},"properties":{"id":"maus-1046","type":"mining-area","name":"Mapped mining area 1046","country":"AUS","source_id":"maus-mining-2022","year":2019,"value":22.88053476673139,"unit":"km²","metric":"Mapped mining land area","original_value":22.88053476673139,"original_unit":"km²","source_row":1046,"estimated":true}},{"type":"Feature","id":"maus-43989","geometry":{"type":"Point","coordinates":[151.000783,-32.52525]},"properties":{"id":"maus-43989","type":"mining-area","name":"Mapped mining area 43989","country":"AUS","source_id":"maus-mining-2022","year":2019,"value":22.86391126720816,"unit":"km²","metric":"Mapped mining land area","original_value":22.86391126720816,"original_unit":"km²","source_row":43989,"estimated":true}},{"type":"Feature","id":"maus-42670","geometry":{"type":"Point","coordinates":[-59.934743,6.247362]},"properties":{"id":"maus-42670","type":"mining-area","name":"Mapped mining area 42670","country":"GUY","source_id":"maus-mining-2022","year":2019,"value":22.859474212999483,"unit":"km²","metric":"Mapped mining land area","original_value":22.859474212999483,"original_unit":"km²","source_row":42670,"estimated":true}},{"type":"Feature","id":"maus-14425","geometry":{"type":"Point","coordinates":[90.350215,44.53545]},"properties":{"id":"maus-14425","type":"mining-area","name":"Mapped mining area 14425","country":"CHN","source_id":"maus-mining-2022","year":2019,"value":22.824102837287157,"unit":"km²","metric":"Mapped mining land area","original_value":22.824102837287157,"original_unit":"km²","source_row":14425,"estimated":true}},{"type":"Feature","id":"maus-30738","geometry":{"type":"Point","coordinates":[109.244307,0.989664]},"properties":{"id":"maus-30738","type":"mining-area","name":"Mapped mining area 30738","country":"IDN","source_id":"maus-mining-2022","year":2019,"value":22.816434873222356,"unit":"km²","metric":"Mapped mining land area","original_value":22.816434873222356,"original_unit":"km²","source_row":30738,"estimated":true}},{"type":"Feature","id":"maus-7155","geometry":{"type":"Point","coordinates":[55.519816,32.3065]},"properties":{"id":"maus-7155","type":"mining-area","name":"Mapped mining area 7155","country":"IRN","source_id":"maus-mining-2022","year":2019,"value":22.776542418390395,"unit":"km²","metric":"Mapped mining land area","original_value":22.776542418390395,"original_unit":"km²","source_row":7155,"estimated":true}},{"type":"Feature","id":"maus-7153","geometry":{"type":"Point","coordinates":[-82.119193,27.7186]},"properties":{"id":"maus-7153","type":"mining-area","name":"Mapped mining area 7153","country":"USA","source_id":"maus-mining-2022","year":2019,"value":22.740879908241542,"unit":"km²","metric":"Mapped mining land area","original_value":22.740879908241542,"original_unit":"km²","source_row":7153,"estimated":true}},{"type":"Feature","id":"maus-7685","geometry":{"type":"Point","coordinates":[36.994105,38.3215]},"properties":{"id":"maus-7685","type":"mining-area","name":"Mapped mining area 7685","country":"TUR","source_id":"maus-mining-2022","year":2019,"value":22.732780392713288,"unit":"km²","metric":"Mapped mining land area","original_value":22.732780392713288,"original_unit":"km²","source_row":7685,"estimated":true}},{"type":"Feature","id":"maus-492","geometry":{"type":"Point","coordinates":[150.160971,-30.6214]},"properties":{"id":"maus-492","type":"mining-area","name":"Mapped mining area 492","country":"AUS","source_id":"maus-mining-2022","year":2019,"value":22.67669452397188,"unit":"km²","metric":"Mapped mining land area","original_value":22.67669452397188,"original_unit":"km²","source_row":492,"estimated":true}},{"type":"Feature","id":"maus-42756","geometry":{"type":"Point","coordinates":[-60.44919,7.338982]},"properties":{"id":"maus-42756","type":"mining-area","name":"Mapped mining area 42756","country":"GUY","source_id":"maus-mining-2022","year":2019,"value":22.665992425594403,"unit":"km²","metric":"Mapped mining land area","original_value":22.665992425594403,"original_unit":"km²","source_row":42756,"estimated":true}},{"type":"Feature","id":"maus-16738","geometry":{"type":"Point","coordinates":[-106.911548,45.1132]},"properties":{"id":"maus-16738","type":"mining-area","name":"Mapped mining area 16738","country":"USA","source_id":"maus-mining-2022","year":2019,"value":22.6197400400754,"unit":"km²","metric":"Mapped mining land area","original_value":22.6197400400754,"original_unit":"km²","source_row":16738,"estimated":true}},{"type":"Feature","id":"maus-44016","geometry":{"type":"Point","coordinates":[148.121268,-21.9705]},"properties":{"id":"maus-44016","type":"mining-area","name":"Mapped mining area 44016","country":"AUS","source_id":"maus-mining-2022","year":2019,"value":22.61470981688216,"unit":"km²","metric":"Mapped mining land area","original_value":22.61470981688216,"original_unit":"km²","source_row":44016,"estimated":true}},{"type":"Feature","id":"maus-3211","geometry":{"type":"Point","coordinates":[-43.925171,-20.47525]},"properties":{"id":"maus-3211","type":"mining-area","name":"Mapped mining area 3211","country":"BRA","source_id":"maus-mining-2022","year":2019,"value":22.609921337074617,"unit":"km²","metric":"Mapped mining land area","original_value":22.609921337074617,"original_unit":"km²","source_row":3211,"estimated":true}},{"type":"Feature","id":"maus-44839","geometry":{"type":"Point","coordinates":[-61.562801,6.814848]},"properties":{"id":"maus-44839","type":"mining-area","name":"Mapped mining area 44839","country":"VEN","source_id":"maus-mining-2022","year":2019,"value":22.597174308156543,"unit":"km²","metric":"Mapped mining land area","original_value":22.597174308156543,"original_unit":"km²","source_row":44839,"estimated":true}},{"type":"Feature","id":"maus-44836","geometry":{"type":"Point","coordinates":[-12.31608,22.876194]},"properties":{"id":"maus-44836","type":"mining-area","name":"Mapped mining area 44836","country":"MRT","source_id":"maus-mining-2022","year":2019,"value":22.59524410155226,"unit":"km²","metric":"Mapped mining land area","original_value":22.59524410155226,"original_unit":"km²","source_row":44836,"estimated":true}},{"type":"Feature","id":"maus-44926","geometry":{"type":"Point","coordinates":[95.182665,23.084254]},"properties":{"id":"maus-44926","type":"mining-area","name":"Mapped mining area 44926","country":"MMR","source_id":"maus-mining-2022","year":2019,"value":22.594663389029982,"unit":"km²","metric":"Mapped mining land area","original_value":22.594663389029982,"original_unit":"km²","source_row":44926,"estimated":true}},{"type":"Feature","id":"maus-3491","geometry":{"type":"Point","coordinates":[30.360313,-18.673]},"properties":{"id":"maus-3491","type":"mining-area","name":"Mapped mining area 3491","country":"ZWE","source_id":"maus-mining-2022","year":2019,"value":22.548156878375053,"unit":"km²","metric":"Mapped mining land area","original_value":22.548156878375053,"original_unit":"km²","source_row":3491,"estimated":true}},{"type":"Feature","id":"maus-44775","geometry":{"type":"Point","coordinates":[127.426146,-1.547339]},"properties":{"id":"maus-44775","type":"mining-area","name":"Mapped mining area 44775","country":"IDN","source_id":"maus-mining-2022","year":2019,"value":22.535031487267574,"unit":"km²","metric":"Mapped mining land area","original_value":22.535031487267574,"original_unit":"km²","source_row":44775,"estimated":true}},{"type":"Feature","id":"maus-23289","geometry":{"type":"Point","coordinates":[-50.854299,-7.833371]},"properties":{"id":"maus-23289","type":"mining-area","name":"Mapped mining area 23289","country":"BRA","source_id":"maus-mining-2022","year":2019,"value":22.5269334170119,"unit":"km²","metric":"Mapped mining land area","original_value":22.5269334170119,"original_unit":"km²","source_row":23289,"estimated":true}},{"type":"Feature","id":"maus-33830","geometry":{"type":"Point","coordinates":[122.009053,-2.897474]},"properties":{"id":"maus-33830","type":"mining-area","name":"Mapped mining area 33830","country":"IDN","source_id":"maus-mining-2022","year":2019,"value":22.46291375750057,"unit":"km²","metric":"Mapped mining land area","original_value":22.46291375750057,"original_unit":"km²","source_row":33830,"estimated":true}},{"type":"Feature","id":"maus-6611","geometry":{"type":"Point","coordinates":[36.133772,30.02145]},"properties":{"id":"maus-6611","type":"mining-area","name":"Mapped mining area 6611","country":"JOR","source_id":"maus-mining-2022","year":2019,"value":22.459485102691012,"unit":"km²","metric":"Mapped mining land area","original_value":22.459485102691012,"original_unit":"km²","source_row":6611,"estimated":true}},{"type":"Feature","id":"maus-18319","geometry":{"type":"Point","coordinates":[117.31911,49.41695]},"properties":{"id":"maus-18319","type":"mining-area","name":"Mapped mining area 18319","country":"CHN","source_id":"maus-mining-2022","year":2019,"value":22.45280312702093,"unit":"km²","metric":"Mapped mining land area","original_value":22.45280312702093,"original_unit":"km²","source_row":18319,"estimated":true}},{"type":"Feature","id":"maus-17373","geometry":{"type":"Point","coordinates":[104.140245,49.02775]},"properties":{"id":"maus-17373","type":"mining-area","name":"Mapped mining area 17373","country":"MNG","source_id":"maus-mining-2022","year":2019,"value":22.39640316108495,"unit":"km²","metric":"Mapped mining land area","original_value":22.39640316108495,"original_unit":"km²","source_row":17373,"estimated":true}},{"type":"Feature","id":"maus-44193","geometry":{"type":"Point","coordinates":[117.210224,-0.739208]},"properties":{"id":"maus-44193","type":"mining-area","name":"Mapped mining area 44193","country":"IDN","source_id":"maus-mining-2022","year":2019,"value":22.387813296930876,"unit":"km²","metric":"Mapped mining land area","original_value":22.387813296930876,"original_unit":"km²","source_row":44193,"estimated":true}},{"type":"Feature","id":"maus-3820","geometry":{"type":"Point","coordinates":[-48.391954,-14.3238]},"properties":{"id":"maus-3820","type":"mining-area","name":"Mapped mining area 3820","country":"BRA","source_id":"maus-mining-2022","year":2019,"value":22.379525608348768,"unit":"km²","metric":"Mapped mining land area","original_value":22.379525608348768,"original_unit":"km²","source_row":3820,"estimated":true}},{"type":"Feature","id":"maus-1984","geometry":{"type":"Point","coordinates":[141.853979,-12.55865]},"properties":{"id":"maus-1984","type":"mining-area","name":"Mapped mining area 1984","country":"AUS","source_id":"maus-mining-2022","year":2019,"value":22.37032966324455,"unit":"km²","metric":"Mapped mining land area","original_value":22.37032966324455,"original_unit":"km²","source_row":1984,"estimated":true}},{"type":"Feature","id":"maus-17341","geometry":{"type":"Point","coordinates":[-118.689864,40.86925]},"properties":{"id":"maus-17341","type":"mining-area","name":"Mapped mining area 17341","country":"USA","source_id":"maus-mining-2022","year":2019,"value":22.29765412379576,"unit":"km²","metric":"Mapped mining land area","original_value":22.29765412379576,"original_unit":"km²","source_row":17341,"estimated":true}},{"type":"Feature","id":"maus-14623","geometry":{"type":"Point","coordinates":[75.713865,51.2624]},"properties":{"id":"maus-14623","type":"mining-area","name":"Mapped mining area 14623","country":"KAZ","source_id":"maus-mining-2022","year":2019,"value":22.277367977659466,"unit":"km²","metric":"Mapped mining land area","original_value":22.277367977659466,"original_unit":"km²","source_row":14623,"estimated":true}},{"type":"Feature","id":"maus-44135","geometry":{"type":"Point","coordinates":[115.632064,-3.642856]},"properties":{"id":"maus-44135","type":"mining-area","name":"Mapped mining area 44135","country":"IDN","source_id":"maus-mining-2022","year":2019,"value":22.25660976381153,"unit":"km²","metric":"Mapped mining land area","original_value":22.25660976381153,"original_unit":"km²","source_row":44135,"estimated":true}},{"type":"Feature","id":"maus-44894","geometry":{"type":"Point","coordinates":[-57.333614,-6.16121]},"properties":{"id":"maus-44894","type":"mining-area","name":"Mapped mining area 44894","country":"BRA","source_id":"maus-mining-2022","year":2019,"value":22.22282126718675,"unit":"km²","metric":"Mapped mining land area","original_value":22.22282126718675,"original_unit":"km²","source_row":44894,"estimated":true}},{"type":"Feature","id":"maus-17559","geometry":{"type":"Point","coordinates":[90.406088,56.2247]},"properties":{"id":"maus-17559","type":"mining-area","name":"Mapped mining area 17559","country":"RUS","source_id":"maus-mining-2022","year":2019,"value":22.217875677190882,"unit":"km²","metric":"Mapped mining land area","original_value":22.217875677190882,"original_unit":"km²","source_row":17559,"estimated":true}},{"type":"Feature","id":"maus-28667","geometry":{"type":"Point","coordinates":[117.138193,40.02256]},"properties":{"id":"maus-28667","type":"mining-area","name":"Mapped mining area 28667","country":"CHN","source_id":"maus-mining-2022","year":2019,"value":22.154907983394985,"unit":"km²","metric":"Mapped mining land area","original_value":22.154907983394985,"original_unit":"km²","source_row":28667,"estimated":true}},{"type":"Feature","id":"maus-17641","geometry":{"type":"Point","coordinates":[119.304069,42.33585]},"properties":{"id":"maus-17641","type":"mining-area","name":"Mapped mining area 17641","country":"CHN","source_id":"maus-mining-2022","year":2019,"value":22.12945966790733,"unit":"km²","metric":"Mapped mining land area","original_value":22.12945966790733,"original_unit":"km²","source_row":17641,"estimated":true}},{"type":"Feature","id":"maus-3788","geometry":{"type":"Point","coordinates":[141.14132,-5.2366]},"properties":{"id":"maus-3788","type":"mining-area","name":"Mapped mining area 3788","country":"PNG","source_id":"maus-mining-2022","year":2019,"value":22.117906800411475,"unit":"km²","metric":"Mapped mining land area","original_value":22.117906800411475,"original_unit":"km²","source_row":3788,"estimated":true}},{"type":"Feature","id":"maus-41450","geometry":{"type":"Point","coordinates":[-57.208175,-5.512819]},"properties":{"id":"maus-41450","type":"mining-area","name":"Mapped mining area 41450","country":"BRA","source_id":"maus-mining-2022","year":2019,"value":22.0939580286035,"unit":"km²","metric":"Mapped mining land area","original_value":22.0939580286035,"original_unit":"km²","source_row":41450,"estimated":true}},{"type":"Feature","id":"maus-9518","geometry":{"type":"Point","coordinates":[-81.81218,37.8122]},"properties":{"id":"maus-9518","type":"mining-area","name":"Mapped mining area 9518","country":"USA","source_id":"maus-mining-2022","year":2019,"value":22.022263692886305,"unit":"km²","metric":"Mapped mining land area","original_value":22.022263692886305,"original_unit":"km²","source_row":9518,"estimated":true}},{"type":"Feature","id":"maus-43262","geometry":{"type":"Point","coordinates":[102.327057,-1.777727]},"properties":{"id":"maus-43262","type":"mining-area","name":"Mapped mining area 43262","country":"IDN","source_id":"maus-mining-2022","year":2019,"value":21.991505633855464,"unit":"km²","metric":"Mapped mining land area","original_value":21.991505633855464,"original_unit":"km²","source_row":43262,"estimated":true}},{"type":"Feature","id":"maus-5414","geometry":{"type":"Point","coordinates":[-74.861862,7.42335]},"properties":{"id":"maus-5414","type":"mining-area","name":"Mapped mining area 5414","country":"COL","source_id":"maus-mining-2022","year":2019,"value":21.980720749110333,"unit":"km²","metric":"Mapped mining land area","original_value":21.980720749110333,"original_unit":"km²","source_row":5414,"estimated":true}},{"type":"Feature","id":"maus-42963","geometry":{"type":"Point","coordinates":[-2.046164,5.925337]},"properties":{"id":"maus-42963","type":"mining-area","name":"Mapped mining area 42963","country":"GHA","source_id":"maus-mining-2022","year":2019,"value":21.970947438482074,"unit":"km²","metric":"Mapped mining land area","original_value":21.970947438482074,"original_unit":"km²","source_row":42963,"estimated":true}},{"type":"Feature","id":"maus-41735","geometry":{"type":"Point","coordinates":[119.489559,53.910133]},"properties":{"id":"maus-41735","type":"mining-area","name":"Mapped mining area 41735","country":"RUS","source_id":"maus-mining-2022","year":2019,"value":21.947267365826125,"unit":"km²","metric":"Mapped mining land area","original_value":21.947267365826125,"original_unit":"km²","source_row":41735,"estimated":true}},{"type":"Feature","id":"maus-1560","geometry":{"type":"Point","coordinates":[120.59497,-27.2479]},"properties":{"id":"maus-1560","type":"mining-area","name":"Mapped mining area 1560","country":"AUS","source_id":"maus-mining-2022","year":2019,"value":21.94066544851856,"unit":"km²","metric":"Mapped mining land area","original_value":21.94066544851856,"original_unit":"km²","source_row":1560,"estimated":true}},{"type":"Feature","id":"maus-1987","geometry":{"type":"Point","coordinates":[-71.089829,-30.2556]},"properties":{"id":"maus-1987","type":"mining-area","name":"Mapped mining area 1987","country":"CHL","source_id":"maus-mining-2022","year":2019,"value":21.929193337399205,"unit":"km²","metric":"Mapped mining land area","original_value":21.929193337399205,"original_unit":"km²","source_row":1987,"estimated":true}},{"type":"Feature","id":"maus-18047","geometry":{"type":"Point","coordinates":[118.602091,44.9016]},"properties":{"id":"maus-18047","type":"mining-area","name":"Mapped mining area 18047","country":"CHN","source_id":"maus-mining-2022","year":2019,"value":21.92856078358604,"unit":"km²","metric":"Mapped mining land area","original_value":21.92856078358604,"original_unit":"km²","source_row":18047,"estimated":true}},{"type":"Feature","id":"maus-44180","geometry":{"type":"Point","coordinates":[115.478261,-0.84895]},"properties":{"id":"maus-44180","type":"mining-area","name":"Mapped mining area 44180","country":"IDN","source_id":"maus-mining-2022","year":2019,"value":21.905686009468916,"unit":"km²","metric":"Mapped mining land area","original_value":21.905686009468916,"original_unit":"km²","source_row":44180,"estimated":true}},{"type":"Feature","id":"maus-1833","geometry":{"type":"Point","coordinates":[-70.679233,-34.26945]},"properties":{"id":"maus-1833","type":"mining-area","name":"Mapped mining area 1833","country":"CHL","source_id":"maus-mining-2022","year":2019,"value":21.89889109331779,"unit":"km²","metric":"Mapped mining land area","original_value":21.89889109331779,"original_unit":"km²","source_row":1833,"estimated":true}},{"type":"Feature","id":"maus-42403","geometry":{"type":"Point","coordinates":[-54.617552,4.924682]},"properties":{"id":"maus-42403","type":"mining-area","name":"Mapped mining area 42403","country":"SUR","source_id":"maus-mining-2022","year":2019,"value":21.890256063698715,"unit":"km²","metric":"Mapped mining land area","original_value":21.890256063698715,"original_unit":"km²","source_row":42403,"estimated":true}},{"type":"Feature","id":"maus-18971","geometry":{"type":"Point","coordinates":[-121.202279,55.0238]},"properties":{"id":"maus-18971","type":"mining-area","name":"Mapped mining area 18971","country":"CAN","source_id":"maus-mining-2022","year":2019,"value":21.882505502849284,"unit":"km²","metric":"Mapped mining land area","original_value":21.882505502849284,"original_unit":"km²","source_row":18971,"estimated":true}},{"type":"Feature","id":"maus-12161","geometry":{"type":"Point","coordinates":[101.503291,36.5981]},"properties":{"id":"maus-12161","type":"mining-area","name":"Mapped mining area 12161","country":"CHN","source_id":"maus-mining-2022","year":2019,"value":21.857824893070237,"unit":"km²","metric":"Mapped mining land area","original_value":21.857824893070237,"original_unit":"km²","source_row":12161,"estimated":true}},{"type":"Feature","id":"maus-426","geometry":{"type":"Point","coordinates":[150.688005,-32.29715]},"properties":{"id":"maus-426","type":"mining-area","name":"Mapped mining area 426","country":"AUS","source_id":"maus-mining-2022","year":2019,"value":21.809524717424736,"unit":"km²","metric":"Mapped mining land area","original_value":21.809524717424736,"original_unit":"km²","source_row":426,"estimated":true}},{"type":"Feature","id":"maus-44913","geometry":{"type":"Point","coordinates":[-2.004644,5.833454]},"properties":{"id":"maus-44913","type":"mining-area","name":"Mapped mining area 44913","country":"GHA","source_id":"maus-mining-2022","year":2019,"value":21.787403583443282,"unit":"km²","metric":"Mapped mining land area","original_value":21.787403583443282,"original_unit":"km²","source_row":44913,"estimated":true}},{"type":"Feature","id":"maus-15834","geometry":{"type":"Point","coordinates":[112.460967,39.55865]},"properties":{"id":"maus-15834","type":"mining-area","name":"Mapped mining area 15834","country":"CHN","source_id":"maus-mining-2022","year":2019,"value":21.768267136958436,"unit":"km²","metric":"Mapped mining land area","original_value":21.768267136958436,"original_unit":"km²","source_row":15834,"estimated":true}},{"type":"Feature","id":"maus-16759","geometry":{"type":"Point","coordinates":[86.648303,53.9466]},"properties":{"id":"maus-16759","type":"mining-area","name":"Mapped mining area 16759","country":"RUS","source_id":"maus-mining-2022","year":2019,"value":21.74317020636316,"unit":"km²","metric":"Mapped mining land area","original_value":21.74317020636316,"original_unit":"km²","source_row":16759,"estimated":true}},{"type":"Feature","id":"maus-38642","geometry":{"type":"Point","coordinates":[135.611749,52.334587]},"properties":{"id":"maus-38642","type":"mining-area","name":"Mapped mining area 38642","country":"RUS","source_id":"maus-mining-2022","year":2019,"value":21.7133217243927,"unit":"km²","metric":"Mapped mining land area","original_value":21.7133217243927,"original_unit":"km²","source_row":38642,"estimated":true}},{"type":"Feature","id":"maus-1135","geometry":{"type":"Point","coordinates":[121.229669,-30.51815]},"properties":{"id":"maus-1135","type":"mining-area","name":"Mapped mining area 1135","country":"AUS","source_id":"maus-mining-2022","year":2019,"value":21.698706042897815,"unit":"km²","metric":"Mapped mining land area","original_value":21.698706042897815,"original_unit":"km²","source_row":1135,"estimated":true}},{"type":"Feature","id":"maus-11223","geometry":{"type":"Point","coordinates":[13.38935,50.41085]},"properties":{"id":"maus-11223","type":"mining-area","name":"Mapped mining area 11223","country":"CZE","source_id":"maus-mining-2022","year":2019,"value":21.649690924135726,"unit":"km²","metric":"Mapped mining land area","original_value":21.649690924135726,"original_unit":"km²","source_row":11223,"estimated":true}},{"type":"Feature","id":"maus-30943","geometry":{"type":"Point","coordinates":[107.607003,-3.018555]},"properties":{"id":"maus-30943","type":"mining-area","name":"Mapped mining area 30943","country":"IDN","source_id":"maus-mining-2022","year":2019,"value":21.619630558667215,"unit":"km²","metric":"Mapped mining land area","original_value":21.619630558667215,"original_unit":"km²","source_row":30943,"estimated":true}},{"type":"Feature","id":"maus-479","geometry":{"type":"Point","coordinates":[150.978451,-32.5638]},"properties":{"id":"maus-479","type":"mining-area","name":"Mapped mining area 479","country":"AUS","source_id":"maus-mining-2022","year":2019,"value":21.516015229927095,"unit":"km²","metric":"Mapped mining land area","original_value":21.516015229927095,"original_unit":"km²","source_row":479,"estimated":true}},{"type":"Feature","id":"maus-41508","geometry":{"type":"Point","coordinates":[-56.514541,-7.315148]},"properties":{"id":"maus-41508","type":"mining-area","name":"Mapped mining area 41508","country":"BRA","source_id":"maus-mining-2022","year":2019,"value":21.504322724982206,"unit":"km²","metric":"Mapped mining land area","original_value":21.504322724982206,"original_unit":"km²","source_row":41508,"estimated":true}},{"type":"Feature","id":"maus-12077","geometry":{"type":"Point","coordinates":[35.540274,52.3633]},"properties":{"id":"maus-12077","type":"mining-area","name":"Mapped mining area 12077","country":"RUS","source_id":"maus-mining-2022","year":2019,"value":21.46989714175849,"unit":"km²","metric":"Mapped mining land area","original_value":21.46989714175849,"original_unit":"km²","source_row":12077,"estimated":true}},{"type":"Feature","id":"maus-2281","geometry":{"type":"Point","coordinates":[22.967182,-28.4019]},"properties":{"id":"maus-2281","type":"mining-area","name":"Mapped mining area 2281","country":"ZAF","source_id":"maus-mining-2022","year":2019,"value":21.467489479058223,"unit":"km²","metric":"Mapped mining land area","original_value":21.467489479058223,"original_unit":"km²","source_row":2281,"estimated":true}},{"type":"Feature","id":"maus-19250","geometry":{"type":"Point","coordinates":[132.721225,52.94135]},"properties":{"id":"maus-19250","type":"mining-area","name":"Mapped mining area 19250","country":"RUS","source_id":"maus-mining-2022","year":2019,"value":21.4654794899136,"unit":"km²","metric":"Mapped mining land area","original_value":21.4654794899136,"original_unit":"km²","source_row":19250,"estimated":true}},{"type":"Feature","id":"maus-44678","geometry":{"type":"Point","coordinates":[-56.653888,-6.966356]},"properties":{"id":"maus-44678","type":"mining-area","name":"Mapped mining area 44678","country":"BRA","source_id":"maus-mining-2022","year":2019,"value":21.4547703200641,"unit":"km²","metric":"Mapped mining land area","original_value":21.4547703200641,"original_unit":"km²","source_row":44678,"estimated":true}},{"type":"Feature","id":"maus-18611","geometry":{"type":"Point","coordinates":[-117.074629,53.16015]},"properties":{"id":"maus-18611","type":"mining-area","name":"Mapped mining area 18611","country":"CAN","source_id":"maus-mining-2022","year":2019,"value":21.433217573188415,"unit":"km²","metric":"Mapped mining land area","original_value":21.433217573188415,"original_unit":"km²","source_row":18611,"estimated":true}},{"type":"Feature","id":"maus-16200","geometry":{"type":"Point","coordinates":[-105.364502,43.5086]},"properties":{"id":"maus-16200","type":"mining-area","name":"Mapped mining area 16200","country":"USA","source_id":"maus-mining-2022","year":2019,"value":21.42486096206097,"unit":"km²","metric":"Mapped mining land area","original_value":21.42486096206097,"original_unit":"km²","source_row":16200,"estimated":true}},{"type":"Feature","id":"maus-12282","geometry":{"type":"Point","coordinates":[-110.97266,33.39885]},"properties":{"id":"maus-12282","type":"mining-area","name":"Mapped mining area 12282","country":"USA","source_id":"maus-mining-2022","year":2019,"value":21.42100367387624,"unit":"km²","metric":"Mapped mining land area","original_value":21.42100367387624,"original_unit":"km²","source_row":12282,"estimated":true}},{"type":"Feature","id":"maus-18263","geometry":{"type":"Point","coordinates":[-114.764316,49.94675]},"properties":{"id":"maus-18263","type":"mining-area","name":"Mapped mining area 18263","country":"CAN","source_id":"maus-mining-2022","year":2019,"value":21.419147429469756,"unit":"km²","metric":"Mapped mining land area","original_value":21.419147429469756,"original_unit":"km²","source_row":18263,"estimated":true}},{"type":"Feature","id":"maus-6859","geometry":{"type":"Point","coordinates":[95.093367,22.07045]},"properties":{"id":"maus-6859","type":"mining-area","name":"Mapped mining area 6859","country":"MMR","source_id":"maus-mining-2022","year":2019,"value":21.41230748361841,"unit":"km²","metric":"Mapped mining land area","original_value":21.41230748361841,"original_unit":"km²","source_row":6859,"estimated":true}},{"type":"Feature","id":"maus-19101","geometry":{"type":"Point","coordinates":[-125.117494,54.0369]},"properties":{"id":"maus-19101","type":"mining-area","name":"Mapped mining area 19101","country":"CAN","source_id":"maus-mining-2022","year":2019,"value":21.39815887821275,"unit":"km²","metric":"Mapped mining land area","original_value":21.39815887821275,"original_unit":"km²","source_row":19101,"estimated":true}},{"type":"Feature","id":"maus-44014","geometry":{"type":"Point","coordinates":[121.739602,-31.29305]},"properties":{"id":"maus-44014","type":"mining-area","name":"Mapped mining area 44014","country":"AUS","source_id":"maus-mining-2022","year":2019,"value":21.393405355504786,"unit":"km²","metric":"Mapped mining land area","original_value":21.393405355504786,"original_unit":"km²","source_row":44014,"estimated":true}},{"type":"Feature","id":"maus-3052","geometry":{"type":"Point","coordinates":[27.538846,-23.71165]},"properties":{"id":"maus-3052","type":"mining-area","name":"Mapped mining area 3052","country":"ZAF","source_id":"maus-mining-2022","year":2019,"value":21.392038562785046,"unit":"km²","metric":"Mapped mining land area","original_value":21.392038562785046,"original_unit":"km²","source_row":3052,"estimated":true}},{"type":"Feature","id":"maus-44831","geometry":{"type":"Point","coordinates":[-55.302206,4.98356]},"properties":{"id":"maus-44831","type":"mining-area","name":"Mapped mining area 44831","country":"SUR","source_id":"maus-mining-2022","year":2019,"value":21.384353570381627,"unit":"km²","metric":"Mapped mining land area","original_value":21.384353570381627,"original_unit":"km²","source_row":44831,"estimated":true}},{"type":"Feature","id":"maus-5541","geometry":{"type":"Point","coordinates":[-72.271528,11.0309]},"properties":{"id":"maus-5541","type":"mining-area","name":"Mapped mining area 5541","country":"VEN","source_id":"maus-mining-2022","year":2019,"value":21.381152036389288,"unit":"km²","metric":"Mapped mining land area","original_value":21.381152036389288,"original_unit":"km²","source_row":5541,"estimated":true}},{"type":"Feature","id":"maus-1089","geometry":{"type":"Point","coordinates":[115.889862,-32.9044]},"properties":{"id":"maus-1089","type":"mining-area","name":"Mapped mining area 1089","country":"AUS","source_id":"maus-mining-2022","year":2019,"value":21.33769457707876,"unit":"km²","metric":"Mapped mining land area","original_value":21.33769457707876,"original_unit":"km²","source_row":1089,"estimated":true}},{"type":"Feature","id":"maus-2299","geometry":{"type":"Point","coordinates":[16.774128,-28.47895]},"properties":{"id":"maus-2299","type":"mining-area","name":"Mapped mining area 2299","country":"ZAF","source_id":"maus-mining-2022","year":2019,"value":21.330625708620282,"unit":"km²","metric":"Mapped mining land area","original_value":21.330625708620282,"original_unit":"km²","source_row":2299,"estimated":true}},{"type":"Feature","id":"maus-43896","geometry":{"type":"Point","coordinates":[58.371126,51.228877]},"properties":{"id":"maus-43896","type":"mining-area","name":"Mapped mining area 43896","country":"RUS","source_id":"maus-mining-2022","year":2019,"value":21.31232412293622,"unit":"km²","metric":"Mapped mining land area","original_value":21.31232412293622,"original_unit":"km²","source_row":43896,"estimated":true}},{"type":"Feature","id":"maus-42252","geometry":{"type":"Point","coordinates":[-54.546853,4.84929]},"properties":{"id":"maus-42252","type":"mining-area","name":"Mapped mining area 42252","country":"SUR","source_id":"maus-mining-2022","year":2019,"value":21.308818279300638,"unit":"km²","metric":"Mapped mining land area","original_value":21.308818279300638,"original_unit":"km²","source_row":42252,"estimated":true}},{"type":"Feature","id":"maus-44399","geometry":{"type":"Point","coordinates":[-101.275337,27.9721]},"properties":{"id":"maus-44399","type":"mining-area","name":"Mapped mining area 44399","country":"MEX","source_id":"maus-mining-2022","year":2019,"value":21.30337864232851,"unit":"km²","metric":"Mapped mining land area","original_value":21.30337864232851,"original_unit":"km²","source_row":44399,"estimated":true}},{"type":"Feature","id":"maus-2712","geometry":{"type":"Point","coordinates":[29.405091,-25.939]},"properties":{"id":"maus-2712","type":"mining-area","name":"Mapped mining area 2712","country":"ZAF","source_id":"maus-mining-2022","year":2019,"value":21.293514463428533,"unit":"km²","metric":"Mapped mining land area","original_value":21.293514463428533,"original_unit":"km²","source_row":2712,"estimated":true}},{"type":"Feature","id":"maus-12749","geometry":{"type":"Point","coordinates":[70.204203,48.2768]},"properties":{"id":"maus-12749","type":"mining-area","name":"Mapped mining area 12749","country":"KAZ","source_id":"maus-mining-2022","year":2019,"value":21.277862682679693,"unit":"km²","metric":"Mapped mining land area","original_value":21.277862682679693,"original_unit":"km²","source_row":12749,"estimated":true}},{"type":"Feature","id":"maus-18608","geometry":{"type":"Point","coordinates":[-117.29849,52.93185]},"properties":{"id":"maus-18608","type":"mining-area","name":"Mapped mining area 18608","country":"CAN","source_id":"maus-mining-2022","year":2019,"value":21.228186222830086,"unit":"km²","metric":"Mapped mining land area","original_value":21.228186222830086,"original_unit":"km²","source_row":18608,"estimated":true}},{"type":"Feature","id":"maus-16949","geometry":{"type":"Point","coordinates":[33.872288,67.63645]},"properties":{"id":"maus-16949","type":"mining-area","name":"Mapped mining area 16949","country":"RUS","source_id":"maus-mining-2022","year":2019,"value":21.21916223687329,"unit":"km²","metric":"Mapped mining land area","original_value":21.21916223687329,"original_unit":"km²","source_row":16949,"estimated":true}},{"type":"Feature","id":"maus-6417","geometry":{"type":"Point","coordinates":[105.932604,16.9422]},"properties":{"id":"maus-6417","type":"mining-area","name":"Mapped mining area 6417","country":"LAO","source_id":"maus-mining-2022","year":2019,"value":21.19581209294363,"unit":"km²","metric":"Mapped mining land area","original_value":21.19581209294363,"original_unit":"km²","source_row":6417,"estimated":true}},{"type":"Feature","id":"maus-17846","geometry":{"type":"Point","coordinates":[100.184761,54.43965]},"properties":{"id":"maus-17846","type":"mining-area","name":"Mapped mining area 17846","country":"RUS","source_id":"maus-mining-2022","year":2019,"value":21.18522461598797,"unit":"km²","metric":"Mapped mining land area","original_value":21.18522461598797,"original_unit":"km²","source_row":17846,"estimated":true}},{"type":"Feature","id":"maus-17505","geometry":{"type":"Point","coordinates":[115.921932,43.9607]},"properties":{"id":"maus-17505","type":"mining-area","name":"Mapped mining area 17505","country":"CHN","source_id":"maus-mining-2022","year":2019,"value":21.152431277403693,"unit":"km²","metric":"Mapped mining land area","original_value":21.152431277403693,"original_unit":"km²","source_row":17505,"estimated":true}},{"type":"Feature","id":"maus-655","geometry":{"type":"Point","coordinates":[148.411373,-24.4602]},"properties":{"id":"maus-655","type":"mining-area","name":"Mapped mining area 655","country":"AUS","source_id":"maus-mining-2022","year":2019,"value":21.140541080064104,"unit":"km²","metric":"Mapped mining land area","original_value":21.140541080064104,"original_unit":"km²","source_row":655,"estimated":true}},{"type":"Feature","id":"maus-42767","geometry":{"type":"Point","coordinates":[-60.029636,7.355733]},"properties":{"id":"maus-42767","type":"mining-area","name":"Mapped mining area 42767","country":"GUY","source_id":"maus-mining-2022","year":2019,"value":21.131836033825017,"unit":"km²","metric":"Mapped mining land area","original_value":21.131836033825017,"original_unit":"km²","source_row":42767,"estimated":true}},{"type":"Feature","id":"maus-2041","geometry":{"type":"Point","coordinates":[-70.804632,-28.2942]},"properties":{"id":"maus-2041","type":"mining-area","name":"Mapped mining area 2041","country":"CHL","source_id":"maus-mining-2022","year":2019,"value":21.08365109189023,"unit":"km²","metric":"Mapped mining land area","original_value":21.08365109189023,"original_unit":"km²","source_row":2041,"estimated":true}},{"type":"Feature","id":"maus-4503","geometry":{"type":"Point","coordinates":[111.889771,-2.61835]},"properties":{"id":"maus-4503","type":"mining-area","name":"Mapped mining area 4503","country":"IDN","source_id":"maus-mining-2022","year":2019,"value":21.065032472610167,"unit":"km²","metric":"Mapped mining land area","original_value":21.065032472610167,"original_unit":"km²","source_row":4503,"estimated":true}},{"type":"Feature","id":"maus-43821","geometry":{"type":"Point","coordinates":[95.2281,25.310092]},"properties":{"id":"maus-43821","type":"mining-area","name":"Mapped mining area 43821","country":"MMR","source_id":"maus-mining-2022","year":2019,"value":21.02195893047333,"unit":"km²","metric":"Mapped mining land area","original_value":21.02195893047333,"original_unit":"km²","source_row":43821,"estimated":true}},{"type":"Feature","id":"maus-43383","geometry":{"type":"Point","coordinates":[-78.467364,-3.587036]},"properties":{"id":"maus-43383","type":"mining-area","name":"Mapped mining area 43383","country":"ECU","source_id":"maus-mining-2022","year":2019,"value":21.010304112890683,"unit":"km²","metric":"Mapped mining land area","original_value":21.010304112890683,"original_unit":"km²","source_row":43383,"estimated":true}},{"type":"Feature","id":"maus-44277","geometry":{"type":"Point","coordinates":[-59.018116,5.256487]},"properties":{"id":"maus-44277","type":"mining-area","name":"Mapped mining area 44277","country":"GUY","source_id":"maus-mining-2022","year":2019,"value":20.99451289865705,"unit":"km²","metric":"Mapped mining land area","original_value":20.99451289865705,"original_unit":"km²","source_row":44277,"estimated":true}},{"type":"Feature","id":"maus-8697","geometry":{"type":"Point","coordinates":[21.93475,44.4048]},"properties":{"id":"maus-8697","type":"mining-area","name":"Mapped mining area 8697","country":"SRB","source_id":"maus-mining-2022","year":2019,"value":20.976370190472913,"unit":"km²","metric":"Mapped mining land area","original_value":20.976370190472913,"original_unit":"km²","source_row":8697,"estimated":true}},{"type":"Feature","id":"maus-2365","geometry":{"type":"Point","coordinates":[22.97278,-27.3809]},"properties":{"id":"maus-2365","type":"mining-area","name":"Mapped mining area 2365","country":"ZAF","source_id":"maus-mining-2022","year":2019,"value":20.959541449256612,"unit":"km²","metric":"Mapped mining land area","original_value":20.959541449256612,"original_unit":"km²","source_row":2365,"estimated":true}},{"type":"Feature","id":"maus-6036","geometry":{"type":"Point","coordinates":[121.377453,12.107]},"properties":{"id":"maus-6036","type":"mining-area","name":"Mapped mining area 6036","country":"PHL","source_id":"maus-mining-2022","year":2019,"value":20.955492836615125,"unit":"km²","metric":"Mapped mining land area","original_value":20.955492836615125,"original_unit":"km²","source_row":6036,"estimated":true}},{"type":"Feature","id":"maus-1432","geometry":{"type":"Point","coordinates":[122.361161,-27.89405]},"properties":{"id":"maus-1432","type":"mining-area","name":"Mapped mining area 1432","country":"AUS","source_id":"maus-mining-2022","year":2019,"value":20.953228592593682,"unit":"km²","metric":"Mapped mining land area","original_value":20.953228592593682,"original_unit":"km²","source_row":1432,"estimated":true}},{"type":"Feature","id":"maus-6098","geometry":{"type":"Point","coordinates":[-74.973331,20.6037]},"properties":{"id":"maus-6098","type":"mining-area","name":"Mapped mining area 6098","country":"CUB","source_id":"maus-mining-2022","year":2019,"value":20.936413654319743,"unit":"km²","metric":"Mapped mining land area","original_value":20.936413654319743,"original_unit":"km²","source_row":6098,"estimated":true}},{"type":"Feature","id":"maus-32800","geometry":{"type":"Point","coordinates":[17.880648,-23.932838]},"properties":{"id":"maus-32800","type":"mining-area","name":"Mapped mining area 32800","country":"NAM","source_id":"maus-mining-2022","year":2019,"value":20.887746921262845,"unit":"km²","metric":"Mapped mining land area","original_value":20.887746921262845,"original_unit":"km²","source_row":32800,"estimated":true}},{"type":"Feature","id":"maus-44459","geometry":{"type":"Point","coordinates":[110.450182,39.4252]},"properties":{"id":"maus-44459","type":"mining-area","name":"Mapped mining area 44459","country":"CHN","source_id":"maus-mining-2022","year":2019,"value":20.864507707012702,"unit":"km²","metric":"Mapped mining land area","original_value":20.864507707012702,"original_unit":"km²","source_row":44459,"estimated":true}},{"type":"Feature","id":"maus-13050","geometry":{"type":"Point","coordinates":[66.976806,50.191]},"properties":{"id":"maus-13050","type":"mining-area","name":"Mapped mining area 13050","country":"KAZ","source_id":"maus-mining-2022","year":2019,"value":20.856111596051974,"unit":"km²","metric":"Mapped mining land area","original_value":20.856111596051974,"original_unit":"km²","source_row":13050,"estimated":true}},{"type":"Feature","id":"maus-6395","geometry":{"type":"Point","coordinates":[29.197573,28.4637]},"properties":{"id":"maus-6395","type":"mining-area","name":"Mapped mining area 6395","country":"EGY","source_id":"maus-mining-2022","year":2019,"value":20.843116094927527,"unit":"km²","metric":"Mapped mining land area","original_value":20.843116094927527,"original_unit":"km²","source_row":6395,"estimated":true}},{"type":"Feature","id":"maus-5586","geometry":{"type":"Point","coordinates":[0.077904,14.3715]},"properties":{"id":"maus-5586","type":"mining-area","name":"Mapped mining area 5586","country":"BFA","source_id":"maus-mining-2022","year":2019,"value":20.783805433622376,"unit":"km²","metric":"Mapped mining land area","original_value":20.783805433622376,"original_unit":"km²","source_row":5586,"estimated":true}},{"type":"Feature","id":"maus-10000","geometry":{"type":"Point","coordinates":[33.523008,48.12615]},"properties":{"id":"maus-10000","type":"mining-area","name":"Mapped mining area 10000","country":"UKR","source_id":"maus-mining-2022","year":2019,"value":20.750471176179996,"unit":"km²","metric":"Mapped mining land area","original_value":20.750471176179996,"original_unit":"km²","source_row":10000,"estimated":true}},{"type":"Feature","id":"maus-34849","geometry":{"type":"Point","coordinates":[108.074541,-3.126804]},"properties":{"id":"maus-34849","type":"mining-area","name":"Mapped mining area 34849","country":"IDN","source_id":"maus-mining-2022","year":2019,"value":20.727407390378414,"unit":"km²","metric":"Mapped mining land area","original_value":20.727407390378414,"original_unit":"km²","source_row":34849,"estimated":true}},{"type":"Feature","id":"maus-17830","geometry":{"type":"Point","coordinates":[123.128992,41.1513]},"properties":{"id":"maus-17830","type":"mining-area","name":"Mapped mining area 17830","country":"CHN","source_id":"maus-mining-2022","year":2019,"value":20.704700224415998,"unit":"km²","metric":"Mapped mining land area","original_value":20.704700224415998,"original_unit":"km²","source_row":17830,"estimated":true}},{"type":"Feature","id":"maus-11984","geometry":{"type":"Point","coordinates":[37.650772,51.22505]},"properties":{"id":"maus-11984","type":"mining-area","name":"Mapped mining area 11984","country":"RUS","source_id":"maus-mining-2022","year":2019,"value":20.69624993641026,"unit":"km²","metric":"Mapped mining land area","original_value":20.69624993641026,"original_unit":"km²","source_row":11984,"estimated":true}},{"type":"Feature","id":"maus-286","geometry":{"type":"Point","coordinates":[145.203871,-41.48045]},"properties":{"id":"maus-286","type":"mining-area","name":"Mapped mining area 286","country":"AUS","source_id":"maus-mining-2022","year":2019,"value":20.59861185438855,"unit":"km²","metric":"Mapped mining land area","original_value":20.59861185438855,"original_unit":"km²","source_row":286,"estimated":true}},{"type":"Feature","id":"maus-441","geometry":{"type":"Point","coordinates":[149.885225,-32.3364]},"properties":{"id":"maus-441","type":"mining-area","name":"Mapped mining area 441","country":"AUS","source_id":"maus-mining-2022","year":2019,"value":20.53980235439428,"unit":"km²","metric":"Mapped mining land area","original_value":20.53980235439428,"original_unit":"km²","source_row":441,"estimated":true}},{"type":"Feature","id":"maus-43995","geometry":{"type":"Point","coordinates":[148.297274,-22.0703]},"properties":{"id":"maus-43995","type":"mining-area","name":"Mapped mining area 43995","country":"AUS","source_id":"maus-mining-2022","year":2019,"value":20.52013844698456,"unit":"km²","metric":"Mapped mining land area","original_value":20.52013844698456,"original_unit":"km²","source_row":43995,"estimated":true}},{"type":"Feature","id":"maus-19409","geometry":{"type":"Point","coordinates":[-147.338613,65.00255]},"properties":{"id":"maus-19409","type":"mining-area","name":"Mapped mining area 19409","country":"USA","source_id":"maus-mining-2022","year":2019,"value":20.470756584208083,"unit":"km²","metric":"Mapped mining land area","original_value":20.470756584208083,"original_unit":"km²","source_row":19409,"estimated":true}},{"type":"Feature","id":"maus-3999","geometry":{"type":"Point","coordinates":[25.305744,-12.2652]},"properties":{"id":"maus-3999","type":"mining-area","name":"Mapped mining area 3999","country":"ZMB","source_id":"maus-mining-2022","year":2019,"value":20.46894584347428,"unit":"km²","metric":"Mapped mining land area","original_value":20.46894584347428,"original_unit":"km²","source_row":3999,"estimated":true}},{"type":"Feature","id":"maus-499","geometry":{"type":"Point","coordinates":[152.820322,-27.6387]},"properties":{"id":"maus-499","type":"mining-area","name":"Mapped mining area 499","country":"AUS","source_id":"maus-mining-2022","year":2019,"value":20.45597473178356,"unit":"km²","metric":"Mapped mining land area","original_value":20.45597473178356,"original_unit":"km²","source_row":499,"estimated":true}},{"type":"Feature","id":"maus-19190","geometry":{"type":"Point","coordinates":[124.820519,58.64925]},"properties":{"id":"maus-19190","type":"mining-area","name":"Mapped mining area 19190","country":"RUS","source_id":"maus-mining-2022","year":2019,"value":20.448764738146785,"unit":"km²","metric":"Mapped mining land area","original_value":20.448764738146785,"original_unit":"km²","source_row":19190,"estimated":true}},{"type":"Feature","id":"maus-38551","geometry":{"type":"Point","coordinates":[114.315361,58.120399]},"properties":{"id":"maus-38551","type":"mining-area","name":"Mapped mining area 38551","country":"RUS","source_id":"maus-mining-2022","year":2019,"value":20.436889354133662,"unit":"km²","metric":"Mapped mining land area","original_value":20.436889354133662,"original_unit":"km²","source_row":38551,"estimated":true}},{"type":"Feature","id":"maus-27854","geometry":{"type":"Point","coordinates":[115.681587,40.879711]},"properties":{"id":"maus-27854","type":"mining-area","name":"Mapped mining area 27854","country":"CHN","source_id":"maus-mining-2022","year":2019,"value":20.413310045708652,"unit":"km²","metric":"Mapped mining land area","original_value":20.413310045708652,"original_unit":"km²","source_row":27854,"estimated":true}},{"type":"Feature","id":"maus-23595","geometry":{"type":"Point","coordinates":[-56.75906,-5.271352]},"properties":{"id":"maus-23595","type":"mining-area","name":"Mapped mining area 23595","country":"BRA","source_id":"maus-mining-2022","year":2019,"value":20.366005765454844,"unit":"km²","metric":"Mapped mining land area","original_value":20.366005765454844,"original_unit":"km²","source_row":23595,"estimated":true}},{"type":"Feature","id":"maus-26561","geometry":{"type":"Point","coordinates":[-114.426617,60.86907]},"properties":{"id":"maus-26561","type":"mining-area","name":"Mapped mining area 26561","country":"CAN","source_id":"maus-mining-2022","year":2019,"value":20.35748671813579,"unit":"km²","metric":"Mapped mining land area","original_value":20.35748671813579,"original_unit":"km²","source_row":26561,"estimated":true}},{"type":"Feature","id":"maus-41775","geometry":{"type":"Point","coordinates":[119.142327,52.251909]},"properties":{"id":"maus-41775","type":"mining-area","name":"Mapped mining area 41775","country":"RUS","source_id":"maus-mining-2022","year":2019,"value":20.355721712246787,"unit":"km²","metric":"Mapped mining land area","original_value":20.355721712246787,"original_unit":"km²","source_row":41775,"estimated":true}},{"type":"Feature","id":"maus-44003","geometry":{"type":"Point","coordinates":[148.017223,-21.172655]},"properties":{"id":"maus-44003","type":"mining-area","name":"Mapped mining area 44003","country":"AUS","source_id":"maus-mining-2022","year":2019,"value":20.326113449520356,"unit":"km²","metric":"Mapped mining land area","original_value":20.326113449520356,"original_unit":"km²","source_row":44003,"estimated":true}},{"type":"Feature","id":"maus-16851","geometry":{"type":"Point","coordinates":[86.547055,54.0484]},"properties":{"id":"maus-16851","type":"mining-area","name":"Mapped mining area 16851","country":"RUS","source_id":"maus-mining-2022","year":2019,"value":20.291470859237226,"unit":"km²","metric":"Mapped mining land area","original_value":20.291470859237226,"original_unit":"km²","source_row":16851,"estimated":true}},{"type":"Feature","id":"maus-489","geometry":{"type":"Point","coordinates":[147.386107,-33.63895]},"properties":{"id":"maus-489","type":"mining-area","name":"Mapped mining area 489","country":"AUS","source_id":"maus-mining-2022","year":2019,"value":20.26998877452973,"unit":"km²","metric":"Mapped mining land area","original_value":20.26998877452973,"original_unit":"km²","source_row":489,"estimated":true}},{"type":"Feature","id":"maus-44711","geometry":{"type":"Point","coordinates":[-56.341562,-15.681082]},"properties":{"id":"maus-44711","type":"mining-area","name":"Mapped mining area 44711","country":"BRA","source_id":"maus-mining-2022","year":2019,"value":20.26865752933803,"unit":"km²","metric":"Mapped mining land area","original_value":20.26865752933803,"original_unit":"km²","source_row":44711,"estimated":true}},{"type":"Feature","id":"maus-23317","geometry":{"type":"Point","coordinates":[-46.280373,-2.304616]},"properties":{"id":"maus-23317","type":"mining-area","name":"Mapped mining area 23317","country":"BRA","source_id":"maus-mining-2022","year":2019,"value":20.26317319461624,"unit":"km²","metric":"Mapped mining land area","original_value":20.26317319461624,"original_unit":"km²","source_row":23317,"estimated":true}},{"type":"Feature","id":"maus-17978","geometry":{"type":"Point","coordinates":[93.495016,58.1125]},"properties":{"id":"maus-17978","type":"mining-area","name":"Mapped mining area 17978","country":"RUS","source_id":"maus-mining-2022","year":2019,"value":20.244596276562543,"unit":"km²","metric":"Mapped mining land area","original_value":20.244596276562543,"original_unit":"km²","source_row":17978,"estimated":true}},{"type":"Feature","id":"maus-1980","geometry":{"type":"Point","coordinates":[-70.495919,-31.7231]},"properties":{"id":"maus-1980","type":"mining-area","name":"Mapped mining area 1980","country":"CHL","source_id":"maus-mining-2022","year":2019,"value":20.193436984517987,"unit":"km²","metric":"Mapped mining land area","original_value":20.193436984517987,"original_unit":"km²","source_row":1980,"estimated":true}},{"type":"Feature","id":"maus-9648","geometry":{"type":"Point","coordinates":[-80.610243,38.4429]},"properties":{"id":"maus-9648","type":"mining-area","name":"Mapped mining area 9648","country":"USA","source_id":"maus-mining-2022","year":2019,"value":20.17950626057893,"unit":"km²","metric":"Mapped mining land area","original_value":20.17950626057893,"original_unit":"km²","source_row":9648,"estimated":true}},{"type":"Feature","id":"maus-44695","geometry":{"type":"Point","coordinates":[-51.048846,-6.824269]},"properties":{"id":"maus-44695","type":"mining-area","name":"Mapped mining area 44695","country":"BRA","source_id":"maus-mining-2022","year":2019,"value":20.12848350073047,"unit":"km²","metric":"Mapped mining land area","original_value":20.12848350073047,"original_unit":"km²","source_row":44695,"estimated":true}},{"type":"Feature","id":"maus-43339","geometry":{"type":"Point","coordinates":[110.813415,0.032735]},"properties":{"id":"maus-43339","type":"mining-area","name":"Mapped mining area 43339","country":"IDN","source_id":"maus-mining-2022","year":2019,"value":20.057261030608405,"unit":"km²","metric":"Mapped mining land area","original_value":20.057261030608405,"original_unit":"km²","source_row":43339,"estimated":true}},{"type":"Feature","id":"maus-6199","geometry":{"type":"Point","coordinates":[34.711819,24.9555]},"properties":{"id":"maus-6199","type":"mining-area","name":"Mapped mining area 6199","country":"EGY","source_id":"maus-mining-2022","year":2019,"value":20.05429947248516,"unit":"km²","metric":"Mapped mining land area","original_value":20.05429947248516,"original_unit":"km²","source_row":6199,"estimated":true}},{"type":"Feature","id":"maus-11913","geometry":{"type":"Point","coordinates":[-112.867832,31.14995]},"properties":{"id":"maus-11913","type":"mining-area","name":"Mapped mining area 11913","country":"MEX","source_id":"maus-mining-2022","year":2019,"value":20.0168045122434,"unit":"km²","metric":"Mapped mining land area","original_value":20.0168045122434,"original_unit":"km²","source_row":11913,"estimated":true}},{"type":"Feature","id":"maus-664","geometry":{"type":"Point","coordinates":[149.029325,-23.29725]},"properties":{"id":"maus-664","type":"mining-area","name":"Mapped mining area 664","country":"AUS","source_id":"maus-mining-2022","year":2019,"value":20.015968374071594,"unit":"km²","metric":"Mapped mining land area","original_value":20.015968374071594,"original_unit":"km²","source_row":664,"estimated":true}},{"type":"Feature","id":"maus-6007","geometry":{"type":"Point","coordinates":[80.781631,17.95355]},"properties":{"id":"maus-6007","type":"mining-area","name":"Mapped mining area 6007","country":"IND","source_id":"maus-mining-2022","year":2019,"value":20.005293221565392,"unit":"km²","metric":"Mapped mining land area","original_value":20.005293221565392,"original_unit":"km²","source_row":6007,"estimated":true}},{"type":"Feature","id":"maus-14434","geometry":{"type":"Point","coordinates":[90.699824,44.48575]},"properties":{"id":"maus-14434","type":"mining-area","name":"Mapped mining area 14434","country":"CHN","source_id":"maus-mining-2022","year":2019,"value":19.988248934860714,"unit":"km²","metric":"Mapped mining land area","original_value":19.988248934860714,"original_unit":"km²","source_row":14434,"estimated":true}},{"type":"Feature","id":"maus-44819","geometry":{"type":"Point","coordinates":[114.623071,58.676402]},"properties":{"id":"maus-44819","type":"mining-area","name":"Mapped mining area 44819","country":"RUS","source_id":"maus-mining-2022","year":2019,"value":19.983366996963845,"unit":"km²","metric":"Mapped mining land area","original_value":19.983366996963845,"original_unit":"km²","source_row":44819,"estimated":true}},{"type":"Feature","id":"maus-44597","geometry":{"type":"Point","coordinates":[119.153465,53.499882]},"properties":{"id":"maus-44597","type":"mining-area","name":"Mapped mining area 44597","country":"RUS","source_id":"maus-mining-2022","year":2019,"value":19.94646680530811,"unit":"km²","metric":"Mapped mining land area","original_value":19.94646680530811,"original_unit":"km²","source_row":44597,"estimated":true}},{"type":"Feature","id":"maus-1611","geometry":{"type":"Point","coordinates":[118.42798,-26.69475]},"properties":{"id":"maus-1611","type":"mining-area","name":"Mapped mining area 1611","country":"AUS","source_id":"maus-mining-2022","year":2019,"value":19.938128188046463,"unit":"km²","metric":"Mapped mining land area","original_value":19.938128188046463,"original_unit":"km²","source_row":1611,"estimated":true}},{"type":"Feature","id":"maus-2009","geometry":{"type":"Point","coordinates":[-69.972424,-29.7735]},"properties":{"id":"maus-2009","type":"mining-area","name":"Mapped mining area 2009","country":"CHL","source_id":"maus-mining-2022","year":2019,"value":19.914471495782124,"unit":"km²","metric":"Mapped mining land area","original_value":19.914471495782124,"original_unit":"km²","source_row":2009,"estimated":true}},{"type":"Feature","id":"maus-7867","geometry":{"type":"Point","coordinates":[37.334408,39.0524]},"properties":{"id":"maus-7867","type":"mining-area","name":"Mapped mining area 7867","country":"TUR","source_id":"maus-mining-2022","year":2019,"value":19.90673166169751,"unit":"km²","metric":"Mapped mining land area","original_value":19.90673166169751,"original_unit":"km²","source_row":7867,"estimated":true}},{"type":"Feature","id":"maus-693","geometry":{"type":"Point","coordinates":[147.631485,-22.71745]},"properties":{"id":"maus-693","type":"mining-area","name":"Mapped mining area 693","country":"AUS","source_id":"maus-mining-2022","year":2019,"value":19.89992916379024,"unit":"km²","metric":"Mapped mining land area","original_value":19.89992916379024,"original_unit":"km²","source_row":693,"estimated":true}},{"type":"Feature","id":"maus-43441","geometry":{"type":"Point","coordinates":[134.161844,70.559741]},"properties":{"id":"maus-43441","type":"mining-area","name":"Mapped mining area 43441","country":"RUS","source_id":"maus-mining-2022","year":2019,"value":19.892049966776703,"unit":"km²","metric":"Mapped mining land area","original_value":19.892049966776703,"original_unit":"km²","source_row":43441,"estimated":true}},{"type":"Feature","id":"maus-4057","geometry":{"type":"Point","coordinates":[137.111314,-4.05835]},"properties":{"id":"maus-4057","type":"mining-area","name":"Mapped mining area 4057","country":"IDN","source_id":"maus-mining-2022","year":2019,"value":19.8290770448716,"unit":"km²","metric":"Mapped mining land area","original_value":19.8290770448716,"original_unit":"km²","source_row":4057,"estimated":true}},{"type":"Feature","id":"maus-24776","geometry":{"type":"Point","coordinates":[-135.813955,64.024873]},"properties":{"id":"maus-24776","type":"mining-area","name":"Mapped mining area 24776","country":"CAN","source_id":"maus-mining-2022","year":2019,"value":19.79830679065727,"unit":"km²","metric":"Mapped mining land area","original_value":19.79830679065727,"original_unit":"km²","source_row":24776,"estimated":true}},{"type":"Feature","id":"maus-4555","geometry":{"type":"Point","coordinates":[-56.488137,-1.75895]},"properties":{"id":"maus-4555","type":"mining-area","name":"Mapped mining area 4555","country":"BRA","source_id":"maus-mining-2022","year":2019,"value":19.795895437541958,"unit":"km²","metric":"Mapped mining land area","original_value":19.795895437541958,"original_unit":"km²","source_row":4555,"estimated":true}},{"type":"Feature","id":"maus-12569","geometry":{"type":"Point","coordinates":[-107.631705,35.51415]},"properties":{"id":"maus-12569","type":"mining-area","name":"Mapped mining area 12569","country":"USA","source_id":"maus-mining-2022","year":2019,"value":19.78974510532034,"unit":"km²","metric":"Mapped mining land area","original_value":19.78974510532034,"original_unit":"km²","source_row":12569,"estimated":true}},{"type":"Feature","id":"maus-2002","geometry":{"type":"Point","coordinates":[128.399307,-16.71505]},"properties":{"id":"maus-2002","type":"mining-area","name":"Mapped mining area 2002","country":"AUS","source_id":"maus-mining-2022","year":2019,"value":19.78082242507829,"unit":"km²","metric":"Mapped mining land area","original_value":19.78082242507829,"original_unit":"km²","source_row":2002,"estimated":true}},{"type":"Feature","id":"maus-42059","geometry":{"type":"Point","coordinates":[113.200719,54.566702]},"properties":{"id":"maus-42059","type":"mining-area","name":"Mapped mining area 42059","country":"RUS","source_id":"maus-mining-2022","year":2019,"value":19.7581530768338,"unit":"km²","metric":"Mapped mining land area","original_value":19.7581530768338,"original_unit":"km²","source_row":42059,"estimated":true}},{"type":"Feature","id":"maus-1608","geometry":{"type":"Point","coordinates":[138.596955,-18.7286]},"properties":{"id":"maus-1608","type":"mining-area","name":"Mapped mining area 1608","country":"AUS","source_id":"maus-mining-2022","year":2019,"value":19.757087564850817,"unit":"km²","metric":"Mapped mining land area","original_value":19.757087564850817,"original_unit":"km²","source_row":1608,"estimated":true}},{"type":"Feature","id":"maus-44566","geometry":{"type":"Point","coordinates":[64.3623,67.52125]},"properties":{"id":"maus-44566","type":"mining-area","name":"Mapped mining area 44566","country":"RUS","source_id":"maus-mining-2022","year":2019,"value":19.734035167148143,"unit":"km²","metric":"Mapped mining land area","original_value":19.734035167148143,"original_unit":"km²","source_row":44566,"estimated":true}},{"type":"Feature","id":"maus-38550","geometry":{"type":"Point","coordinates":[114.225104,57.941418]},"properties":{"id":"maus-38550","type":"mining-area","name":"Mapped mining area 38550","country":"RUS","source_id":"maus-mining-2022","year":2019,"value":19.698338710315674,"unit":"km²","metric":"Mapped mining land area","original_value":19.698338710315674,"original_unit":"km²","source_row":38550,"estimated":true}},{"type":"Feature","id":"maus-576","geometry":{"type":"Point","coordinates":[142.146319,-33.4343]},"properties":{"id":"maus-576","type":"mining-area","name":"Mapped mining area 576","country":"AUS","source_id":"maus-mining-2022","year":2019,"value":19.677332336272574,"unit":"km²","metric":"Mapped mining land area","original_value":19.677332336272574,"original_unit":"km²","source_row":576,"estimated":true}},{"type":"Feature","id":"maus-29480","geometry":{"type":"Point","coordinates":[-74.82515,7.873369]},"properties":{"id":"maus-29480","type":"mining-area","name":"Mapped mining area 29480","country":"COL","source_id":"maus-mining-2022","year":2019,"value":19.666029590880967,"unit":"km²","metric":"Mapped mining land area","original_value":19.666029590880967,"original_unit":"km²","source_row":29480,"estimated":true}},{"type":"Feature","id":"maus-44522","geometry":{"type":"Point","coordinates":[86.400134,54.594856]},"properties":{"id":"maus-44522","type":"mining-area","name":"Mapped mining area 44522","country":"RUS","source_id":"maus-mining-2022","year":2019,"value":19.629384508251555,"unit":"km²","metric":"Mapped mining land area","original_value":19.629384508251555,"original_unit":"km²","source_row":44522,"estimated":true}},{"type":"Feature","id":"maus-14271","geometry":{"type":"Point","coordinates":[106.813386,39.2763]},"properties":{"id":"maus-14271","type":"mining-area","name":"Mapped mining area 14271","country":"CHN","source_id":"maus-mining-2022","year":2019,"value":19.615497648634825,"unit":"km²","metric":"Mapped mining land area","original_value":19.615497648634825,"original_unit":"km²","source_row":14271,"estimated":true}},{"type":"Feature","id":"maus-28304","geometry":{"type":"Point","coordinates":[119.286085,41.550535]},"properties":{"id":"maus-28304","type":"mining-area","name":"Mapped mining area 28304","country":"CHN","source_id":"maus-mining-2022","year":2019,"value":19.611615979131255,"unit":"km²","metric":"Mapped mining land area","original_value":19.611615979131255,"original_unit":"km²","source_row":28304,"estimated":true}},{"type":"Feature","id":"maus-41767","geometry":{"type":"Point","coordinates":[121.967865,52.745833]},"properties":{"id":"maus-41767","type":"mining-area","name":"Mapped mining area 41767","country":"CHN","source_id":"maus-mining-2022","year":2019,"value":19.60458063122878,"unit":"km²","metric":"Mapped mining land area","original_value":19.60458063122878,"original_unit":"km²","source_row":41767,"estimated":true}},{"type":"Feature","id":"maus-4553","geometry":{"type":"Point","coordinates":[-56.512414,-1.8028]},"properties":{"id":"maus-4553","type":"mining-area","name":"Mapped mining area 4553","country":"BRA","source_id":"maus-mining-2022","year":2019,"value":19.604232936054867,"unit":"km²","metric":"Mapped mining land area","original_value":19.604232936054867,"original_unit":"km²","source_row":4553,"estimated":true}},{"type":"Feature","id":"maus-9752","geometry":{"type":"Point","coordinates":[34.215475,47.6777]},"properties":{"id":"maus-9752","type":"mining-area","name":"Mapped mining area 9752","country":"UKR","source_id":"maus-mining-2022","year":2019,"value":19.590863490645116,"unit":"km²","metric":"Mapped mining land area","original_value":19.590863490645116,"original_unit":"km²","source_row":9752,"estimated":true}},{"type":"Feature","id":"maus-44252","geometry":{"type":"Point","coordinates":[-54.871209,4.378096]},"properties":{"id":"maus-44252","type":"mining-area","name":"Mapped mining area 44252","country":"SUR","source_id":"maus-mining-2022","year":2019,"value":19.581607053106964,"unit":"km²","metric":"Mapped mining land area","original_value":19.581607053106964,"original_unit":"km²","source_row":44252,"estimated":true}},{"type":"Feature","id":"maus-1062","geometry":{"type":"Point","coordinates":[116.439932,-32.8446]},"properties":{"id":"maus-1062","type":"mining-area","name":"Mapped mining area 1062","country":"AUS","source_id":"maus-mining-2022","year":2019,"value":19.558576396274404,"unit":"km²","metric":"Mapped mining land area","original_value":19.558576396274404,"original_unit":"km²","source_row":1062,"estimated":true}},{"type":"Feature","id":"maus-2288","geometry":{"type":"Point","coordinates":[30.004106,-27.7071]},"properties":{"id":"maus-2288","type":"mining-area","name":"Mapped mining area 2288","country":"ZAF","source_id":"maus-mining-2022","year":2019,"value":19.470170518124725,"unit":"km²","metric":"Mapped mining land area","original_value":19.470170518124725,"original_unit":"km²","source_row":2288,"estimated":true}},{"type":"Feature","id":"maus-44172","geometry":{"type":"Point","coordinates":[117.028159,-1.033766]},"properties":{"id":"maus-44172","type":"mining-area","name":"Mapped mining area 44172","country":"IDN","source_id":"maus-mining-2022","year":2019,"value":19.42175294543262,"unit":"km²","metric":"Mapped mining land area","original_value":19.42175294543262,"original_unit":"km²","source_row":44172,"estimated":true}},{"type":"Feature","id":"maus-43996","geometry":{"type":"Point","coordinates":[148.378152,-21.9797]},"properties":{"id":"maus-43996","type":"mining-area","name":"Mapped mining area 43996","country":"AUS","source_id":"maus-mining-2022","year":2019,"value":19.412016185876187,"unit":"km²","metric":"Mapped mining land area","original_value":19.412016185876187,"original_unit":"km²","source_row":43996,"estimated":true}},{"type":"Feature","id":"maus-15887","geometry":{"type":"Point","coordinates":[27.998376,63.9731]},"properties":{"id":"maus-15887","type":"mining-area","name":"Mapped mining area 15887","country":"FIN","source_id":"maus-mining-2022","year":2019,"value":19.39522177331997,"unit":"km²","metric":"Mapped mining land area","original_value":19.39522177331997,"original_unit":"km²","source_row":15887,"estimated":true}},{"type":"Feature","id":"maus-2930","geometry":{"type":"Point","coordinates":[26.99626,-25.1026]},"properties":{"id":"maus-2930","type":"mining-area","name":"Mapped mining area 2930","country":"ZAF","source_id":"maus-mining-2022","year":2019,"value":19.38968886009513,"unit":"km²","metric":"Mapped mining land area","original_value":19.38968886009513,"original_unit":"km²","source_row":2930,"estimated":true}},{"type":"Feature","id":"maus-44217","geometry":{"type":"Point","coordinates":[117.2654,-0.40185]},"properties":{"id":"maus-44217","type":"mining-area","name":"Mapped mining area 44217","country":"IDN","source_id":"maus-mining-2022","year":2019,"value":19.384897670503914,"unit":"km²","metric":"Mapped mining land area","original_value":19.384897670503914,"original_unit":"km²","source_row":44217,"estimated":true}},{"type":"Feature","id":"maus-11181","geometry":{"type":"Point","coordinates":[6.362066,50.87345]},"properties":{"id":"maus-11181","type":"mining-area","name":"Mapped mining area 11181","country":"DEU","source_id":"maus-mining-2022","year":2019,"value":19.37180113118255,"unit":"km²","metric":"Mapped mining land area","original_value":19.37180113118255,"original_unit":"km²","source_row":11181,"estimated":true}},{"type":"Feature","id":"maus-14374","geometry":{"type":"Point","coordinates":[-81.09545,48.56435]},"properties":{"id":"maus-14374","type":"mining-area","name":"Mapped mining area 14374","country":"CAN","source_id":"maus-mining-2022","year":2019,"value":19.369195147935322,"unit":"km²","metric":"Mapped mining land area","original_value":19.369195147935322,"original_unit":"km²","source_row":14374,"estimated":true}},{"type":"Feature","id":"maus-1134","geometry":{"type":"Point","coordinates":[116.369728,-32.6984]},"properties":{"id":"maus-1134","type":"mining-area","name":"Mapped mining area 1134","country":"AUS","source_id":"maus-mining-2022","year":2019,"value":19.312178607649457,"unit":"km²","metric":"Mapped mining land area","original_value":19.312178607649457,"original_unit":"km²","source_row":1134,"estimated":true}},{"type":"Feature","id":"maus-42406","geometry":{"type":"Point","coordinates":[-54.80533,4.965075]},"properties":{"id":"maus-42406","type":"mining-area","name":"Mapped mining area 42406","country":"SUR","source_id":"maus-mining-2022","year":2019,"value":19.30848615705083,"unit":"km²","metric":"Mapped mining land area","original_value":19.30848615705083,"original_unit":"km²","source_row":42406,"estimated":true}},{"type":"Feature","id":"maus-41759","geometry":{"type":"Point","coordinates":[120.844166,53.013976]},"properties":{"id":"maus-41759","type":"mining-area","name":"Mapped mining area 41759","country":"CHN","source_id":"maus-mining-2022","year":2019,"value":19.266248905402993,"unit":"km²","metric":"Mapped mining land area","original_value":19.266248905402993,"original_unit":"km²","source_row":41759,"estimated":true}},{"type":"Feature","id":"maus-30537","geometry":{"type":"Point","coordinates":[79.284459,20.872807]},"properties":{"id":"maus-30537","type":"mining-area","name":"Mapped mining area 30537","country":"IND","source_id":"maus-mining-2022","year":2019,"value":19.26241944333459,"unit":"km²","metric":"Mapped mining land area","original_value":19.26241944333459,"original_unit":"km²","source_row":30537,"estimated":true}},{"type":"Feature","id":"maus-13075","geometry":{"type":"Point","coordinates":[68.630748,49.0215]},"properties":{"id":"maus-13075","type":"mining-area","name":"Mapped mining area 13075","country":"KAZ","source_id":"maus-mining-2022","year":2019,"value":19.259670620050795,"unit":"km²","metric":"Mapped mining land area","original_value":19.259670620050795,"original_unit":"km²","source_row":13075,"estimated":true}},{"type":"Feature","id":"maus-44477","geometry":{"type":"Point","coordinates":[110.501257,39.4562]},"properties":{"id":"maus-44477","type":"mining-area","name":"Mapped mining area 44477","country":"CHN","source_id":"maus-mining-2022","year":2019,"value":19.241750277936326,"unit":"km²","metric":"Mapped mining land area","original_value":19.241750277936326,"original_unit":"km²","source_row":44477,"estimated":true}},{"type":"Feature","id":"maus-3009","geometry":{"type":"Point","coordinates":[-68.599552,-20.9378]},"properties":{"id":"maus-3009","type":"mining-area","name":"Mapped mining area 3009","country":"CHL","source_id":"maus-mining-2022","year":2019,"value":19.228511378532026,"unit":"km²","metric":"Mapped mining land area","original_value":19.228511378532026,"original_unit":"km²","source_row":3009,"estimated":true}},{"type":"Feature","id":"maus-19566","geometry":{"type":"Point","coordinates":[59.05348,55.06775]},"properties":{"id":"maus-19566","type":"mining-area","name":"Mapped mining area 19566","country":"RUS","source_id":"maus-mining-2022","year":2019,"value":19.221290131397367,"unit":"km²","metric":"Mapped mining land area","original_value":19.221290131397367,"original_unit":"km²","source_row":19566,"estimated":true}},{"type":"Feature","id":"maus-16861","geometry":{"type":"Point","coordinates":[86.5018,54.12275]},"properties":{"id":"maus-16861","type":"mining-area","name":"Mapped mining area 16861","country":"RUS","source_id":"maus-mining-2022","year":2019,"value":19.214671666093565,"unit":"km²","metric":"Mapped mining land area","original_value":19.214671666093565,"original_unit":"km²","source_row":16861,"estimated":true}},{"type":"Feature","id":"maus-43986","geometry":{"type":"Point","coordinates":[151.016259,-32.3925]},"properties":{"id":"maus-43986","type":"mining-area","name":"Mapped mining area 43986","country":"AUS","source_id":"maus-mining-2022","year":2019,"value":19.212663052059956,"unit":"km²","metric":"Mapped mining land area","original_value":19.212663052059956,"original_unit":"km²","source_row":43986,"estimated":true}},{"type":"Feature","id":"maus-30950","geometry":{"type":"Point","coordinates":[108.147053,-3.025699]},"properties":{"id":"maus-30950","type":"mining-area","name":"Mapped mining area 30950","country":"IDN","source_id":"maus-mining-2022","year":2019,"value":19.198924958907874,"unit":"km²","metric":"Mapped mining land area","original_value":19.198924958907874,"original_unit":"km²","source_row":30950,"estimated":true}},{"type":"Feature","id":"maus-9535","geometry":{"type":"Point","coordinates":[-81.579903,37.90745]},"properties":{"id":"maus-9535","type":"mining-area","name":"Mapped mining area 9535","country":"USA","source_id":"maus-mining-2022","year":2019,"value":19.19433881712785,"unit":"km²","metric":"Mapped mining land area","original_value":19.19433881712785,"original_unit":"km²","source_row":9535,"estimated":true}},{"type":"Feature","id":"maus-17343","geometry":{"type":"Point","coordinates":[30.795056,69.3863]},"properties":{"id":"maus-17343","type":"mining-area","name":"Mapped mining area 17343","country":"RUS","source_id":"maus-mining-2022","year":2019,"value":19.19204232324331,"unit":"km²","metric":"Mapped mining land area","original_value":19.19204232324331,"original_unit":"km²","source_row":17343,"estimated":true}},{"type":"Feature","id":"maus-44496","geometry":{"type":"Point","coordinates":[-111.125337,42.6636]},"properties":{"id":"maus-44496","type":"mining-area","name":"Mapped mining area 44496","country":"USA","source_id":"maus-mining-2022","year":2019,"value":19.177840273539772,"unit":"km²","metric":"Mapped mining land area","original_value":19.177840273539772,"original_unit":"km²","source_row":44496,"estimated":true}},{"type":"Feature","id":"maus-43439","geometry":{"type":"Point","coordinates":[137.680495,60.159255]},"properties":{"id":"maus-43439","type":"mining-area","name":"Mapped mining area 43439","country":"RUS","source_id":"maus-mining-2022","year":2019,"value":19.174359800352285,"unit":"km²","metric":"Mapped mining land area","original_value":19.174359800352285,"original_unit":"km²","source_row":43439,"estimated":true}},{"type":"Feature","id":"maus-16214","geometry":{"type":"Point","coordinates":[-117.306753,38.3145]},"properties":{"id":"maus-16214","type":"mining-area","name":"Mapped mining area 16214","country":"USA","source_id":"maus-mining-2022","year":2019,"value":19.168781004361826,"unit":"km²","metric":"Mapped mining land area","original_value":19.168781004361826,"original_unit":"km²","source_row":16214,"estimated":true}},{"type":"Feature","id":"maus-703","geometry":{"type":"Point","coordinates":[148.411068,-22.44945]},"properties":{"id":"maus-703","type":"mining-area","name":"Mapped mining area 703","country":"AUS","source_id":"maus-mining-2022","year":2019,"value":19.146886341266303,"unit":"km²","metric":"Mapped mining land area","original_value":19.146886341266303,"original_unit":"km²","source_row":703,"estimated":true}},{"type":"Feature","id":"maus-15536","geometry":{"type":"Point","coordinates":[110.254307,39.8819]},"properties":{"id":"maus-15536","type":"mining-area","name":"Mapped mining area 15536","country":"CHN","source_id":"maus-mining-2022","year":2019,"value":19.146146438570156,"unit":"km²","metric":"Mapped mining land area","original_value":19.146146438570156,"original_unit":"km²","source_row":15536,"estimated":true}},{"type":"Feature","id":"maus-44793","geometry":{"type":"Point","coordinates":[-2.091649,6.18716]},"properties":{"id":"maus-44793","type":"mining-area","name":"Mapped mining area 44793","country":"GHA","source_id":"maus-mining-2022","year":2019,"value":19.14072639652708,"unit":"km²","metric":"Mapped mining land area","original_value":19.14072639652708,"original_unit":"km²","source_row":44793,"estimated":true}},{"type":"Feature","id":"maus-4282","geometry":{"type":"Point","coordinates":[20.756857,-8.23695]},"properties":{"id":"maus-4282","type":"mining-area","name":"Mapped mining area 4282","country":"AGO","source_id":"maus-mining-2022","year":2019,"value":19.11337818756698,"unit":"km²","metric":"Mapped mining land area","original_value":19.11337818756698,"original_unit":"km²","source_row":4282,"estimated":true}},{"type":"Feature","id":"maus-9587","geometry":{"type":"Point","coordinates":[-81.7264,38.05755]},"properties":{"id":"maus-9587","type":"mining-area","name":"Mapped mining area 9587","country":"USA","source_id":"maus-mining-2022","year":2019,"value":19.112949709402457,"unit":"km²","metric":"Mapped mining land area","original_value":19.112949709402457,"original_unit":"km²","source_row":9587,"estimated":true}},{"type":"Feature","id":"maus-13067","geometry":{"type":"Point","coordinates":[-114.980369,33.05185]},"properties":{"id":"maus-13067","type":"mining-area","name":"Mapped mining area 13067","country":"USA","source_id":"maus-mining-2022","year":2019,"value":19.10488082111757,"unit":"km²","metric":"Mapped mining land area","original_value":19.10488082111757,"original_unit":"km²","source_row":13067,"estimated":true}},{"type":"Feature","id":"maus-43351","geometry":{"type":"Point","coordinates":[109.320838,0.42439]},"properties":{"id":"maus-43351","type":"mining-area","name":"Mapped mining area 43351","country":"IDN","source_id":"maus-mining-2022","year":2019,"value":19.09822105068527,"unit":"km²","metric":"Mapped mining land area","original_value":19.09822105068527,"original_unit":"km²","source_row":43351,"estimated":true}},{"type":"Feature","id":"maus-16962","geometry":{"type":"Point","coordinates":[33.250614,67.63665]},"properties":{"id":"maus-16962","type":"mining-area","name":"Mapped mining area 16962","country":"RUS","source_id":"maus-mining-2022","year":2019,"value":19.01189779717129,"unit":"km²","metric":"Mapped mining land area","original_value":19.01189779717129,"original_unit":"km²","source_row":16962,"estimated":true}},{"type":"Feature","id":"maus-18556","geometry":{"type":"Point","coordinates":[88.086798,69.38635]},"properties":{"id":"maus-18556","type":"mining-area","name":"Mapped mining area 18556","country":"RUS","source_id":"maus-mining-2022","year":2019,"value":19.003837348164907,"unit":"km²","metric":"Mapped mining land area","original_value":19.003837348164907,"original_unit":"km²","source_row":18556,"estimated":true}},{"type":"Feature","id":"maus-9972","geometry":{"type":"Point","coordinates":[-109.560816,30.3171]},"properties":{"id":"maus-9972","type":"mining-area","name":"Mapped mining area 9972","country":"MEX","source_id":"maus-mining-2022","year":2019,"value":19.000081336525476,"unit":"km²","metric":"Mapped mining land area","original_value":19.000081336525476,"original_unit":"km²","source_row":9972,"estimated":true}},{"type":"Feature","id":"maus-42071","geometry":{"type":"Point","coordinates":[-53.723997,-6.092428]},"properties":{"id":"maus-42071","type":"mining-area","name":"Mapped mining area 42071","country":"BRA","source_id":"maus-mining-2022","year":2019,"value":18.996392067720855,"unit":"km²","metric":"Mapped mining land area","original_value":18.996392067720855,"original_unit":"km²","source_row":42071,"estimated":true}},{"type":"Feature","id":"maus-11639","geometry":{"type":"Point","coordinates":[-87.76411,38.36365]},"properties":{"id":"maus-11639","type":"mining-area","name":"Mapped mining area 11639","country":"USA","source_id":"maus-mining-2022","year":2019,"value":18.969756411458672,"unit":"km²","metric":"Mapped mining land area","original_value":18.969756411458672,"original_unit":"km²","source_row":11639,"estimated":true}},{"type":"Feature","id":"maus-19224","geometry":{"type":"Point","coordinates":[125.634802,58.91295]},"properties":{"id":"maus-19224","type":"mining-area","name":"Mapped mining area 19224","country":"RUS","source_id":"maus-mining-2022","year":2019,"value":18.957458061500866,"unit":"km²","metric":"Mapped mining land area","original_value":18.957458061500866,"original_unit":"km²","source_row":19224,"estimated":true}},{"type":"Feature","id":"maus-41304","geometry":{"type":"Point","coordinates":[-57.565887,-5.563916]},"properties":{"id":"maus-41304","type":"mining-area","name":"Mapped mining area 41304","country":"BRA","source_id":"maus-mining-2022","year":2019,"value":18.938471529568794,"unit":"km²","metric":"Mapped mining land area","original_value":18.938471529568794,"original_unit":"km²","source_row":41304,"estimated":true}},{"type":"Feature","id":"maus-17605","geometry":{"type":"Point","coordinates":[-106.837484,45.0636]},"properties":{"id":"maus-17605","type":"mining-area","name":"Mapped mining area 17605","country":"USA","source_id":"maus-mining-2022","year":2019,"value":18.93002588903476,"unit":"km²","metric":"Mapped mining land area","original_value":18.93002588903476,"original_unit":"km²","source_row":17605,"estimated":true}},{"type":"Feature","id":"maus-8771","geometry":{"type":"Point","coordinates":[116.394172,25.18965]},"properties":{"id":"maus-8771","type":"mining-area","name":"Mapped mining area 8771","country":"CHN","source_id":"maus-mining-2022","year":2019,"value":18.908501605018234,"unit":"km²","metric":"Mapped mining land area","original_value":18.908501605018234,"original_unit":"km²","source_row":8771,"estimated":true}},{"type":"Feature","id":"maus-10163","geometry":{"type":"Point","coordinates":[-76.155734,40.8196]},"properties":{"id":"maus-10163","type":"mining-area","name":"Mapped mining area 10163","country":"USA","source_id":"maus-mining-2022","year":2019,"value":18.903733650111935,"unit":"km²","metric":"Mapped mining land area","original_value":18.903733650111935,"original_unit":"km²","source_row":10163,"estimated":true}},{"type":"Feature","id":"maus-783","geometry":{"type":"Point","coordinates":[123.190097,-31.8168]},"properties":{"id":"maus-783","type":"mining-area","name":"Mapped mining area 783","country":"AUS","source_id":"maus-mining-2022","year":2019,"value":18.898401599299046,"unit":"km²","metric":"Mapped mining land area","original_value":18.898401599299046,"original_unit":"km²","source_row":783,"estimated":true}},{"type":"Feature","id":"maus-4659","geometry":{"type":"Point","coordinates":[117.059251,-0.5546]},"properties":{"id":"maus-4659","type":"mining-area","name":"Mapped mining area 4659","country":"IDN","source_id":"maus-mining-2022","year":2019,"value":18.877478903406193,"unit":"km²","metric":"Mapped mining land area","original_value":18.877478903406193,"original_unit":"km²","source_row":4659,"estimated":true}},{"type":"Feature","id":"maus-43418","geometry":{"type":"Point","coordinates":[110.025358,-0.542733]},"properties":{"id":"maus-43418","type":"mining-area","name":"Mapped mining area 43418","country":"IDN","source_id":"maus-mining-2022","year":2019,"value":18.873447365447085,"unit":"km²","metric":"Mapped mining land area","original_value":18.873447365447085,"original_unit":"km²","source_row":43418,"estimated":true}},{"type":"Feature","id":"maus-14026","geometry":{"type":"Point","coordinates":[-66.937091,52.90675]},"properties":{"id":"maus-14026","type":"mining-area","name":"Mapped mining area 14026","country":"CAN","source_id":"maus-mining-2022","year":2019,"value":18.84769961723962,"unit":"km²","metric":"Mapped mining land area","original_value":18.84769961723962,"original_unit":"km²","source_row":14026,"estimated":true}},{"type":"Feature","id":"maus-44266","geometry":{"type":"Point","coordinates":[-55.22265,4.9832]},"properties":{"id":"maus-44266","type":"mining-area","name":"Mapped mining area 44266","country":"SUR","source_id":"maus-mining-2022","year":2019,"value":18.834423070133774,"unit":"km²","metric":"Mapped mining land area","original_value":18.834423070133774,"original_unit":"km²","source_row":44266,"estimated":true}},{"type":"Feature","id":"maus-44580","geometry":{"type":"Point","coordinates":[119.146274,51.0075]},"properties":{"id":"maus-44580","type":"mining-area","name":"Mapped mining area 44580","country":"RUS","source_id":"maus-mining-2022","year":2019,"value":18.790648159036017,"unit":"km²","metric":"Mapped mining land area","original_value":18.790648159036017,"original_unit":"km²","source_row":44580,"estimated":true}},{"type":"Feature","id":"maus-9413","geometry":{"type":"Point","coordinates":[64.616719,41.26565]},"properties":{"id":"maus-9413","type":"mining-area","name":"Mapped mining area 9413","country":"UZB","source_id":"maus-mining-2022","year":2019,"value":18.729958968065965,"unit":"km²","metric":"Mapped mining land area","original_value":18.729958968065965,"original_unit":"km²","source_row":9413,"estimated":true}},{"type":"Feature","id":"maus-5286","geometry":{"type":"Point","coordinates":[-58.28256,5.9364]},"properties":{"id":"maus-5286","type":"mining-area","name":"Mapped mining area 5286","country":"GUY","source_id":"maus-mining-2022","year":2019,"value":18.717286163481017,"unit":"km²","metric":"Mapped mining land area","original_value":18.717286163481017,"original_unit":"km²","source_row":5286,"estimated":true}},{"type":"Feature","id":"maus-30952","geometry":{"type":"Point","coordinates":[108.079678,-2.951301]},"properties":{"id":"maus-30952","type":"mining-area","name":"Mapped mining area 30952","country":"IDN","source_id":"maus-mining-2022","year":2019,"value":18.7034708161946,"unit":"km²","metric":"Mapped mining land area","original_value":18.7034708161946,"original_unit":"km²","source_row":30952,"estimated":true}},{"type":"Feature","id":"maus-1737","geometry":{"type":"Point","coordinates":[118.787025,-23.1287]},"properties":{"id":"maus-1737","type":"mining-area","name":"Mapped mining area 1737","country":"AUS","source_id":"maus-mining-2022","year":2019,"value":18.682184838118864,"unit":"km²","metric":"Mapped mining land area","original_value":18.682184838118864,"original_unit":"km²","source_row":1737,"estimated":true}},{"type":"Feature","id":"maus-10917","geometry":{"type":"Point","coordinates":[13.540901,50.4928]},"properties":{"id":"maus-10917","type":"mining-area","name":"Mapped mining area 10917","country":"CZE","source_id":"maus-mining-2022","year":2019,"value":18.666447750826272,"unit":"km²","metric":"Mapped mining land area","original_value":18.666447750826272,"original_unit":"km²","source_row":10917,"estimated":true}},{"type":"Feature","id":"maus-14403","geometry":{"type":"Point","coordinates":[106.232552,39.2107]},"properties":{"id":"maus-14403","type":"mining-area","name":"Mapped mining area 14403","country":"CHN","source_id":"maus-mining-2022","year":2019,"value":18.608463232653243,"unit":"km²","metric":"Mapped mining land area","original_value":18.608463232653243,"original_unit":"km²","source_row":14403,"estimated":true}},{"type":"Feature","id":"maus-30958","geometry":{"type":"Point","coordinates":[107.752984,-2.815595]},"properties":{"id":"maus-30958","type":"mining-area","name":"Mapped mining area 30958","country":"IDN","source_id":"maus-mining-2022","year":2019,"value":18.568494670532555,"unit":"km²","metric":"Mapped mining land area","original_value":18.568494670532555,"original_unit":"km²","source_row":30958,"estimated":true}},{"type":"Feature","id":"maus-5501","geometry":{"type":"Point","coordinates":[-11.373198,12.5566]},"properties":{"id":"maus-5501","type":"mining-area","name":"Mapped mining area 5501","country":"MLI","source_id":"maus-mining-2022","year":2019,"value":18.542733959113754,"unit":"km²","metric":"Mapped mining land area","original_value":18.542733959113754,"original_unit":"km²","source_row":5501,"estimated":true}},{"type":"Feature","id":"maus-44830","geometry":{"type":"Point","coordinates":[-55.468676,5.006034]},"properties":{"id":"maus-44830","type":"mining-area","name":"Mapped mining area 44830","country":"SUR","source_id":"maus-mining-2022","year":2019,"value":18.53038645962227,"unit":"km²","metric":"Mapped mining land area","original_value":18.53038645962227,"original_unit":"km²","source_row":44830,"estimated":true}},{"type":"Feature","id":"maus-998","geometry":{"type":"Point","coordinates":[116.241544,-33.35835]},"properties":{"id":"maus-998","type":"mining-area","name":"Mapped mining area 998","country":"AUS","source_id":"maus-mining-2022","year":2019,"value":18.528343871684545,"unit":"km²","metric":"Mapped mining land area","original_value":18.528343871684545,"original_unit":"km²","source_row":998,"estimated":true}},{"type":"Feature","id":"maus-42355","geometry":{"type":"Point","coordinates":[-55.054072,4.450774]},"properties":{"id":"maus-42355","type":"mining-area","name":"Mapped mining area 42355","country":"SUR","source_id":"maus-mining-2022","year":2019,"value":18.491493524501536,"unit":"km²","metric":"Mapped mining land area","original_value":18.491493524501536,"original_unit":"km²","source_row":42355,"estimated":true}},{"type":"Feature","id":"maus-18640","geometry":{"type":"Point","coordinates":[-121.623978,52.53925]},"properties":{"id":"maus-18640","type":"mining-area","name":"Mapped mining area 18640","country":"CAN","source_id":"maus-mining-2022","year":2019,"value":18.483548140771894,"unit":"km²","metric":"Mapped mining land area","original_value":18.483548140771894,"original_unit":"km²","source_row":18640,"estimated":true}},{"type":"Feature","id":"maus-41789","geometry":{"type":"Point","coordinates":[109.834756,50.390787]},"properties":{"id":"maus-41789","type":"mining-area","name":"Mapped mining area 41789","country":"RUS","source_id":"maus-mining-2022","year":2019,"value":18.451184307903997,"unit":"km²","metric":"Mapped mining land area","original_value":18.451184307903997,"original_unit":"km²","source_row":41789,"estimated":true}},{"type":"Feature","id":"maus-5056","geometry":{"type":"Point","coordinates":[-58.762647,5.4455]},"properties":{"id":"maus-5056","type":"mining-area","name":"Mapped mining area 5056","country":"GUY","source_id":"maus-mining-2022","year":2019,"value":18.412300775505923,"unit":"km²","metric":"Mapped mining land area","original_value":18.412300775505923,"original_unit":"km²","source_row":5056,"estimated":true}},{"type":"Feature","id":"maus-41755","geometry":{"type":"Point","coordinates":[120.462664,54.088198]},"properties":{"id":"maus-41755","type":"mining-area","name":"Mapped mining area 41755","country":"RUS","source_id":"maus-mining-2022","year":2019,"value":18.40516192532382,"unit":"km²","metric":"Mapped mining land area","original_value":18.40516192532382,"original_unit":"km²","source_row":41755,"estimated":true}},{"type":"Feature","id":"maus-43320","geometry":{"type":"Point","coordinates":[114.358845,-0.991897]},"properties":{"id":"maus-43320","type":"mining-area","name":"Mapped mining area 43320","country":"IDN","source_id":"maus-mining-2022","year":2019,"value":18.398056626453638,"unit":"km²","metric":"Mapped mining land area","original_value":18.398056626453638,"original_unit":"km²","source_row":43320,"estimated":true}},{"type":"Feature","id":"maus-14044","geometry":{"type":"Point","coordinates":[-67.297291,52.84745]},"properties":{"id":"maus-14044","type":"mining-area","name":"Mapped mining area 14044","country":"CAN","source_id":"maus-mining-2022","year":2019,"value":18.38532876111439,"unit":"km²","metric":"Mapped mining land area","original_value":18.38532876111439,"original_unit":"km²","source_row":14044,"estimated":true}},{"type":"Feature","id":"maus-44201","geometry":{"type":"Point","coordinates":[115.971303,-0.57515]},"properties":{"id":"maus-44201","type":"mining-area","name":"Mapped mining area 44201","country":"IDN","source_id":"maus-mining-2022","year":2019,"value":18.38406691226087,"unit":"km²","metric":"Mapped mining land area","original_value":18.38406691226087,"original_unit":"km²","source_row":44201,"estimated":true}},{"type":"Feature","id":"maus-6293","geometry":{"type":"Point","coordinates":[-99.694043,17.8728]},"properties":{"id":"maus-6293","type":"mining-area","name":"Mapped mining area 6293","country":"MEX","source_id":"maus-mining-2022","year":2019,"value":18.317312275867756,"unit":"km²","metric":"Mapped mining land area","original_value":18.317312275867756,"original_unit":"km²","source_row":6293,"estimated":true}},{"type":"Feature","id":"maus-8953","geometry":{"type":"Point","coordinates":[21.240944,44.7232]},"properties":{"id":"maus-8953","type":"mining-area","name":"Mapped mining area 8953","country":"SRB","source_id":"maus-mining-2022","year":2019,"value":18.304145409312813,"unit":"km²","metric":"Mapped mining land area","original_value":18.304145409312813,"original_unit":"km²","source_row":8953,"estimated":true}},{"type":"Feature","id":"maus-17868","geometry":{"type":"Point","coordinates":[123.8049,41.0913]},"properties":{"id":"maus-17868","type":"mining-area","name":"Mapped mining area 17868","country":"CHN","source_id":"maus-mining-2022","year":2019,"value":18.250611022692674,"unit":"km²","metric":"Mapped mining land area","original_value":18.250611022692674,"original_unit":"km²","source_row":17868,"estimated":true}},{"type":"Feature","id":"maus-7282","geometry":{"type":"Point","coordinates":[-6.590081,37.71225]},"properties":{"id":"maus-7282","type":"mining-area","name":"Mapped mining area 7282","country":"ESP","source_id":"maus-mining-2022","year":2019,"value":18.220438270348104,"unit":"km²","metric":"Mapped mining land area","original_value":18.220438270348104,"original_unit":"km²","source_row":7282,"estimated":true}},{"type":"Feature","id":"maus-8935","geometry":{"type":"Point","coordinates":[-94.469337,32.4146]},"properties":{"id":"maus-8935","type":"mining-area","name":"Mapped mining area 8935","country":"USA","source_id":"maus-mining-2022","year":2019,"value":18.220007778628514,"unit":"km²","metric":"Mapped mining land area","original_value":18.220007778628514,"original_unit":"km²","source_row":8935,"estimated":true}},{"type":"Feature","id":"maus-44241","geometry":{"type":"Point","coordinates":[115.332233,0.53975]},"properties":{"id":"maus-44241","type":"mining-area","name":"Mapped mining area 44241","country":"IDN","source_id":"maus-mining-2022","year":2019,"value":18.203841232215563,"unit":"km²","metric":"Mapped mining land area","original_value":18.203841232215563,"original_unit":"km²","source_row":44241,"estimated":true}},{"type":"Feature","id":"maus-4293","geometry":{"type":"Point","coordinates":[21.178682,-7.381]},"properties":{"id":"maus-4293","type":"mining-area","name":"Mapped mining area 4293","country":"AGO","source_id":"maus-mining-2022","year":2019,"value":18.17535368191601,"unit":"km²","metric":"Mapped mining land area","original_value":18.17535368191601,"original_unit":"km²","source_row":4293,"estimated":true}},{"type":"Feature","id":"maus-13690","geometry":{"type":"Point","coordinates":[62.143986,52.9561]},"properties":{"id":"maus-13690","type":"mining-area","name":"Mapped mining area 13690","country":"KAZ","source_id":"maus-mining-2022","year":2019,"value":18.15276876882316,"unit":"km²","metric":"Mapped mining land area","original_value":18.15276876882316,"original_unit":"km²","source_row":13690,"estimated":true}},{"type":"Feature","id":"maus-41983","geometry":{"type":"Point","coordinates":[124.984381,55.902942]},"properties":{"id":"maus-41983","type":"mining-area","name":"Mapped mining area 41983","country":"RUS","source_id":"maus-mining-2022","year":2019,"value":18.134257945786942,"unit":"km²","metric":"Mapped mining land area","original_value":18.134257945786942,"original_unit":"km²","source_row":41983,"estimated":true}},{"type":"Feature","id":"maus-44624","geometry":{"type":"Point","coordinates":[126.343493,53.221292]},"properties":{"id":"maus-44624","type":"mining-area","name":"Mapped mining area 44624","country":"RUS","source_id":"maus-mining-2022","year":2019,"value":18.119945685488272,"unit":"km²","metric":"Mapped mining land area","original_value":18.119945685488272,"original_unit":"km²","source_row":44624,"estimated":true}},{"type":"Feature","id":"maus-43799","geometry":{"type":"Point","coordinates":[96.549361,25.644583]},"properties":{"id":"maus-43799","type":"mining-area","name":"Mapped mining area 43799","country":"MMR","source_id":"maus-mining-2022","year":2019,"value":18.09930824633283,"unit":"km²","metric":"Mapped mining land area","original_value":18.09930824633283,"original_unit":"km²","source_row":43799,"estimated":true}},{"type":"Feature","id":"maus-3025","geometry":{"type":"Point","coordinates":[-68.80158,-21.00395]},"properties":{"id":"maus-3025","type":"mining-area","name":"Mapped mining area 3025","country":"CHL","source_id":"maus-mining-2022","year":2019,"value":18.099103439999894,"unit":"km²","metric":"Mapped mining land area","original_value":18.099103439999894,"original_unit":"km²","source_row":3025,"estimated":true}},{"type":"Feature","id":"maus-44854","geometry":{"type":"Point","coordinates":[96.260873,25.478748]},"properties":{"id":"maus-44854","type":"mining-area","name":"Mapped mining area 44854","country":"MMR","source_id":"maus-mining-2022","year":2019,"value":18.099094775287337,"unit":"km²","metric":"Mapped mining land area","original_value":18.099094775287337,"original_unit":"km²","source_row":44854,"estimated":true}},{"type":"Feature","id":"maus-17558","geometry":{"type":"Point","coordinates":[108.312017,47.71685]},"properties":{"id":"maus-17558","type":"mining-area","name":"Mapped mining area 17558","country":"MNG","source_id":"maus-mining-2022","year":2019,"value":18.086305090843155,"unit":"km²","metric":"Mapped mining land area","original_value":18.086305090843155,"original_unit":"km²","source_row":17558,"estimated":true}},{"type":"Feature","id":"maus-82","geometry":{"type":"Point","coordinates":[170.454219,-45.3722]},"properties":{"id":"maus-82","type":"mining-area","name":"Mapped mining area 82","country":"NZL","source_id":"maus-mining-2022","year":2019,"value":18.070774615041,"unit":"km²","metric":"Mapped mining land area","original_value":18.070774615041,"original_unit":"km²","source_row":82,"estimated":true}},{"type":"Feature","id":"maus-42788","geometry":{"type":"Point","coordinates":[-59.776912,7.087282]},"properties":{"id":"maus-42788","type":"mining-area","name":"Mapped mining area 42788","country":"GUY","source_id":"maus-mining-2022","year":2019,"value":18.04278315848575,"unit":"km²","metric":"Mapped mining land area","original_value":18.04278315848575,"original_unit":"km²","source_row":42788,"estimated":true}},{"type":"Feature","id":"maus-3026","geometry":{"type":"Point","coordinates":[-67.250602,-21.2263]},"properties":{"id":"maus-3026","type":"mining-area","name":"Mapped mining area 3026","country":"BOL","source_id":"maus-mining-2022","year":2019,"value":18.02554448421821,"unit":"km²","metric":"Mapped mining land area","original_value":18.02554448421821,"original_unit":"km²","source_row":3026,"estimated":true}},{"type":"Feature","id":"maus-43994","geometry":{"type":"Point","coordinates":[148.653304,-22.84817]},"properties":{"id":"maus-43994","type":"mining-area","name":"Mapped mining area 43994","country":"AUS","source_id":"maus-mining-2022","year":2019,"value":18.00521977742049,"unit":"km²","metric":"Mapped mining land area","original_value":18.00521977742049,"original_unit":"km²","source_row":43994,"estimated":true}},{"type":"Feature","id":"maus-769","geometry":{"type":"Point","coordinates":[147.928469,-21.3704]},"properties":{"id":"maus-769","type":"mining-area","name":"Mapped mining area 769","country":"AUS","source_id":"maus-mining-2022","year":2019,"value":17.960727995817283,"unit":"km²","metric":"Mapped mining land area","original_value":17.960727995817283,"original_unit":"km²","source_row":769,"estimated":true}},{"type":"Feature","id":"maus-2628","geometry":{"type":"Point","coordinates":[26.780328,-26.9159]},"properties":{"id":"maus-2628","type":"mining-area","name":"Mapped mining area 2628","country":"ZAF","source_id":"maus-mining-2022","year":2019,"value":17.936281785739475,"unit":"km²","metric":"Mapped mining land area","original_value":17.936281785739475,"original_unit":"km²","source_row":2628,"estimated":true}},{"type":"Feature","id":"maus-44262","geometry":{"type":"Point","coordinates":[-1.839089,5.501474]},"properties":{"id":"maus-44262","type":"mining-area","name":"Mapped mining area 44262","country":"GHA","source_id":"maus-mining-2022","year":2019,"value":17.896379830025445,"unit":"km²","metric":"Mapped mining land area","original_value":17.896379830025445,"original_unit":"km²","source_row":44262,"estimated":true}},{"type":"Feature","id":"maus-2553","geometry":{"type":"Point","coordinates":[28.32216,-26.3564]},"properties":{"id":"maus-2553","type":"mining-area","name":"Mapped mining area 2553","country":"ZAF","source_id":"maus-mining-2022","year":2019,"value":17.886964118075333,"unit":"km²","metric":"Mapped mining land area","original_value":17.886964118075333,"original_unit":"km²","source_row":2553,"estimated":true}},{"type":"Feature","id":"maus-5802","geometry":{"type":"Point","coordinates":[-15.508296,20.5564]},"properties":{"id":"maus-5802","type":"mining-area","name":"Mapped mining area 5802","country":"MRT","source_id":"maus-mining-2022","year":2019,"value":17.862180747042498,"unit":"km²","metric":"Mapped mining land area","original_value":17.862180747042498,"original_unit":"km²","source_row":5802,"estimated":true}},{"type":"Feature","id":"maus-43998","geometry":{"type":"Point","coordinates":[148.245312,-21.972022]},"properties":{"id":"maus-43998","type":"mining-area","name":"Mapped mining area 43998","country":"AUS","source_id":"maus-mining-2022","year":2019,"value":17.8457942833592,"unit":"km²","metric":"Mapped mining land area","original_value":17.8457942833592,"original_unit":"km²","source_row":43998,"estimated":true}},{"type":"Feature","id":"maus-13688","geometry":{"type":"Point","coordinates":[60.961067,53.212]},"properties":{"id":"maus-13688","type":"mining-area","name":"Mapped mining area 13688","country":"RUS","source_id":"maus-mining-2022","year":2019,"value":17.81564486775543,"unit":"km²","metric":"Mapped mining land area","original_value":17.81564486775543,"original_unit":"km²","source_row":13688,"estimated":true}},{"type":"Feature","id":"maus-12935","geometry":{"type":"Point","coordinates":[111.480823,34.8109]},"properties":{"id":"maus-12935","type":"mining-area","name":"Mapped mining area 12935","country":"CHN","source_id":"maus-mining-2022","year":2019,"value":17.77946864097383,"unit":"km²","metric":"Mapped mining land area","original_value":17.77946864097383,"original_unit":"km²","source_row":12935,"estimated":true}},{"type":"Feature","id":"maus-4011","geometry":{"type":"Point","coordinates":[-63.5609,-9.78995]},"properties":{"id":"maus-4011","type":"mining-area","name":"Mapped mining area 4011","country":"BRA","source_id":"maus-mining-2022","year":2019,"value":17.76000816470099,"unit":"km²","metric":"Mapped mining land area","original_value":17.76000816470099,"original_unit":"km²","source_row":4011,"estimated":true}},{"type":"Feature","id":"maus-17449","geometry":{"type":"Point","coordinates":[-105.419637,49.22345]},"properties":{"id":"maus-17449","type":"mining-area","name":"Mapped mining area 17449","country":"CAN","source_id":"maus-mining-2022","year":2019,"value":17.752700191854426,"unit":"km²","metric":"Mapped mining land area","original_value":17.752700191854426,"original_unit":"km²","source_row":17449,"estimated":true}},{"type":"Feature","id":"maus-41947","geometry":{"type":"Point","coordinates":[126.023343,54.519325]},"properties":{"id":"maus-41947","type":"mining-area","name":"Mapped mining area 41947","country":"RUS","source_id":"maus-mining-2022","year":2019,"value":17.748446938399216,"unit":"km²","metric":"Mapped mining land area","original_value":17.748446938399216,"original_unit":"km²","source_row":41947,"estimated":true}},{"type":"Feature","id":"maus-5880","geometry":{"type":"Point","coordinates":[123.736238,10.3324]},"properties":{"id":"maus-5880","type":"mining-area","name":"Mapped mining area 5880","country":"PHL","source_id":"maus-mining-2022","year":2019,"value":17.74296064705025,"unit":"km²","metric":"Mapped mining land area","original_value":17.74296064705025,"original_unit":"km²","source_row":5880,"estimated":true}},{"type":"Feature","id":"maus-30962","geometry":{"type":"Point","coordinates":[107.872911,-2.695064]},"properties":{"id":"maus-30962","type":"mining-area","name":"Mapped mining area 30962","country":"IDN","source_id":"maus-mining-2022","year":2019,"value":17.677185236718667,"unit":"km²","metric":"Mapped mining land area","original_value":17.677185236718667,"original_unit":"km²","source_row":30962,"estimated":true}},{"type":"Feature","id":"maus-41761","geometry":{"type":"Point","coordinates":[120.796724,53.109209]},"properties":{"id":"maus-41761","type":"mining-area","name":"Mapped mining area 41761","country":"CHN","source_id":"maus-mining-2022","year":2019,"value":17.67449648040693,"unit":"km²","metric":"Mapped mining land area","original_value":17.67449648040693,"original_unit":"km²","source_row":41761,"estimated":true}},{"type":"Feature","id":"maus-44686","geometry":{"type":"Point","coordinates":[-57.333534,-5.881026]},"properties":{"id":"maus-44686","type":"mining-area","name":"Mapped mining area 44686","country":"BRA","source_id":"maus-mining-2022","year":2019,"value":17.636370067055825,"unit":"km²","metric":"Mapped mining land area","original_value":17.636370067055825,"original_unit":"km²","source_row":44686,"estimated":true}},{"type":"Feature","id":"maus-44495","geometry":{"type":"Point","coordinates":[83.615567,54.684103]},"properties":{"id":"maus-44495","type":"mining-area","name":"Mapped mining area 44495","country":"RUS","source_id":"maus-mining-2022","year":2019,"value":17.631246573317487,"unit":"km²","metric":"Mapped mining land area","original_value":17.631246573317487,"original_unit":"km²","source_row":44495,"estimated":true}},{"type":"Feature","id":"maus-17359","geometry":{"type":"Point","coordinates":[89.196522,55.66915]},"properties":{"id":"maus-17359","type":"mining-area","name":"Mapped mining area 17359","country":"RUS","source_id":"maus-mining-2022","year":2019,"value":17.598462755414022,"unit":"km²","metric":"Mapped mining land area","original_value":17.598462755414022,"original_unit":"km²","source_row":17359,"estimated":true}},{"type":"Feature","id":"maus-41797","geometry":{"type":"Point","coordinates":[109.878467,49.850382]},"properties":{"id":"maus-41797","type":"mining-area","name":"Mapped mining area 41797","country":"RUS","source_id":"maus-mining-2022","year":2019,"value":17.5138035801032,"unit":"km²","metric":"Mapped mining land area","original_value":17.5138035801032,"original_unit":"km²","source_row":41797,"estimated":true}},{"type":"Feature","id":"maus-100","geometry":{"type":"Point","coordinates":[166.909694,-22.31475]},"properties":{"id":"maus-100","type":"mining-area","name":"Mapped mining area 100","country":"NCL","source_id":"maus-mining-2022","year":2019,"value":17.48081642478438,"unit":"km²","metric":"Mapped mining land area","original_value":17.48081642478438,"original_unit":"km²","source_row":100,"estimated":true}},{"type":"Feature","id":"maus-19605","geometry":{"type":"Point","coordinates":[-75.974172,40.92]},"properties":{"id":"maus-19605","type":"mining-area","name":"Mapped mining area 19605","country":"USA","source_id":"maus-mining-2022","year":2019,"value":17.475920333737704,"unit":"km²","metric":"Mapped mining land area","original_value":17.475920333737704,"original_unit":"km²","source_row":19605,"estimated":true}},{"type":"Feature","id":"maus-16761","geometry":{"type":"Point","coordinates":[86.617669,53.9777]},"properties":{"id":"maus-16761","type":"mining-area","name":"Mapped mining area 16761","country":"RUS","source_id":"maus-mining-2022","year":2019,"value":17.466643016128256,"unit":"km²","metric":"Mapped mining land area","original_value":17.466643016128256,"original_unit":"km²","source_row":16761,"estimated":true}},{"type":"Feature","id":"maus-38577","geometry":{"type":"Point","coordinates":[117.095277,59.482068]},"properties":{"id":"maus-38577","type":"mining-area","name":"Mapped mining area 38577","country":"RUS","source_id":"maus-mining-2022","year":2019,"value":17.46330380742755,"unit":"km²","metric":"Mapped mining land area","original_value":17.46330380742755,"original_unit":"km²","source_row":38577,"estimated":true}},{"type":"Feature","id":"maus-1731","geometry":{"type":"Point","coordinates":[119.128406,-22.95705]},"properties":{"id":"maus-1731","type":"mining-area","name":"Mapped mining area 1731","country":"AUS","source_id":"maus-mining-2022","year":2019,"value":17.457229404896704,"unit":"km²","metric":"Mapped mining land area","original_value":17.457229404896704,"original_unit":"km²","source_row":1731,"estimated":true}},{"type":"Feature","id":"maus-6128","geometry":{"type":"Point","coordinates":[76.617089,15.0131]},"properties":{"id":"maus-6128","type":"mining-area","name":"Mapped mining area 6128","country":"IND","source_id":"maus-mining-2022","year":2019,"value":17.45043890777478,"unit":"km²","metric":"Mapped mining land area","original_value":17.45043890777478,"original_unit":"km²","source_row":6128,"estimated":true}},{"type":"Feature","id":"maus-2197","geometry":{"type":"Point","coordinates":[17.087005,-29.6765]},"properties":{"id":"maus-2197","type":"mining-area","name":"Mapped mining area 2197","country":"ZAF","source_id":"maus-mining-2022","year":2019,"value":17.449706632805096,"unit":"km²","metric":"Mapped mining land area","original_value":17.449706632805096,"original_unit":"km²","source_row":2197,"estimated":true}},{"type":"Feature","id":"maus-44741","geometry":{"type":"Point","coordinates":[88.220681,44.095049]},"properties":{"id":"maus-44741","type":"mining-area","name":"Mapped mining area 44741","country":"CHN","source_id":"maus-mining-2022","year":2019,"value":17.388362918223965,"unit":"km²","metric":"Mapped mining land area","original_value":17.388362918223965,"original_unit":"km²","source_row":44741,"estimated":true}},{"type":"Feature","id":"maus-8593","geometry":{"type":"Point","coordinates":[-109.007896,27.15945]},"properties":{"id":"maus-8593","type":"mining-area","name":"Mapped mining area 8593","country":"MEX","source_id":"maus-mining-2022","year":2019,"value":17.385122411262195,"unit":"km²","metric":"Mapped mining land area","original_value":17.385122411262195,"original_unit":"km²","source_row":8593,"estimated":true}},{"type":"Feature","id":"maus-41916","geometry":{"type":"Point","coordinates":[127.127874,54.4457]},"properties":{"id":"maus-41916","type":"mining-area","name":"Mapped mining area 41916","country":"RUS","source_id":"maus-mining-2022","year":2019,"value":17.376559765405535,"unit":"km²","metric":"Mapped mining land area","original_value":17.376559765405535,"original_unit":"km²","source_row":41916,"estimated":true}},{"type":"Feature","id":"maus-16127","geometry":{"type":"Point","coordinates":[-105.294225,43.95075]},"properties":{"id":"maus-16127","type":"mining-area","name":"Mapped mining area 16127","country":"USA","source_id":"maus-mining-2022","year":2019,"value":17.373512855583595,"unit":"km²","metric":"Mapped mining land area","original_value":17.373512855583595,"original_unit":"km²","source_row":16127,"estimated":true}},{"type":"Feature","id":"maus-4469","geometry":{"type":"Point","coordinates":[121.48968,-2.52455]},"properties":{"id":"maus-4469","type":"mining-area","name":"Mapped mining area 4469","country":"IDN","source_id":"maus-mining-2022","year":2019,"value":17.34886905514893,"unit":"km²","metric":"Mapped mining land area","original_value":17.34886905514893,"original_unit":"km²","source_row":4469,"estimated":true}},{"type":"Feature","id":"maus-19998","geometry":{"type":"Point","coordinates":[137.112059,-33.259145]},"properties":{"id":"maus-19998","type":"mining-area","name":"Mapped mining area 19998","country":"AUS","source_id":"maus-mining-2022","year":2019,"value":17.3048829583229,"unit":"km²","metric":"Mapped mining land area","original_value":17.3048829583229,"original_unit":"km²","source_row":19998,"estimated":true}},{"type":"Feature","id":"maus-11648","geometry":{"type":"Point","coordinates":[16.206388,51.51355]},"properties":{"id":"maus-11648","type":"mining-area","name":"Mapped mining area 11648","country":"POL","source_id":"maus-mining-2022","year":2019,"value":17.301271613271275,"unit":"km²","metric":"Mapped mining land area","original_value":17.301271613271275,"original_unit":"km²","source_row":11648,"estimated":true}},{"type":"Feature","id":"maus-16620","geometry":{"type":"Point","coordinates":[86.90025,53.62925]},"properties":{"id":"maus-16620","type":"mining-area","name":"Mapped mining area 16620","country":"RUS","source_id":"maus-mining-2022","year":2019,"value":17.290917539731005,"unit":"km²","metric":"Mapped mining land area","original_value":17.290917539731005,"original_unit":"km²","source_row":16620,"estimated":true}},{"type":"Feature","id":"maus-6051","geometry":{"type":"Point","coordinates":[43.282482,22.27955]},"properties":{"id":"maus-6051","type":"mining-area","name":"Mapped mining area 6051","country":"SAU","source_id":"maus-mining-2022","year":2019,"value":17.25443691944875,"unit":"km²","metric":"Mapped mining land area","original_value":17.25443691944875,"original_unit":"km²","source_row":6051,"estimated":true}},{"type":"Feature","id":"maus-2811","geometry":{"type":"Point","coordinates":[27.865545,-25.64995]},"properties":{"id":"maus-2811","type":"mining-area","name":"Mapped mining area 2811","country":"ZAF","source_id":"maus-mining-2022","year":2019,"value":17.243007444995662,"unit":"km²","metric":"Mapped mining land area","original_value":17.243007444995662,"original_unit":"km²","source_row":2811,"estimated":true}},{"type":"Feature","id":"maus-44519","geometry":{"type":"Point","coordinates":[86.580027,54.5887]},"properties":{"id":"maus-44519","type":"mining-area","name":"Mapped mining area 44519","country":"RUS","source_id":"maus-mining-2022","year":2019,"value":17.2414708461597,"unit":"km²","metric":"Mapped mining land area","original_value":17.2414708461597,"original_unit":"km²","source_row":44519,"estimated":true}},{"type":"Feature","id":"maus-1995","geometry":{"type":"Point","coordinates":[136.449471,-13.9968]},"properties":{"id":"maus-1995","type":"mining-area","name":"Mapped mining area 1995","country":"AUS","source_id":"maus-mining-2022","year":2019,"value":17.240602574239414,"unit":"km²","metric":"Mapped mining land area","original_value":17.240602574239414,"original_unit":"km²","source_row":1995,"estimated":true}},{"type":"Feature","id":"maus-7350","geometry":{"type":"Point","coordinates":[103.183692,23.80725]},"properties":{"id":"maus-7350","type":"mining-area","name":"Mapped mining area 7350","country":"CHN","source_id":"maus-mining-2022","year":2019,"value":17.22953037712321,"unit":"km²","metric":"Mapped mining land area","original_value":17.22953037712321,"original_unit":"km²","source_row":7350,"estimated":true}},{"type":"Feature","id":"maus-16758","geometry":{"type":"Point","coordinates":[41.438272,65.50855]},"properties":{"id":"maus-16758","type":"mining-area","name":"Mapped mining area 16758","country":"RUS","source_id":"maus-mining-2022","year":2019,"value":17.21671716081899,"unit":"km²","metric":"Mapped mining land area","original_value":17.21671716081899,"original_unit":"km²","source_row":16758,"estimated":true}},{"type":"Feature","id":"maus-677","geometry":{"type":"Point","coordinates":[148.470734,-23.5267]},"properties":{"id":"maus-677","type":"mining-area","name":"Mapped mining area 677","country":"AUS","source_id":"maus-mining-2022","year":2019,"value":17.21561875042091,"unit":"km²","metric":"Mapped mining land area","original_value":17.21561875042091,"original_unit":"km²","source_row":677,"estimated":true}},{"type":"Feature","id":"maus-43079","geometry":{"type":"Point","coordinates":[-2.459448,5.906338]},"properties":{"id":"maus-43079","type":"mining-area","name":"Mapped mining area 43079","country":"GHA","source_id":"maus-mining-2022","year":2019,"value":17.21488862477555,"unit":"km²","metric":"Mapped mining land area","original_value":17.21488862477555,"original_unit":"km²","source_row":43079,"estimated":true}},{"type":"Feature","id":"maus-41937","geometry":{"type":"Point","coordinates":[127.496872,54.149923]},"properties":{"id":"maus-41937","type":"mining-area","name":"Mapped mining area 41937","country":"RUS","source_id":"maus-mining-2022","year":2019,"value":17.21095598665967,"unit":"km²","metric":"Mapped mining land area","original_value":17.21095598665967,"original_unit":"km²","source_row":41937,"estimated":true}},{"type":"Feature","id":"maus-18112","geometry":{"type":"Point","coordinates":[94.228874,58.69765]},"properties":{"id":"maus-18112","type":"mining-area","name":"Mapped mining area 18112","country":"RUS","source_id":"maus-mining-2022","year":2019,"value":17.20459584253627,"unit":"km²","metric":"Mapped mining land area","original_value":17.20459584253627,"original_unit":"km²","source_row":18112,"estimated":true}},{"type":"Feature","id":"maus-735","geometry":{"type":"Point","coordinates":[148.17408,-21.6068]},"properties":{"id":"maus-735","type":"mining-area","name":"Mapped mining area 735","country":"AUS","source_id":"maus-mining-2022","year":2019,"value":17.108507877573587,"unit":"km²","metric":"Mapped mining land area","original_value":17.108507877573587,"original_unit":"km²","source_row":735,"estimated":true}},{"type":"Feature","id":"maus-1256","geometry":{"type":"Point","coordinates":[122.423844,-29.08065]},"properties":{"id":"maus-1256","type":"mining-area","name":"Mapped mining area 1256","country":"AUS","source_id":"maus-mining-2022","year":2019,"value":17.09772698598278,"unit":"km²","metric":"Mapped mining land area","original_value":17.09772698598278,"original_unit":"km²","source_row":1256,"estimated":true}},{"type":"Feature","id":"maus-8742","geometry":{"type":"Point","coordinates":[-96.216823,31.4026]},"properties":{"id":"maus-8742","type":"mining-area","name":"Mapped mining area 8742","country":"USA","source_id":"maus-mining-2022","year":2019,"value":17.068166450026574,"unit":"km²","metric":"Mapped mining land area","original_value":17.068166450026574,"original_unit":"km²","source_row":8742,"estimated":true}},{"type":"Feature","id":"maus-18480","geometry":{"type":"Point","coordinates":[-120.535632,49.3372]},"properties":{"id":"maus-18480","type":"mining-area","name":"Mapped mining area 18480","country":"CAN","source_id":"maus-mining-2022","year":2019,"value":17.05470988182393,"unit":"km²","metric":"Mapped mining land area","original_value":17.05470988182393,"original_unit":"km²","source_row":18480,"estimated":true}},{"type":"Feature","id":"maus-1913","geometry":{"type":"Point","coordinates":[116.244747,-21.75275]},"properties":{"id":"maus-1913","type":"mining-area","name":"Mapped mining area 1913","country":"AUS","source_id":"maus-mining-2022","year":2019,"value":17.019481280820774,"unit":"km²","metric":"Mapped mining land area","original_value":17.019481280820774,"original_unit":"km²","source_row":1913,"estimated":true}},{"type":"Feature","id":"maus-11566","geometry":{"type":"Point","coordinates":[-87.295362,39.01355]},"properties":{"id":"maus-11566","type":"mining-area","name":"Mapped mining area 11566","country":"USA","source_id":"maus-mining-2022","year":2019,"value":17.017175451938872,"unit":"km²","metric":"Mapped mining land area","original_value":17.017175451938872,"original_unit":"km²","source_row":11566,"estimated":true}},{"type":"Feature","id":"maus-29492","geometry":{"type":"Point","coordinates":[-75.144826,8.170332]},"properties":{"id":"maus-29492","type":"mining-area","name":"Mapped mining area 29492","country":"COL","source_id":"maus-mining-2022","year":2019,"value":16.985873951939,"unit":"km²","metric":"Mapped mining land area","original_value":16.985873951939,"original_unit":"km²","source_row":29492,"estimated":true}},{"type":"Feature","id":"maus-14411","geometry":{"type":"Point","coordinates":[73.222312,49.92965]},"properties":{"id":"maus-14411","type":"mining-area","name":"Mapped mining area 14411","country":"KAZ","source_id":"maus-mining-2022","year":2019,"value":16.95080560681494,"unit":"km²","metric":"Mapped mining land area","original_value":16.95080560681494,"original_unit":"km²","source_row":14411,"estimated":true}},{"type":"Feature","id":"maus-43814","geometry":{"type":"Point","coordinates":[95.423631,25.609374]},"properties":{"id":"maus-43814","type":"mining-area","name":"Mapped mining area 43814","country":"MMR","source_id":"maus-mining-2022","year":2019,"value":16.942291696335076,"unit":"km²","metric":"Mapped mining land area","original_value":16.942291696335076,"original_unit":"km²","source_row":43814,"estimated":true}},{"type":"Feature","id":"maus-30953","geometry":{"type":"Point","coordinates":[108.144126,-2.936177]},"properties":{"id":"maus-30953","type":"mining-area","name":"Mapped mining area 30953","country":"IDN","source_id":"maus-mining-2022","year":2019,"value":16.924835249434192,"unit":"km²","metric":"Mapped mining land area","original_value":16.924835249434192,"original_unit":"km²","source_row":30953,"estimated":true}},{"type":"Feature","id":"maus-18555","geometry":{"type":"Point","coordinates":[88.130737,69.33505]},"properties":{"id":"maus-18555","type":"mining-area","name":"Mapped mining area 18555","country":"RUS","source_id":"maus-mining-2022","year":2019,"value":16.910362519595623,"unit":"km²","metric":"Mapped mining land area","original_value":16.910362519595623,"original_unit":"km²","source_row":18555,"estimated":true}},{"type":"Feature","id":"maus-3549","geometry":{"type":"Point","coordinates":[-71.874144,-15.1908]},"properties":{"id":"maus-3549","type":"mining-area","name":"Mapped mining area 3549","country":"PER","source_id":"maus-mining-2022","year":2019,"value":16.909663474332476,"unit":"km²","metric":"Mapped mining land area","original_value":16.909663474332476,"original_unit":"km²","source_row":3549,"estimated":true}},{"type":"Feature","id":"maus-33563","geometry":{"type":"Point","coordinates":[-70.028988,-15.426502]},"properties":{"id":"maus-33563","type":"mining-area","name":"Mapped mining area 33563","country":"PER","source_id":"maus-mining-2022","year":2019,"value":16.9083775418733,"unit":"km²","metric":"Mapped mining land area","original_value":16.9083775418733,"original_unit":"km²","source_row":33563,"estimated":true}},{"type":"Feature","id":"maus-2324","geometry":{"type":"Point","coordinates":[16.559351,-28.7088]},"properties":{"id":"maus-2324","type":"mining-area","name":"Mapped mining area 2324","country":"ZAF","source_id":"maus-mining-2022","year":2019,"value":16.90528647769069,"unit":"km²","metric":"Mapped mining land area","original_value":16.90528647769069,"original_unit":"km²","source_row":2324,"estimated":true}},{"type":"Feature","id":"maus-10300","geometry":{"type":"Point","coordinates":[-82.040194,27.5296]},"properties":{"id":"maus-10300","type":"mining-area","name":"Mapped mining area 10300","country":"USA","source_id":"maus-mining-2022","year":2019,"value":16.87095071800727,"unit":"km²","metric":"Mapped mining land area","original_value":16.87095071800727,"original_unit":"km²","source_row":10300,"estimated":true}},{"type":"Feature","id":"maus-6807","geometry":{"type":"Point","coordinates":[95.040579,22.11945]},"properties":{"id":"maus-6807","type":"mining-area","name":"Mapped mining area 6807","country":"MMR","source_id":"maus-mining-2022","year":2019,"value":16.856339830842312,"unit":"km²","metric":"Mapped mining land area","original_value":16.856339830842312,"original_unit":"km²","source_row":6807,"estimated":true}},{"type":"Feature","id":"maus-43398","geometry":{"type":"Point","coordinates":[-62.063665,4.220714]},"properties":{"id":"maus-43398","type":"mining-area","name":"Mapped mining area 43398","country":"VEN","source_id":"maus-mining-2022","year":2019,"value":16.847430736686377,"unit":"km²","metric":"Mapped mining land area","original_value":16.847430736686377,"original_unit":"km²","source_row":43398,"estimated":true}},{"type":"Feature","id":"maus-28294","geometry":{"type":"Point","coordinates":[110.992742,41.358901]},"properties":{"id":"maus-28294","type":"mining-area","name":"Mapped mining area 28294","country":"CHN","source_id":"maus-mining-2022","year":2019,"value":16.837068973586305,"unit":"km²","metric":"Mapped mining land area","original_value":16.837068973586305,"original_unit":"km²","source_row":28294,"estimated":true}},{"type":"Feature","id":"maus-44149","geometry":{"type":"Point","coordinates":[115.012997,-3.22875]},"properties":{"id":"maus-44149","type":"mining-area","name":"Mapped mining area 44149","country":"IDN","source_id":"maus-mining-2022","year":2019,"value":16.795873605211888,"unit":"km²","metric":"Mapped mining land area","original_value":16.795873605211888,"original_unit":"km²","source_row":44149,"estimated":true}},{"type":"Feature","id":"maus-3396","geometry":{"type":"Point","coordinates":[22.974164,-20.5786]},"properties":{"id":"maus-3396","type":"mining-area","name":"Mapped mining area 3396","country":"BWA","source_id":"maus-mining-2022","year":2019,"value":16.783610635081022,"unit":"km²","metric":"Mapped mining land area","original_value":16.783610635081022,"original_unit":"km²","source_row":3396,"estimated":true}},{"type":"Feature","id":"maus-44706","geometry":{"type":"Point","coordinates":[-56.673873,-7.792815]},"properties":{"id":"maus-44706","type":"mining-area","name":"Mapped mining area 44706","country":"BRA","source_id":"maus-mining-2022","year":2019,"value":16.78206661874905,"unit":"km²","metric":"Mapped mining land area","original_value":16.78206661874905,"original_unit":"km²","source_row":44706,"estimated":true}},{"type":"Feature","id":"maus-44899","geometry":{"type":"Point","coordinates":[124.281093,55.918284]},"properties":{"id":"maus-44899","type":"mining-area","name":"Mapped mining area 44899","country":"RUS","source_id":"maus-mining-2022","year":2019,"value":16.77309966109384,"unit":"km²","metric":"Mapped mining land area","original_value":16.77309966109384,"original_unit":"km²","source_row":44899,"estimated":true}},{"type":"Feature","id":"maus-12099","geometry":{"type":"Point","coordinates":[68.033698,45.606]},"properties":{"id":"maus-12099","type":"mining-area","name":"Mapped mining area 12099","country":"KAZ","source_id":"maus-mining-2022","year":2019,"value":16.75843335633511,"unit":"km²","metric":"Mapped mining land area","original_value":16.75843335633511,"original_unit":"km²","source_row":12099,"estimated":true}},{"type":"Feature","id":"maus-30728","geometry":{"type":"Point","coordinates":[117.293214,1.907149]},"properties":{"id":"maus-30728","type":"mining-area","name":"Mapped mining area 30728","country":"IDN","source_id":"maus-mining-2022","year":2019,"value":16.74615052761265,"unit":"km²","metric":"Mapped mining land area","original_value":16.74615052761265,"original_unit":"km²","source_row":30728,"estimated":true}},{"type":"Feature","id":"maus-18213","geometry":{"type":"Point","coordinates":[119.682023,45.5974]},"properties":{"id":"maus-18213","type":"mining-area","name":"Mapped mining area 18213","country":"CHN","source_id":"maus-mining-2022","year":2019,"value":16.7412582098344,"unit":"km²","metric":"Mapped mining land area","original_value":16.7412582098344,"original_unit":"km²","source_row":18213,"estimated":true}},{"type":"Feature","id":"maus-19863","geometry":{"type":"Point","coordinates":[115.29638,-29.779576]},"properties":{"id":"maus-19863","type":"mining-area","name":"Mapped mining area 19863","country":"AUS","source_id":"maus-mining-2022","year":2019,"value":16.68468072795274,"unit":"km²","metric":"Mapped mining land area","original_value":16.68468072795274,"original_unit":"km²","source_row":19863,"estimated":true}},{"type":"Feature","id":"maus-7318","geometry":{"type":"Point","coordinates":[22.102057,37.3898]},"properties":{"id":"maus-7318","type":"mining-area","name":"Mapped mining area 7318","country":"GRC","source_id":"maus-mining-2022","year":2019,"value":16.676563964558,"unit":"km²","metric":"Mapped mining land area","original_value":16.676563964558,"original_unit":"km²","source_row":7318,"estimated":true}},{"type":"Feature","id":"maus-19102","geometry":{"type":"Point","coordinates":[-124.004386,55.1192]},"properties":{"id":"maus-19102","type":"mining-area","name":"Mapped mining area 19102","country":"CAN","source_id":"maus-mining-2022","year":2019,"value":16.675440923318057,"unit":"km²","metric":"Mapped mining land area","original_value":16.675440923318057,"original_unit":"km²","source_row":19102,"estimated":true}},{"type":"Feature","id":"maus-41449","geometry":{"type":"Point","coordinates":[-57.102821,-5.471687]},"properties":{"id":"maus-41449","type":"mining-area","name":"Mapped mining area 41449","country":"BRA","source_id":"maus-mining-2022","year":2019,"value":16.634211501206448,"unit":"km²","metric":"Mapped mining land area","original_value":16.634211501206448,"original_unit":"km²","source_row":41449,"estimated":true}},{"type":"Feature","id":"maus-42258","geometry":{"type":"Point","coordinates":[-54.625052,4.668449]},"properties":{"id":"maus-42258","type":"mining-area","name":"Mapped mining area 42258","country":"SUR","source_id":"maus-mining-2022","year":2019,"value":16.627417787036137,"unit":"km²","metric":"Mapped mining land area","original_value":16.627417787036137,"original_unit":"km²","source_row":42258,"estimated":true}},{"type":"Feature","id":"maus-44688","geometry":{"type":"Point","coordinates":[-140.720398,64.014835]},"properties":{"id":"maus-44688","type":"mining-area","name":"Mapped mining area 44688","country":"CAN","source_id":"maus-mining-2022","year":2019,"value":16.623392623851743,"unit":"km²","metric":"Mapped mining land area","original_value":16.623392623851743,"original_unit":"km²","source_row":44688,"estimated":true}},{"type":"Feature","id":"maus-5412","geometry":{"type":"Point","coordinates":[-75.129646,7.4271]},"properties":{"id":"maus-5412","type":"mining-area","name":"Mapped mining area 5412","country":"COL","source_id":"maus-mining-2022","year":2019,"value":16.62246445253457,"unit":"km²","metric":"Mapped mining land area","original_value":16.62246445253457,"original_unit":"km²","source_row":5412,"estimated":true}},{"type":"Feature","id":"maus-42753","geometry":{"type":"Point","coordinates":[-60.435071,7.561211]},"properties":{"id":"maus-42753","type":"mining-area","name":"Mapped mining area 42753","country":"GUY","source_id":"maus-mining-2022","year":2019,"value":16.56190331563841,"unit":"km²","metric":"Mapped mining land area","original_value":16.56190331563841,"original_unit":"km²","source_row":42753,"estimated":true}},{"type":"Feature","id":"maus-6890","geometry":{"type":"Point","coordinates":[55.869044,29.9525]},"properties":{"id":"maus-6890","type":"mining-area","name":"Mapped mining area 6890","country":"IRN","source_id":"maus-mining-2022","year":2019,"value":16.561661977563844,"unit":"km²","metric":"Mapped mining land area","original_value":16.561661977563844,"original_unit":"km²","source_row":6890,"estimated":true}},{"type":"Feature","id":"maus-41258","geometry":{"type":"Point","coordinates":[-57.490123,-5.164384]},"properties":{"id":"maus-41258","type":"mining-area","name":"Mapped mining area 41258","country":"BRA","source_id":"maus-mining-2022","year":2019,"value":16.55769517609529,"unit":"km²","metric":"Mapped mining land area","original_value":16.55769517609529,"original_unit":"km²","source_row":41258,"estimated":true}},{"type":"Feature","id":"maus-17613","geometry":{"type":"Point","coordinates":[109.699429,40.64255]},"properties":{"id":"maus-17613","type":"mining-area","name":"Mapped mining area 17613","country":"CHN","source_id":"maus-mining-2022","year":2019,"value":16.530118301655683,"unit":"km²","metric":"Mapped mining land area","original_value":16.530118301655683,"original_unit":"km²","source_row":17613,"estimated":true}},{"type":"Feature","id":"maus-1968","geometry":{"type":"Point","coordinates":[116.14692,-21.07785]},"properties":{"id":"maus-1968","type":"mining-area","name":"Mapped mining area 1968","country":"AUS","source_id":"maus-mining-2022","year":2019,"value":16.53005769604208,"unit":"km²","metric":"Mapped mining land area","original_value":16.53005769604208,"original_unit":"km²","source_row":1968,"estimated":true}},{"type":"Feature","id":"maus-44118","geometry":{"type":"Point","coordinates":[-39.864377,-9.870372]},"properties":{"id":"maus-44118","type":"mining-area","name":"Mapped mining area 44118","country":"BRA","source_id":"maus-mining-2022","year":2019,"value":16.519602067170766,"unit":"km²","metric":"Mapped mining land area","original_value":16.519602067170766,"original_unit":"km²","source_row":44118,"estimated":true}},{"type":"Feature","id":"maus-38580","geometry":{"type":"Point","coordinates":[114.705608,59.616894]},"properties":{"id":"maus-38580","type":"mining-area","name":"Mapped mining area 38580","country":"RUS","source_id":"maus-mining-2022","year":2019,"value":16.5037664147866,"unit":"km²","metric":"Mapped mining land area","original_value":16.5037664147866,"original_unit":"km²","source_row":38580,"estimated":true}},{"type":"Feature","id":"maus-41779","geometry":{"type":"Point","coordinates":[117.737382,51.344973]},"properties":{"id":"maus-41779","type":"mining-area","name":"Mapped mining area 41779","country":"RUS","source_id":"maus-mining-2022","year":2019,"value":16.477014335378023,"unit":"km²","metric":"Mapped mining land area","original_value":16.477014335378023,"original_unit":"km²","source_row":41779,"estimated":true}},{"type":"Feature","id":"maus-41437","geometry":{"type":"Point","coordinates":[-56.98855,-5.551564]},"properties":{"id":"maus-41437","type":"mining-area","name":"Mapped mining area 41437","country":"BRA","source_id":"maus-mining-2022","year":2019,"value":16.46050849305323,"unit":"km²","metric":"Mapped mining land area","original_value":16.46050849305323,"original_unit":"km²","source_row":41437,"estimated":true}},{"type":"Feature","id":"maus-18646","geometry":{"type":"Point","coordinates":[-119.188095,54.02725]},"properties":{"id":"maus-18646","type":"mining-area","name":"Mapped mining area 18646","country":"CAN","source_id":"maus-mining-2022","year":2019,"value":16.446488344796865,"unit":"km²","metric":"Mapped mining land area","original_value":16.446488344796865,"original_unit":"km²","source_row":18646,"estimated":true}},{"type":"Feature","id":"maus-35803","geometry":{"type":"Point","coordinates":[-4.834304,50.369883]},"properties":{"id":"maus-35803","type":"mining-area","name":"Mapped mining area 35803","country":"GBR","source_id":"maus-mining-2022","year":2019,"value":16.42870121678313,"unit":"km²","metric":"Mapped mining land area","original_value":16.42870121678313,"original_unit":"km²","source_row":35803,"estimated":true}},{"type":"Feature","id":"maus-6219","geometry":{"type":"Point","coordinates":[84.949772,19.2983]},"properties":{"id":"maus-6219","type":"mining-area","name":"Mapped mining area 6219","country":"IND","source_id":"maus-mining-2022","year":2019,"value":16.398958252429907,"unit":"km²","metric":"Mapped mining land area","original_value":16.398958252429907,"original_unit":"km²","source_row":6219,"estimated":true}},{"type":"Feature","id":"maus-2870","geometry":{"type":"Point","coordinates":[29.109184,-25.78575]},"properties":{"id":"maus-2870","type":"mining-area","name":"Mapped mining area 2870","country":"ZAF","source_id":"maus-mining-2022","year":2019,"value":16.389727611780017,"unit":"km²","metric":"Mapped mining land area","original_value":16.389727611780017,"original_unit":"km²","source_row":2870,"estimated":true}},{"type":"Feature","id":"maus-12414","geometry":{"type":"Point","coordinates":[67.449918,47.9167]},"properties":{"id":"maus-12414","type":"mining-area","name":"Mapped mining area 12414","country":"KAZ","source_id":"maus-mining-2022","year":2019,"value":16.37731156945986,"unit":"km²","metric":"Mapped mining land area","original_value":16.37731156945986,"original_unit":"km²","source_row":12414,"estimated":true}},{"type":"Feature","id":"maus-11459","geometry":{"type":"Point","coordinates":[14.979043,50.95025]},"properties":{"id":"maus-11459","type":"mining-area","name":"Mapped mining area 11459","country":"POL","source_id":"maus-mining-2022","year":2019,"value":16.35139113071041,"unit":"km²","metric":"Mapped mining land area","original_value":16.35139113071041,"original_unit":"km²","source_row":11459,"estimated":true}},{"type":"Feature","id":"maus-20608","geometry":{"type":"Point","coordinates":[7.993798,34.707292]},"properties":{"id":"maus-20608","type":"mining-area","name":"Mapped mining area 20608","country":"DZA","source_id":"maus-mining-2022","year":2019,"value":16.348065541786017,"unit":"km²","metric":"Mapped mining land area","original_value":16.348065541786017,"original_unit":"km²","source_row":20608,"estimated":true}},{"type":"Feature","id":"maus-44071","geometry":{"type":"Point","coordinates":[25.619232,-27.56555]},"properties":{"id":"maus-44071","type":"mining-area","name":"Mapped mining area 44071","country":"ZAF","source_id":"maus-mining-2022","year":2019,"value":16.303037089732236,"unit":"km²","metric":"Mapped mining land area","original_value":16.303037089732236,"original_unit":"km²","source_row":44071,"estimated":true}},{"type":"Feature","id":"maus-44017","geometry":{"type":"Point","coordinates":[121.609269,-31.02345]},"properties":{"id":"maus-44017","type":"mining-area","name":"Mapped mining area 44017","country":"AUS","source_id":"maus-mining-2022","year":2019,"value":16.296431697038322,"unit":"km²","metric":"Mapped mining land area","original_value":16.296431697038322,"original_unit":"km²","source_row":44017,"estimated":true}},{"type":"Feature","id":"maus-42011","geometry":{"type":"Point","coordinates":[122.313563,56.708947]},"properties":{"id":"maus-42011","type":"mining-area","name":"Mapped mining area 42011","country":"RUS","source_id":"maus-mining-2022","year":2019,"value":16.29429051812988,"unit":"km²","metric":"Mapped mining land area","original_value":16.29429051812988,"original_unit":"km²","source_row":42011,"estimated":true}},{"type":"Feature","id":"maus-17086","geometry":{"type":"Point","coordinates":[87.436461,54.09335]},"properties":{"id":"maus-17086","type":"mining-area","name":"Mapped mining area 17086","country":"RUS","source_id":"maus-mining-2022","year":2019,"value":16.291665631471272,"unit":"km²","metric":"Mapped mining land area","original_value":16.291665631471272,"original_unit":"km²","source_row":17086,"estimated":true}},{"type":"Feature","id":"maus-43394","geometry":{"type":"Point","coordinates":[-62.184512,4.40388]},"properties":{"id":"maus-43394","type":"mining-area","name":"Mapped mining area 43394","country":"VEN","source_id":"maus-mining-2022","year":2019,"value":16.258026843717158,"unit":"km²","metric":"Mapped mining land area","original_value":16.258026843717158,"original_unit":"km²","source_row":43394,"estimated":true}},{"type":"Feature","id":"maus-10941","geometry":{"type":"Point","coordinates":[13.520322,50.54205]},"properties":{"id":"maus-10941","type":"mining-area","name":"Mapped mining area 10941","country":"CZE","source_id":"maus-mining-2022","year":2019,"value":16.253565516117074,"unit":"km²","metric":"Mapped mining land area","original_value":16.253565516117074,"original_unit":"km²","source_row":10941,"estimated":true}},{"type":"Feature","id":"maus-7126","geometry":{"type":"Point","coordinates":[85.033331,23.72125]},"properties":{"id":"maus-7126","type":"mining-area","name":"Mapped mining area 7126","country":"IND","source_id":"maus-mining-2022","year":2019,"value":16.235128283648674,"unit":"km²","metric":"Mapped mining land area","original_value":16.235128283648674,"original_unit":"km²","source_row":7126,"estimated":true}},{"type":"Feature","id":"maus-14745","geometry":{"type":"Point","coordinates":[75.36431,51.7876]},"properties":{"id":"maus-14745","type":"mining-area","name":"Mapped mining area 14745","country":"KAZ","source_id":"maus-mining-2022","year":2019,"value":16.234276280304197,"unit":"km²","metric":"Mapped mining land area","original_value":16.234276280304197,"original_unit":"km²","source_row":14745,"estimated":true}},{"type":"Feature","id":"maus-39114","geometry":{"type":"Point","coordinates":[23.027203,-28.030035]},"properties":{"id":"maus-39114","type":"mining-area","name":"Mapped mining area 39114","country":"ZAF","source_id":"maus-mining-2022","year":2019,"value":16.22272459632324,"unit":"km²","metric":"Mapped mining land area","original_value":16.22272459632324,"original_unit":"km²","source_row":39114,"estimated":true}},{"type":"Feature","id":"maus-44579","geometry":{"type":"Point","coordinates":[116.642766,51.572668]},"properties":{"id":"maus-44579","type":"mining-area","name":"Mapped mining area 44579","country":"RUS","source_id":"maus-mining-2022","year":2019,"value":16.22193769790012,"unit":"km²","metric":"Mapped mining land area","original_value":16.22193769790012,"original_unit":"km²","source_row":44579,"estimated":true}},{"type":"Feature","id":"maus-2734","geometry":{"type":"Point","coordinates":[29.711014,-25.89735]},"properties":{"id":"maus-2734","type":"mining-area","name":"Mapped mining area 2734","country":"ZAF","source_id":"maus-mining-2022","year":2019,"value":16.220512620465012,"unit":"km²","metric":"Mapped mining land area","original_value":16.220512620465012,"original_unit":"km²","source_row":2734,"estimated":true}},{"type":"Feature","id":"maus-44123","geometry":{"type":"Point","coordinates":[-56.606836,-6.842292]},"properties":{"id":"maus-44123","type":"mining-area","name":"Mapped mining area 44123","country":"BRA","source_id":"maus-mining-2022","year":2019,"value":16.216490501504552,"unit":"km²","metric":"Mapped mining land area","original_value":16.216490501504552,"original_unit":"km²","source_row":44123,"estimated":true}},{"type":"Feature","id":"maus-44826","geometry":{"type":"Point","coordinates":[36.279046,21.102718]},"properties":{"id":"maus-44826","type":"mining-area","name":"Mapped mining area 44826","country":"SDN","source_id":"maus-mining-2022","year":2019,"value":16.209111198175165,"unit":"km²","metric":"Mapped mining land area","original_value":16.209111198175165,"original_unit":"km²","source_row":44826,"estimated":true}},{"type":"Feature","id":"maus-19218","geometry":{"type":"Point","coordinates":[125.497275,58.7858]},"properties":{"id":"maus-19218","type":"mining-area","name":"Mapped mining area 19218","country":"RUS","source_id":"maus-mining-2022","year":2019,"value":16.20802908294598,"unit":"km²","metric":"Mapped mining land area","original_value":16.20802908294598,"original_unit":"km²","source_row":19218,"estimated":true}},{"type":"Feature","id":"maus-1485","geometry":{"type":"Point","coordinates":[120.698793,-27.7936]},"properties":{"id":"maus-1485","type":"mining-area","name":"Mapped mining area 1485","country":"AUS","source_id":"maus-mining-2022","year":2019,"value":16.20703964804422,"unit":"km²","metric":"Mapped mining land area","original_value":16.20703964804422,"original_unit":"km²","source_row":1485,"estimated":true}},{"type":"Feature","id":"maus-3209","geometry":{"type":"Point","coordinates":[25.470274,-21.5062]},"properties":{"id":"maus-3209","type":"mining-area","name":"Mapped mining area 3209","country":"BWA","source_id":"maus-mining-2022","year":2019,"value":16.19052437284479,"unit":"km²","metric":"Mapped mining land area","original_value":16.19052437284479,"original_unit":"km²","source_row":3209,"estimated":true}},{"type":"Feature","id":"maus-5388","geometry":{"type":"Point","coordinates":[-63.167848,7.5883]},"properties":{"id":"maus-5388","type":"mining-area","name":"Mapped mining area 5388","country":"VEN","source_id":"maus-mining-2022","year":2019,"value":16.16525226532885,"unit":"km²","metric":"Mapped mining land area","original_value":16.16525226532885,"original_unit":"km²","source_row":5388,"estimated":true}},{"type":"Feature","id":"maus-8769","geometry":{"type":"Point","coordinates":[23.097591,44.92765]},"properties":{"id":"maus-8769","type":"mining-area","name":"Mapped mining area 8769","country":"ROU","source_id":"maus-mining-2022","year":2019,"value":16.161562349325557,"unit":"km²","metric":"Mapped mining land area","original_value":16.161562349325557,"original_unit":"km²","source_row":8769,"estimated":true}},{"type":"Feature","id":"maus-44569","geometry":{"type":"Point","coordinates":[118.647283,44.951946]},"properties":{"id":"maus-44569","type":"mining-area","name":"Mapped mining area 44569","country":"CHN","source_id":"maus-mining-2022","year":2019,"value":16.16035664762249,"unit":"km²","metric":"Mapped mining land area","original_value":16.16035664762249,"original_unit":"km²","source_row":44569,"estimated":true}},{"type":"Feature","id":"maus-3070","geometry":{"type":"Point","coordinates":[15.310061,-22.81165]},"properties":{"id":"maus-3070","type":"mining-area","name":"Mapped mining area 3070","country":"NAM","source_id":"maus-mining-2022","year":2019,"value":16.153187669055963,"unit":"km²","metric":"Mapped mining land area","original_value":16.153187669055963,"original_unit":"km²","source_row":3070,"estimated":true}},{"type":"Feature","id":"maus-43271","geometry":{"type":"Point","coordinates":[114.728647,-0.634589]},"properties":{"id":"maus-43271","type":"mining-area","name":"Mapped mining area 43271","country":"IDN","source_id":"maus-mining-2022","year":2019,"value":16.14235692780125,"unit":"km²","metric":"Mapped mining land area","original_value":16.14235692780125,"original_unit":"km²","source_row":43271,"estimated":true}},{"type":"Feature","id":"maus-30944","geometry":{"type":"Point","coordinates":[107.697773,-3.124307]},"properties":{"id":"maus-30944","type":"mining-area","name":"Mapped mining area 30944","country":"IDN","source_id":"maus-mining-2022","year":2019,"value":16.141220923136903,"unit":"km²","metric":"Mapped mining land area","original_value":16.141220923136903,"original_unit":"km²","source_row":30944,"estimated":true}},{"type":"Feature","id":"maus-9536","geometry":{"type":"Point","coordinates":[69.642976,40.8216]},"properties":{"id":"maus-9536","type":"mining-area","name":"Mapped mining area 9536","country":"UZB","source_id":"maus-mining-2022","year":2019,"value":16.132027563257093,"unit":"km²","metric":"Mapped mining land area","original_value":16.132027563257093,"original_unit":"km²","source_row":9536,"estimated":true}},{"type":"Feature","id":"maus-44516","geometry":{"type":"Point","coordinates":[86.892687,54.361363]},"properties":{"id":"maus-44516","type":"mining-area","name":"Mapped mining area 44516","country":"RUS","source_id":"maus-mining-2022","year":2019,"value":16.1312960652998,"unit":"km²","metric":"Mapped mining land area","original_value":16.1312960652998,"original_unit":"km²","source_row":44516,"estimated":true}},{"type":"Feature","id":"maus-37317","geometry":{"type":"Point","coordinates":[-93.362927,50.815589]},"properties":{"id":"maus-37317","type":"mining-area","name":"Mapped mining area 37317","country":"CAN","source_id":"maus-mining-2022","year":2019,"value":16.128250114071548,"unit":"km²","metric":"Mapped mining land area","original_value":16.128250114071548,"original_unit":"km²","source_row":37317,"estimated":true}},{"type":"Feature","id":"maus-16975","geometry":{"type":"Point","coordinates":[-117.216544,40.8225]},"properties":{"id":"maus-16975","type":"mining-area","name":"Mapped mining area 16975","country":"USA","source_id":"maus-mining-2022","year":2019,"value":16.106125524419667,"unit":"km²","metric":"Mapped mining land area","original_value":16.106125524419667,"original_unit":"km²","source_row":16975,"estimated":true}},{"type":"Feature","id":"maus-3663","geometry":{"type":"Point","coordinates":[-71.379015,-14.95705]},"properties":{"id":"maus-3663","type":"mining-area","name":"Mapped mining area 3663","country":"PER","source_id":"maus-mining-2022","year":2019,"value":16.089932841360735,"unit":"km²","metric":"Mapped mining land area","original_value":16.089932841360735,"original_unit":"km²","source_row":3663,"estimated":true}},{"type":"Feature","id":"maus-10918","geometry":{"type":"Point","coordinates":[-87.258355,38.1819]},"properties":{"id":"maus-10918","type":"mining-area","name":"Mapped mining area 10918","country":"USA","source_id":"maus-mining-2022","year":2019,"value":16.081095199037357,"unit":"km²","metric":"Mapped mining land area","original_value":16.081095199037357,"original_unit":"km²","source_row":10918,"estimated":true}},{"type":"Feature","id":"maus-8691","geometry":{"type":"Point","coordinates":[20.21586,44.48335]},"properties":{"id":"maus-8691","type":"mining-area","name":"Mapped mining area 8691","country":"SRB","source_id":"maus-mining-2022","year":2019,"value":16.04257238524072,"unit":"km²","metric":"Mapped mining land area","original_value":16.04257238524072,"original_unit":"km²","source_row":8691,"estimated":true}},{"type":"Feature","id":"maus-23582","geometry":{"type":"Point","coordinates":[-56.445178,-5.709654]},"properties":{"id":"maus-23582","type":"mining-area","name":"Mapped mining area 23582","country":"BRA","source_id":"maus-mining-2022","year":2019,"value":16.040169631301918,"unit":"km²","metric":"Mapped mining land area","original_value":16.040169631301918,"original_unit":"km²","source_row":23582,"estimated":true}},{"type":"Feature","id":"maus-6023","geometry":{"type":"Point","coordinates":[79.545986,18.66015]},"properties":{"id":"maus-6023","type":"mining-area","name":"Mapped mining area 6023","country":"IND","source_id":"maus-mining-2022","year":2019,"value":16.014702441054215,"unit":"km²","metric":"Mapped mining land area","original_value":16.014702441054215,"original_unit":"km²","source_row":6023,"estimated":true}},{"type":"Feature","id":"maus-34625","geometry":{"type":"Point","coordinates":[58.880079,59.526483]},"properties":{"id":"maus-34625","type":"mining-area","name":"Mapped mining area 34625","country":"RUS","source_id":"maus-mining-2022","year":2019,"value":16.009806908111873,"unit":"km²","metric":"Mapped mining land area","original_value":16.009806908111873,"original_unit":"km²","source_row":34625,"estimated":true}},{"type":"Feature","id":"maus-43670","geometry":{"type":"Point","coordinates":[27.890994,37.146706]},"properties":{"id":"maus-43670","type":"mining-area","name":"Mapped mining area 43670","country":"TUR","source_id":"maus-mining-2022","year":2019,"value":15.983463757917868,"unit":"km²","metric":"Mapped mining land area","original_value":15.983463757917868,"original_unit":"km²","source_row":43670,"estimated":true}},{"type":"Feature","id":"maus-28011","geometry":{"type":"Point","coordinates":[122.988031,40.975395]},"properties":{"id":"maus-28011","type":"mining-area","name":"Mapped mining area 28011","country":"CHN","source_id":"maus-mining-2022","year":2019,"value":15.960243835174971,"unit":"km²","metric":"Mapped mining land area","original_value":15.960243835174971,"original_unit":"km²","source_row":28011,"estimated":true}},{"type":"Feature","id":"maus-3123","geometry":{"type":"Point","coordinates":[15.056699,-22.48485]},"properties":{"id":"maus-3123","type":"mining-area","name":"Mapped mining area 3123","country":"NAM","source_id":"maus-mining-2022","year":2019,"value":15.958537741524902,"unit":"km²","metric":"Mapped mining land area","original_value":15.958537741524902,"original_unit":"km²","source_row":3123,"estimated":true}},{"type":"Feature","id":"maus-7683","geometry":{"type":"Point","coordinates":[27.729178,39.25405]},"properties":{"id":"maus-7683","type":"mining-area","name":"Mapped mining area 7683","country":"TUR","source_id":"maus-mining-2022","year":2019,"value":15.929936390308354,"unit":"km²","metric":"Mapped mining land area","original_value":15.929936390308354,"original_unit":"km²","source_row":7683,"estimated":true}},{"type":"Feature","id":"maus-2856","geometry":{"type":"Point","coordinates":[29.742627,-25.8063]},"properties":{"id":"maus-2856","type":"mining-area","name":"Mapped mining area 2856","country":"ZAF","source_id":"maus-mining-2022","year":2019,"value":15.923310970130547,"unit":"km²","metric":"Mapped mining land area","original_value":15.923310970130547,"original_unit":"km²","source_row":2856,"estimated":true}},{"type":"Feature","id":"maus-2677","geometry":{"type":"Point","coordinates":[29.38525,-26.031]},"properties":{"id":"maus-2677","type":"mining-area","name":"Mapped mining area 2677","country":"ZAF","source_id":"maus-mining-2022","year":2019,"value":15.904622103569606,"unit":"km²","metric":"Mapped mining land area","original_value":15.904622103569606,"original_unit":"km²","source_row":2677,"estimated":true}},{"type":"Feature","id":"maus-5493","geometry":{"type":"Point","coordinates":[-73.472366,9.69435]},"properties":{"id":"maus-5493","type":"mining-area","name":"Mapped mining area 5493","country":"COL","source_id":"maus-mining-2022","year":2019,"value":15.896640467501864,"unit":"km²","metric":"Mapped mining land area","original_value":15.896640467501864,"original_unit":"km²","source_row":5493,"estimated":true}},{"type":"Feature","id":"maus-38561","geometry":{"type":"Point","coordinates":[115.125888,58.704379]},"properties":{"id":"maus-38561","type":"mining-area","name":"Mapped mining area 38561","country":"RUS","source_id":"maus-mining-2022","year":2019,"value":15.877002658259215,"unit":"km²","metric":"Mapped mining land area","original_value":15.877002658259215,"original_unit":"km²","source_row":38561,"estimated":true}},{"type":"Feature","id":"maus-19221","geometry":{"type":"Point","coordinates":[125.709937,58.84725]},"properties":{"id":"maus-19221","type":"mining-area","name":"Mapped mining area 19221","country":"RUS","source_id":"maus-mining-2022","year":2019,"value":15.85819655556967,"unit":"km²","metric":"Mapped mining land area","original_value":15.85819655556967,"original_unit":"km²","source_row":19221,"estimated":true}},{"type":"Feature","id":"maus-42605","geometry":{"type":"Point","coordinates":[-59.06,6.253467]},"properties":{"id":"maus-42605","type":"mining-area","name":"Mapped mining area 42605","country":"GUY","source_id":"maus-mining-2022","year":2019,"value":15.821982531540048,"unit":"km²","metric":"Mapped mining land area","original_value":15.821982531540048,"original_unit":"km²","source_row":42605,"estimated":true}},{"type":"Feature","id":"maus-38594","geometry":{"type":"Point","coordinates":[112.03294,57.3108]},"properties":{"id":"maus-38594","type":"mining-area","name":"Mapped mining area 38594","country":"RUS","source_id":"maus-mining-2022","year":2019,"value":15.817601438664866,"unit":"km²","metric":"Mapped mining land area","original_value":15.817601438664866,"original_unit":"km²","source_row":38594,"estimated":true}},{"type":"Feature","id":"maus-44143","geometry":{"type":"Point","coordinates":[115.593653,-3.5538]},"properties":{"id":"maus-44143","type":"mining-area","name":"Mapped mining area 44143","country":"IDN","source_id":"maus-mining-2022","year":2019,"value":15.795201144341927,"unit":"km²","metric":"Mapped mining land area","original_value":15.795201144341927,"original_unit":"km²","source_row":44143,"estimated":true}},{"type":"Feature","id":"maus-12808","geometry":{"type":"Point","coordinates":[70.319734,48.37245]},"properties":{"id":"maus-12808","type":"mining-area","name":"Mapped mining area 12808","country":"KAZ","source_id":"maus-mining-2022","year":2019,"value":15.754800305018925,"unit":"km²","metric":"Mapped mining land area","original_value":15.754800305018925,"original_unit":"km²","source_row":12808,"estimated":true}},{"type":"Feature","id":"maus-491","geometry":{"type":"Point","coordinates":[150.13338,-30.56565]},"properties":{"id":"maus-491","type":"mining-area","name":"Mapped mining area 491","country":"AUS","source_id":"maus-mining-2022","year":2019,"value":15.747758606076703,"unit":"km²","metric":"Mapped mining land area","original_value":15.747758606076703,"original_unit":"km²","source_row":491,"estimated":true}},{"type":"Feature","id":"maus-4129","geometry":{"type":"Point","coordinates":[-78.019836,-8.095]},"properties":{"id":"maus-4129","type":"mining-area","name":"Mapped mining area 4129","country":"PER","source_id":"maus-mining-2022","year":2019,"value":15.74730384412211,"unit":"km²","metric":"Mapped mining land area","original_value":15.74730384412211,"original_unit":"km²","source_row":4129,"estimated":true}},{"type":"Feature","id":"maus-41885","geometry":{"type":"Point","coordinates":[125.815489,54.382435]},"properties":{"id":"maus-41885","type":"mining-area","name":"Mapped mining area 41885","country":"RUS","source_id":"maus-mining-2022","year":2019,"value":15.74720037458388,"unit":"km²","metric":"Mapped mining land area","original_value":15.74720037458388,"original_unit":"km²","source_row":41885,"estimated":true}},{"type":"Feature","id":"maus-44145","geometry":{"type":"Point","coordinates":[115.45799,-3.61385]},"properties":{"id":"maus-44145","type":"mining-area","name":"Mapped mining area 44145","country":"IDN","source_id":"maus-mining-2022","year":2019,"value":15.74372919312598,"unit":"km²","metric":"Mapped mining land area","original_value":15.74372919312598,"original_unit":"km²","source_row":44145,"estimated":true}},{"type":"Feature","id":"maus-22466","geometry":{"type":"Point","coordinates":[116.200653,-21.74794]},"properties":{"id":"maus-22466","type":"mining-area","name":"Mapped mining area 22466","country":"AUS","source_id":"maus-mining-2022","year":2019,"value":15.712982697401541,"unit":"km²","metric":"Mapped mining land area","original_value":15.712982697401541,"original_unit":"km²","source_row":22466,"estimated":true}},{"type":"Feature","id":"maus-1921","geometry":{"type":"Point","coordinates":[-71.11025,-32.65275]},"properties":{"id":"maus-1921","type":"mining-area","name":"Mapped mining area 1921","country":"CHL","source_id":"maus-mining-2022","year":2019,"value":15.703882332394235,"unit":"km²","metric":"Mapped mining land area","original_value":15.703882332394235,"original_unit":"km²","source_row":1921,"estimated":true}},{"type":"Feature","id":"maus-8809","geometry":{"type":"Point","coordinates":[23.053306,44.84855]},"properties":{"id":"maus-8809","type":"mining-area","name":"Mapped mining area 8809","country":"ROU","source_id":"maus-mining-2022","year":2019,"value":15.680812235851695,"unit":"km²","metric":"Mapped mining land area","original_value":15.680812235851695,"original_unit":"km²","source_row":8809,"estimated":true}},{"type":"Feature","id":"maus-5527","geometry":{"type":"Point","coordinates":[-9.356127,11.57565]},"properties":{"id":"maus-5527","type":"mining-area","name":"Mapped mining area 5527","country":"GIN","source_id":"maus-mining-2022","year":2019,"value":15.677011777550165,"unit":"km²","metric":"Mapped mining land area","original_value":15.677011777550165,"original_unit":"km²","source_row":5527,"estimated":true}},{"type":"Feature","id":"maus-11544","geometry":{"type":"Point","coordinates":[14.707698,51.3986]},"properties":{"id":"maus-11544","type":"mining-area","name":"Mapped mining area 11544","country":"DEU","source_id":"maus-mining-2022","year":2019,"value":15.67107257707186,"unit":"km²","metric":"Mapped mining land area","original_value":15.67107257707186,"original_unit":"km²","source_row":11544,"estimated":true}},{"type":"Feature","id":"maus-16600","geometry":{"type":"Point","coordinates":[87.344448,53.40885]},"properties":{"id":"maus-16600","type":"mining-area","name":"Mapped mining area 16600","country":"RUS","source_id":"maus-mining-2022","year":2019,"value":15.66550584769949,"unit":"km²","metric":"Mapped mining land area","original_value":15.66550584769949,"original_unit":"km²","source_row":16600,"estimated":true}},{"type":"Feature","id":"maus-2523","geometry":{"type":"Point","coordinates":[26.796913,-26.83045]},"properties":{"id":"maus-2523","type":"mining-area","name":"Mapped mining area 2523","country":"ZAF","source_id":"maus-mining-2022","year":2019,"value":15.65798136724145,"unit":"km²","metric":"Mapped mining land area","original_value":15.65798136724145,"original_unit":"km²","source_row":2523,"estimated":true}},{"type":"Feature","id":"maus-42651","geometry":{"type":"Point","coordinates":[-59.820798,6.487292]},"properties":{"id":"maus-42651","type":"mining-area","name":"Mapped mining area 42651","country":"GUY","source_id":"maus-mining-2022","year":2019,"value":15.649265578745338,"unit":"km²","metric":"Mapped mining land area","original_value":15.649265578745338,"original_unit":"km²","source_row":42651,"estimated":true}},{"type":"Feature","id":"maus-17866","geometry":{"type":"Point","coordinates":[103.249797,53.1984]},"properties":{"id":"maus-17866","type":"mining-area","name":"Mapped mining area 17866","country":"RUS","source_id":"maus-mining-2022","year":2019,"value":15.623299278931526,"unit":"km²","metric":"Mapped mining land area","original_value":15.623299278931526,"original_unit":"km²","source_row":17866,"estimated":true}},{"type":"Feature","id":"maus-2166","geometry":{"type":"Point","coordinates":[23.024187,-29.5684]},"properties":{"id":"maus-2166","type":"mining-area","name":"Mapped mining area 2166","country":"ZAF","source_id":"maus-mining-2022","year":2019,"value":15.621421506933855,"unit":"km²","metric":"Mapped mining land area","original_value":15.621421506933855,"original_unit":"km²","source_row":2166,"estimated":true}},{"type":"Feature","id":"maus-7108","geometry":{"type":"Point","coordinates":[36.149667,31.06345]},"properties":{"id":"maus-7108","type":"mining-area","name":"Mapped mining area 7108","country":"JOR","source_id":"maus-mining-2022","year":2019,"value":15.614210205999056,"unit":"km²","metric":"Mapped mining land area","original_value":15.614210205999056,"original_unit":"km²","source_row":7108,"estimated":true}},{"type":"Feature","id":"maus-3010","geometry":{"type":"Point","coordinates":[-67.213093,-21.10635]},"properties":{"id":"maus-3010","type":"mining-area","name":"Mapped mining area 3010","country":"BOL","source_id":"maus-mining-2022","year":2019,"value":15.602300596095917,"unit":"km²","metric":"Mapped mining land area","original_value":15.602300596095917,"original_unit":"km²","source_row":3010,"estimated":true}},{"type":"Feature","id":"maus-2260","geometry":{"type":"Point","coordinates":[16.681053,-28.91625]},"properties":{"id":"maus-2260","type":"mining-area","name":"Mapped mining area 2260","country":"ZAF","source_id":"maus-mining-2022","year":2019,"value":15.560152823979362,"unit":"km²","metric":"Mapped mining land area","original_value":15.560152823979362,"original_unit":"km²","source_row":2260,"estimated":true}},{"type":"Feature","id":"maus-15073","geometry":{"type":"Point","coordinates":[101.260883,43.00435]},"properties":{"id":"maus-15073","type":"mining-area","name":"Mapped mining area 15073","country":"MNG","source_id":"maus-mining-2022","year":2019,"value":15.55732453516655,"unit":"km²","metric":"Mapped mining land area","original_value":15.55732453516655,"original_unit":"km²","source_row":15073,"estimated":true}},{"type":"Feature","id":"maus-44158","geometry":{"type":"Point","coordinates":[115.156991,-3.034311]},"properties":{"id":"maus-44158","type":"mining-area","name":"Mapped mining area 44158","country":"IDN","source_id":"maus-mining-2022","year":2019,"value":15.533493294151622,"unit":"km²","metric":"Mapped mining land area","original_value":15.533493294151622,"original_unit":"km²","source_row":44158,"estimated":true}},{"type":"Feature","id":"maus-14375","geometry":{"type":"Point","coordinates":[111.203381,36.99265]},"properties":{"id":"maus-14375","type":"mining-area","name":"Mapped mining area 14375","country":"CHN","source_id":"maus-mining-2022","year":2019,"value":15.528863675402427,"unit":"km²","metric":"Mapped mining land area","original_value":15.528863675402427,"original_unit":"km²","source_row":14375,"estimated":true}},{"type":"Feature","id":"maus-10942","geometry":{"type":"Point","coordinates":[33.707091,49.0092]},"properties":{"id":"maus-10942","type":"mining-area","name":"Mapped mining area 10942","country":"UKR","source_id":"maus-mining-2022","year":2019,"value":15.523735841250419,"unit":"km²","metric":"Mapped mining land area","original_value":15.523735841250419,"original_unit":"km²","source_row":10942,"estimated":true}},{"type":"Feature","id":"maus-5571","geometry":{"type":"Point","coordinates":[78.135486,11.73405]},"properties":{"id":"maus-5571","type":"mining-area","name":"Mapped mining area 5571","country":"IND","source_id":"maus-mining-2022","year":2019,"value":15.505942662739878,"unit":"km²","metric":"Mapped mining land area","original_value":15.505942662739878,"original_unit":"km²","source_row":5571,"estimated":true}},{"type":"Feature","id":"maus-2673","geometry":{"type":"Point","coordinates":[27.771155,-26.12985]},"properties":{"id":"maus-2673","type":"mining-area","name":"Mapped mining area 2673","country":"ZAF","source_id":"maus-mining-2022","year":2019,"value":15.504956563142503,"unit":"km²","metric":"Mapped mining land area","original_value":15.504956563142503,"original_unit":"km²","source_row":2673,"estimated":true}},{"type":"Feature","id":"maus-44800","geometry":{"type":"Point","coordinates":[-58.662352,6.471196]},"properties":{"id":"maus-44800","type":"mining-area","name":"Mapped mining area 44800","country":"GUY","source_id":"maus-mining-2022","year":2019,"value":15.495421858502745,"unit":"km²","metric":"Mapped mining land area","original_value":15.495421858502745,"original_unit":"km²","source_row":44800,"estimated":true}},{"type":"Feature","id":"maus-13297","geometry":{"type":"Point","coordinates":[-81.347267,46.6578]},"properties":{"id":"maus-13297","type":"mining-area","name":"Mapped mining area 13297","country":"CAN","source_id":"maus-mining-2022","year":2019,"value":15.469815345269117,"unit":"km²","metric":"Mapped mining land area","original_value":15.469815345269117,"original_unit":"km²","source_row":13297,"estimated":true}},{"type":"Feature","id":"maus-30568","geometry":{"type":"Point","coordinates":[58.184309,50.726785]},"properties":{"id":"maus-30568","type":"mining-area","name":"Mapped mining area 30568","country":"KAZ","source_id":"maus-mining-2022","year":2019,"value":15.453010368923048,"unit":"km²","metric":"Mapped mining land area","original_value":15.453010368923048,"original_unit":"km²","source_row":30568,"estimated":true}},{"type":"Feature","id":"maus-29470","geometry":{"type":"Point","coordinates":[-74.760681,7.670984]},"properties":{"id":"maus-29470","type":"mining-area","name":"Mapped mining area 29470","country":"COL","source_id":"maus-mining-2022","year":2019,"value":15.4446760906752,"unit":"km²","metric":"Mapped mining land area","original_value":15.4446760906752,"original_unit":"km²","source_row":29470,"estimated":true}},{"type":"Feature","id":"maus-15214","geometry":{"type":"Point","coordinates":[110.279496,39.4358]},"properties":{"id":"maus-15214","type":"mining-area","name":"Mapped mining area 15214","country":"CHN","source_id":"maus-mining-2022","year":2019,"value":15.44298357396167,"unit":"km²","metric":"Mapped mining land area","original_value":15.44298357396167,"original_unit":"km²","source_row":15214,"estimated":true}},{"type":"Feature","id":"maus-44669","geometry":{"type":"Point","coordinates":[-56.474916,-6.318894]},"properties":{"id":"maus-44669","type":"mining-area","name":"Mapped mining area 44669","country":"BRA","source_id":"maus-mining-2022","year":2019,"value":15.392434025904004,"unit":"km²","metric":"Mapped mining land area","original_value":15.392434025904004,"original_unit":"km²","source_row":44669,"estimated":true}},{"type":"Feature","id":"maus-21614","geometry":{"type":"Point","coordinates":[147.844457,-21.304284]},"properties":{"id":"maus-21614","type":"mining-area","name":"Mapped mining area 21614","country":"AUS","source_id":"maus-mining-2022","year":2019,"value":15.370949304348693,"unit":"km²","metric":"Mapped mining land area","original_value":15.370949304348693,"original_unit":"km²","source_row":21614,"estimated":true}},{"type":"Feature","id":"maus-30490","geometry":{"type":"Point","coordinates":[72.960784,27.877246]},"properties":{"id":"maus-30490","type":"mining-area","name":"Mapped mining area 30490","country":"IND","source_id":"maus-mining-2022","year":2019,"value":15.36886987620571,"unit":"km²","metric":"Mapped mining land area","original_value":15.36886987620571,"original_unit":"km²","source_row":30490,"estimated":true}},{"type":"Feature","id":"maus-13290","geometry":{"type":"Point","coordinates":[62.349314,52.0161]},"properties":{"id":"maus-13290","type":"mining-area","name":"Mapped mining area 13290","country":"KAZ","source_id":"maus-mining-2022","year":2019,"value":15.322519978450101,"unit":"km²","metric":"Mapped mining land area","original_value":15.322519978450101,"original_unit":"km²","source_row":13290,"estimated":true}},{"type":"Feature","id":"maus-23966","geometry":{"type":"Point","coordinates":[-3.532012,11.421055]},"properties":{"id":"maus-23966","type":"mining-area","name":"Mapped mining area 23966","country":"BFA","source_id":"maus-mining-2022","year":2019,"value":15.3165300901537,"unit":"km²","metric":"Mapped mining land area","original_value":15.3165300901537,"original_unit":"km²","source_row":23966,"estimated":true}},{"type":"Feature","id":"maus-17939","geometry":{"type":"Point","coordinates":[123.145653,41.084]},"properties":{"id":"maus-17939","type":"mining-area","name":"Mapped mining area 17939","country":"CHN","source_id":"maus-mining-2022","year":2019,"value":15.309836213457887,"unit":"km²","metric":"Mapped mining land area","original_value":15.309836213457887,"original_unit":"km²","source_row":17939,"estimated":true}},{"type":"Feature","id":"maus-7855","geometry":{"type":"Point","coordinates":[29.848423,39.58345]},"properties":{"id":"maus-7855","type":"mining-area","name":"Mapped mining area 7855","country":"TUR","source_id":"maus-mining-2022","year":2019,"value":15.281982904442803,"unit":"km²","metric":"Mapped mining land area","original_value":15.281982904442803,"original_unit":"km²","source_row":7855,"estimated":true}},{"type":"Feature","id":"maus-32235","geometry":{"type":"Point","coordinates":[-110.293715,30.848669]},"properties":{"id":"maus-32235","type":"mining-area","name":"Mapped mining area 32235","country":"MEX","source_id":"maus-mining-2022","year":2019,"value":15.270958842585985,"unit":"km²","metric":"Mapped mining land area","original_value":15.270958842585985,"original_unit":"km²","source_row":32235,"estimated":true}},{"type":"Feature","id":"maus-15341","geometry":{"type":"Point","coordinates":[-67.085855,54.88035]},"properties":{"id":"maus-15341","type":"mining-area","name":"Mapped mining area 15341","country":"CAN","source_id":"maus-mining-2022","year":2019,"value":15.265531146476198,"unit":"km²","metric":"Mapped mining land area","original_value":15.265531146476198,"original_unit":"km²","source_row":15341,"estimated":true}},{"type":"Feature","id":"maus-930","geometry":{"type":"Point","coordinates":[116.064268,-33.8641]},"properties":{"id":"maus-930","type":"mining-area","name":"Mapped mining area 930","country":"AUS","source_id":"maus-mining-2022","year":2019,"value":15.255119490047946,"unit":"km²","metric":"Mapped mining land area","original_value":15.255119490047946,"original_unit":"km²","source_row":930,"estimated":true}},{"type":"Feature","id":"maus-19578","geometry":{"type":"Point","coordinates":[107.05337,39.43565]},"properties":{"id":"maus-19578","type":"mining-area","name":"Mapped mining area 19578","country":"CHN","source_id":"maus-mining-2022","year":2019,"value":15.24383556264965,"unit":"km²","metric":"Mapped mining land area","original_value":15.24383556264965,"original_unit":"km²","source_row":19578,"estimated":true}},{"type":"Feature","id":"maus-4928","geometry":{"type":"Point","coordinates":[117.443146,2.0347]},"properties":{"id":"maus-4928","type":"mining-area","name":"Mapped mining area 4928","country":"IDN","source_id":"maus-mining-2022","year":2019,"value":15.242982699178672,"unit":"km²","metric":"Mapped mining land area","original_value":15.242982699178672,"original_unit":"km²","source_row":4928,"estimated":true}},{"type":"Feature","id":"maus-44002","geometry":{"type":"Point","coordinates":[135.576352,-29.7231]},"properties":{"id":"maus-44002","type":"mining-area","name":"Mapped mining area 44002","country":"AUS","source_id":"maus-mining-2022","year":2019,"value":15.182738025137086,"unit":"km²","metric":"Mapped mining land area","original_value":15.182738025137086,"original_unit":"km²","source_row":44002,"estimated":true}},{"type":"Feature","id":"maus-14078","geometry":{"type":"Point","coordinates":[106.385605,39.241]},"properties":{"id":"maus-14078","type":"mining-area","name":"Mapped mining area 14078","country":"CHN","source_id":"maus-mining-2022","year":2019,"value":15.179007564504175,"unit":"km²","metric":"Mapped mining land area","original_value":15.179007564504175,"original_unit":"km²","source_row":14078,"estimated":true}},{"type":"Feature","id":"maus-41827","geometry":{"type":"Point","coordinates":[107.18878,49.260452]},"properties":{"id":"maus-41827","type":"mining-area","name":"Mapped mining area 41827","country":"MNG","source_id":"maus-mining-2022","year":2019,"value":15.178817521615942,"unit":"km²","metric":"Mapped mining land area","original_value":15.178817521615942,"original_unit":"km²","source_row":41827,"estimated":true}},{"type":"Feature","id":"maus-38568","geometry":{"type":"Point","coordinates":[116.824144,58.91105]},"properties":{"id":"maus-38568","type":"mining-area","name":"Mapped mining area 38568","country":"RUS","source_id":"maus-mining-2022","year":2019,"value":15.159561590962447,"unit":"km²","metric":"Mapped mining land area","original_value":15.159561590962447,"original_unit":"km²","source_row":38568,"estimated":true}},{"type":"Feature","id":"maus-44572","geometry":{"type":"Point","coordinates":[92.984353,60.13]},"properties":{"id":"maus-44572","type":"mining-area","name":"Mapped mining area 44572","country":"RUS","source_id":"maus-mining-2022","year":2019,"value":15.153625715045582,"unit":"km²","metric":"Mapped mining land area","original_value":15.153625715045582,"original_unit":"km²","source_row":44572,"estimated":true}},{"type":"Feature","id":"maus-42764","geometry":{"type":"Point","coordinates":[-60.158785,7.498113]},"properties":{"id":"maus-42764","type":"mining-area","name":"Mapped mining area 42764","country":"GUY","source_id":"maus-mining-2022","year":2019,"value":15.128239841277948,"unit":"km²","metric":"Mapped mining land area","original_value":15.128239841277948,"original_unit":"km²","source_row":42764,"estimated":true}},{"type":"Feature","id":"maus-44861","geometry":{"type":"Point","coordinates":[21.517115,41.050751]},"properties":{"id":"maus-44861","type":"mining-area","name":"Mapped mining area 44861","country":"MKD","source_id":"maus-mining-2022","year":2019,"value":15.083904640149742,"unit":"km²","metric":"Mapped mining land area","original_value":15.083904640149742,"original_unit":"km²","source_row":44861,"estimated":true}},{"type":"Feature","id":"maus-1612","geometry":{"type":"Point","coordinates":[118.501096,-26.61065]},"properties":{"id":"maus-1612","type":"mining-area","name":"Mapped mining area 1612","country":"AUS","source_id":"maus-mining-2022","year":2019,"value":15.083342914122575,"unit":"km²","metric":"Mapped mining land area","original_value":15.083342914122575,"original_unit":"km²","source_row":1612,"estimated":true}},{"type":"Feature","id":"maus-207","geometry":{"type":"Point","coordinates":[165.007831,-21.17295]},"properties":{"id":"maus-207","type":"mining-area","name":"Mapped mining area 207","country":"NCL","source_id":"maus-mining-2022","year":2019,"value":15.08203360655561,"unit":"km²","metric":"Mapped mining land area","original_value":15.08203360655561,"original_unit":"km²","source_row":207,"estimated":true}},{"type":"Feature","id":"maus-13526","geometry":{"type":"Point","coordinates":[-105.14818,38.7341]},"properties":{"id":"maus-13526","type":"mining-area","name":"Mapped mining area 13526","country":"USA","source_id":"maus-mining-2022","year":2019,"value":15.076110270328376,"unit":"km²","metric":"Mapped mining land area","original_value":15.076110270328376,"original_unit":"km²","source_row":13526,"estimated":true}},{"type":"Feature","id":"maus-44611","geometry":{"type":"Point","coordinates":[-110.31638,64.4884]},"properties":{"id":"maus-44611","type":"mining-area","name":"Mapped mining area 44611","country":"CAN","source_id":"maus-mining-2022","year":2019,"value":15.068013970949405,"unit":"km²","metric":"Mapped mining land area","original_value":15.068013970949405,"original_unit":"km²","source_row":44611,"estimated":true}},{"type":"Feature","id":"maus-20790","geometry":{"type":"Point","coordinates":[118.135793,-22.642887]},"properties":{"id":"maus-20790","type":"mining-area","name":"Mapped mining area 20790","country":"AUS","source_id":"maus-mining-2022","year":2019,"value":15.053616999834588,"unit":"km²","metric":"Mapped mining land area","original_value":15.053616999834588,"original_unit":"km²","source_row":20790,"estimated":true}},{"type":"Feature","id":"maus-21141","geometry":{"type":"Point","coordinates":[150.038986,-24.842204]},"properties":{"id":"maus-21141","type":"mining-area","name":"Mapped mining area 21141","country":"AUS","source_id":"maus-mining-2022","year":2019,"value":15.044984175640886,"unit":"km²","metric":"Mapped mining land area","original_value":15.044984175640886,"original_unit":"km²","source_row":21141,"estimated":true}},{"type":"Feature","id":"maus-38720","geometry":{"type":"Point","coordinates":[149.373013,63.020455]},"properties":{"id":"maus-38720","type":"mining-area","name":"Mapped mining area 38720","country":"RUS","source_id":"maus-mining-2022","year":2019,"value":15.032389029195262,"unit":"km²","metric":"Mapped mining land area","original_value":15.032389029195262,"original_unit":"km²","source_row":38720,"estimated":true}},{"type":"Feature","id":"maus-41803","geometry":{"type":"Point","coordinates":[110.569346,49.399889]},"properties":{"id":"maus-41803","type":"mining-area","name":"Mapped mining area 41803","country":"RUS","source_id":"maus-mining-2022","year":2019,"value":15.032090990718064,"unit":"km²","metric":"Mapped mining land area","original_value":15.032090990718064,"original_unit":"km²","source_row":41803,"estimated":true}},{"type":"Feature","id":"maus-44909","geometry":{"type":"Point","coordinates":[-59.321833,5.767206]},"properties":{"id":"maus-44909","type":"mining-area","name":"Mapped mining area 44909","country":"GUY","source_id":"maus-mining-2022","year":2019,"value":15.031365096470513,"unit":"km²","metric":"Mapped mining land area","original_value":15.031365096470513,"original_unit":"km²","source_row":44909,"estimated":true}},{"type":"Feature","id":"maus-44704","geometry":{"type":"Point","coordinates":[-56.333341,-6.27537]},"properties":{"id":"maus-44704","type":"mining-area","name":"Mapped mining area 44704","country":"BRA","source_id":"maus-mining-2022","year":2019,"value":15.02099936019828,"unit":"km²","metric":"Mapped mining land area","original_value":15.02099936019828,"original_unit":"km²","source_row":44704,"estimated":true}},{"type":"Feature","id":"maus-19555","geometry":{"type":"Point","coordinates":[-78.945162,49.8098]},"properties":{"id":"maus-19555","type":"mining-area","name":"Mapped mining area 19555","country":"CAN","source_id":"maus-mining-2022","year":2019,"value":15.01367893064442,"unit":"km²","metric":"Mapped mining land area","original_value":15.01367893064442,"original_unit":"km²","source_row":19555,"estimated":true}},{"type":"Feature","id":"maus-18297","geometry":{"type":"Point","coordinates":[-112.20567,52.4381]},"properties":{"id":"maus-18297","type":"mining-area","name":"Mapped mining area 18297","country":"CAN","source_id":"maus-mining-2022","year":2019,"value":14.996327525698057,"unit":"km²","metric":"Mapped mining land area","original_value":14.996327525698057,"original_unit":"km²","source_row":18297,"estimated":true}},{"type":"Feature","id":"maus-24154","geometry":{"type":"Point","coordinates":[-52.200887,-6.110756]},"properties":{"id":"maus-24154","type":"mining-area","name":"Mapped mining area 24154","country":"BRA","source_id":"maus-mining-2022","year":2019,"value":14.986891704362112,"unit":"km²","metric":"Mapped mining land area","original_value":14.986891704362112,"original_unit":"km²","source_row":24154,"estimated":true}},{"type":"Feature","id":"maus-2111","geometry":{"type":"Point","coordinates":[-69.916076,-25.8346]},"properties":{"id":"maus-2111","type":"mining-area","name":"Mapped mining area 2111","country":"CHL","source_id":"maus-mining-2022","year":2019,"value":14.954244271440105,"unit":"km²","metric":"Mapped mining land area","original_value":14.954244271440105,"original_unit":"km²","source_row":2111,"estimated":true}},{"type":"Feature","id":"maus-3984","geometry":{"type":"Point","coordinates":[27.56369,-11.62595]},"properties":{"id":"maus-3984","type":"mining-area","name":"Mapped mining area 3984","country":"COD","source_id":"maus-mining-2022","year":2019,"value":14.94635604165674,"unit":"km²","metric":"Mapped mining land area","original_value":14.94635604165674,"original_unit":"km²","source_row":3984,"estimated":true}},{"type":"Feature","id":"maus-16631","geometry":{"type":"Point","coordinates":[-101.251037,47.35125]},"properties":{"id":"maus-16631","type":"mining-area","name":"Mapped mining area 16631","country":"USA","source_id":"maus-mining-2022","year":2019,"value":14.94553621355376,"unit":"km²","metric":"Mapped mining land area","original_value":14.94553621355376,"original_unit":"km²","source_row":16631,"estimated":true}},{"type":"Feature","id":"maus-43371","geometry":{"type":"Point","coordinates":[69.604133,43.664322]},"properties":{"id":"maus-43371","type":"mining-area","name":"Mapped mining area 43371","country":"KAZ","source_id":"maus-mining-2022","year":2019,"value":14.937288617031637,"unit":"km²","metric":"Mapped mining land area","original_value":14.937288617031637,"original_unit":"km²","source_row":43371,"estimated":true}},{"type":"Feature","id":"maus-43340","geometry":{"type":"Point","coordinates":[110.730999,0.011352]},"properties":{"id":"maus-43340","type":"mining-area","name":"Mapped mining area 43340","country":"IDN","source_id":"maus-mining-2022","year":2019,"value":14.899696536517547,"unit":"km²","metric":"Mapped mining land area","original_value":14.899696536517547,"original_unit":"km²","source_row":43340,"estimated":true}},{"type":"Feature","id":"maus-2550","geometry":{"type":"Point","coordinates":[15.202438,-26.91075]},"properties":{"id":"maus-2550","type":"mining-area","name":"Mapped mining area 2550","country":"NAM","source_id":"maus-mining-2022","year":2019,"value":14.894329235072922,"unit":"km²","metric":"Mapped mining land area","original_value":14.894329235072922,"original_unit":"km²","source_row":2550,"estimated":true}},{"type":"Feature","id":"maus-6701","geometry":{"type":"Point","coordinates":[86.081838,23.69095]},"properties":{"id":"maus-6701","type":"mining-area","name":"Mapped mining area 6701","country":"IND","source_id":"maus-mining-2022","year":2019,"value":14.853737100044803,"unit":"km²","metric":"Mapped mining land area","original_value":14.853737100044803,"original_unit":"km²","source_row":6701,"estimated":true}},{"type":"Feature","id":"maus-44824","geometry":{"type":"Point","coordinates":[139.958891,69.331132]},"properties":{"id":"maus-44824","type":"mining-area","name":"Mapped mining area 44824","country":"RUS","source_id":"maus-mining-2022","year":2019,"value":14.853184141037499,"unit":"km²","metric":"Mapped mining land area","original_value":14.853184141037499,"original_unit":"km²","source_row":44824,"estimated":true}},{"type":"Feature","id":"maus-14766","geometry":{"type":"Point","coordinates":[111.609949,38.04435]},"properties":{"id":"maus-14766","type":"mining-area","name":"Mapped mining area 14766","country":"CHN","source_id":"maus-mining-2022","year":2019,"value":14.810850860676268,"unit":"km²","metric":"Mapped mining land area","original_value":14.810850860676268,"original_unit":"km²","source_row":14766,"estimated":true}},{"type":"Feature","id":"maus-43931","geometry":{"type":"Point","coordinates":[117.261153,0.071949]},"properties":{"id":"maus-43931","type":"mining-area","name":"Mapped mining area 43931","country":"IDN","source_id":"maus-mining-2022","year":2019,"value":14.807978006592732,"unit":"km²","metric":"Mapped mining land area","original_value":14.807978006592732,"original_unit":"km²","source_row":43931,"estimated":true}},{"type":"Feature","id":"maus-22092","geometry":{"type":"Point","coordinates":[-65.08154,-9.47226]},"properties":{"id":"maus-22092","type":"mining-area","name":"Mapped mining area 22092","country":"BRA","source_id":"maus-mining-2022","year":2019,"value":14.796787332634292,"unit":"km²","metric":"Mapped mining land area","original_value":14.796787332634292,"original_unit":"km²","source_row":22092,"estimated":true}},{"type":"Feature","id":"maus-11466","geometry":{"type":"Point","coordinates":[12.39022,51.12075]},"properties":{"id":"maus-11466","type":"mining-area","name":"Mapped mining area 11466","country":"DEU","source_id":"maus-mining-2022","year":2019,"value":14.786872894700167,"unit":"km²","metric":"Mapped mining land area","original_value":14.786872894700167,"original_unit":"km²","source_row":11466,"estimated":true}},{"type":"Feature","id":"maus-44584","geometry":{"type":"Point","coordinates":[119.129845,53.4402]},"properties":{"id":"maus-44584","type":"mining-area","name":"Mapped mining area 44584","country":"RUS","source_id":"maus-mining-2022","year":2019,"value":14.777052053820379,"unit":"km²","metric":"Mapped mining land area","original_value":14.777052053820379,"original_unit":"km²","source_row":44584,"estimated":true}},{"type":"Feature","id":"maus-43276","geometry":{"type":"Point","coordinates":[115.357628,-0.469744]},"properties":{"id":"maus-43276","type":"mining-area","name":"Mapped mining area 43276","country":"IDN","source_id":"maus-mining-2022","year":2019,"value":14.736578600227674,"unit":"km²","metric":"Mapped mining land area","original_value":14.736578600227674,"original_unit":"km²","source_row":43276,"estimated":true}},{"type":"Feature","id":"maus-44260","geometry":{"type":"Point","coordinates":[-2.167105,5.395712]},"properties":{"id":"maus-44260","type":"mining-area","name":"Mapped mining area 44260","country":"GHA","source_id":"maus-mining-2022","year":2019,"value":14.733928284178342,"unit":"km²","metric":"Mapped mining land area","original_value":14.733928284178342,"original_unit":"km²","source_row":44260,"estimated":true}},{"type":"Feature","id":"maus-44731","geometry":{"type":"Point","coordinates":[-71.064411,-32.484551]},"properties":{"id":"maus-44731","type":"mining-area","name":"Mapped mining area 44731","country":"CHL","source_id":"maus-mining-2022","year":2019,"value":14.732369672445921,"unit":"km²","metric":"Mapped mining land area","original_value":14.732369672445921,"original_unit":"km²","source_row":44731,"estimated":true}},{"type":"Feature","id":"maus-199","geometry":{"type":"Point","coordinates":[165.743386,-21.4078]},"properties":{"id":"maus-199","type":"mining-area","name":"Mapped mining area 199","country":"NCL","source_id":"maus-mining-2022","year":2019,"value":14.691094122378665,"unit":"km²","metric":"Mapped mining land area","original_value":14.691094122378665,"original_unit":"km²","source_row":199,"estimated":true}},{"type":"Feature","id":"maus-15902","geometry":{"type":"Point","coordinates":[-108.792594,41.74585]},"properties":{"id":"maus-15902","type":"mining-area","name":"Mapped mining area 15902","country":"USA","source_id":"maus-mining-2022","year":2019,"value":14.677602541396922,"unit":"km²","metric":"Mapped mining land area","original_value":14.677602541396922,"original_unit":"km²","source_row":15902,"estimated":true}},{"type":"Feature","id":"maus-15268","geometry":{"type":"Point","coordinates":[110.336273,39.4355]},"properties":{"id":"maus-15268","type":"mining-area","name":"Mapped mining area 15268","country":"CHN","source_id":"maus-mining-2022","year":2019,"value":14.67405799488342,"unit":"km²","metric":"Mapped mining land area","original_value":14.67405799488342,"original_unit":"km²","source_row":15268,"estimated":true}},{"type":"Feature","id":"maus-44048","geometry":{"type":"Point","coordinates":[141.919228,-12.38975]},"properties":{"id":"maus-44048","type":"mining-area","name":"Mapped mining area 44048","country":"AUS","source_id":"maus-mining-2022","year":2019,"value":14.667974891362489,"unit":"km²","metric":"Mapped mining land area","original_value":14.667974891362489,"original_unit":"km²","source_row":44048,"estimated":true}},{"type":"Feature","id":"maus-24784","geometry":{"type":"Point","coordinates":[-138.782849,63.410332]},"properties":{"id":"maus-24784","type":"mining-area","name":"Mapped mining area 24784","country":"CAN","source_id":"maus-mining-2022","year":2019,"value":14.662088524050901,"unit":"km²","metric":"Mapped mining land area","original_value":14.662088524050901,"original_unit":"km²","source_row":24784,"estimated":true}},{"type":"Feature","id":"maus-16536","geometry":{"type":"Point","coordinates":[-101.132792,47.38705]},"properties":{"id":"maus-16536","type":"mining-area","name":"Mapped mining area 16536","country":"USA","source_id":"maus-mining-2022","year":2019,"value":14.647579363665187,"unit":"km²","metric":"Mapped mining land area","original_value":14.647579363665187,"original_unit":"km²","source_row":16536,"estimated":true}},{"type":"Feature","id":"maus-4861","geometry":{"type":"Point","coordinates":[-51.886756,0.8688]},"properties":{"id":"maus-4861","type":"mining-area","name":"Mapped mining area 4861","country":"BRA","source_id":"maus-mining-2022","year":2019,"value":14.637838083512642,"unit":"km²","metric":"Mapped mining land area","original_value":14.637838083512642,"original_unit":"km²","source_row":4861,"estimated":true}},{"type":"Feature","id":"maus-6842","geometry":{"type":"Point","coordinates":[86.436305,23.73595]},"properties":{"id":"maus-6842","type":"mining-area","name":"Mapped mining area 6842","country":"IND","source_id":"maus-mining-2022","year":2019,"value":14.63531592310614,"unit":"km²","metric":"Mapped mining land area","original_value":14.63531592310614,"original_unit":"km²","source_row":6842,"estimated":true}},{"type":"Feature","id":"maus-20917","geometry":{"type":"Point","coordinates":[151.327499,-23.923895]},"properties":{"id":"maus-20917","type":"mining-area","name":"Mapped mining area 20917","country":"AUS","source_id":"maus-mining-2022","year":2019,"value":14.62442473977013,"unit":"km²","metric":"Mapped mining land area","original_value":14.62442473977013,"original_unit":"km²","source_row":20917,"estimated":true}},{"type":"Feature","id":"maus-39665","geometry":{"type":"Point","coordinates":[8.459162,34.399545]},"properties":{"id":"maus-39665","type":"mining-area","name":"Mapped mining area 39665","country":"TUN","source_id":"maus-mining-2022","year":2019,"value":14.619208974579848,"unit":"km²","metric":"Mapped mining land area","original_value":14.619208974579848,"original_unit":"km²","source_row":39665,"estimated":true}},{"type":"Feature","id":"maus-44328","geometry":{"type":"Point","coordinates":[-61.737195,6.827128]},"properties":{"id":"maus-44328","type":"mining-area","name":"Mapped mining area 44328","country":"VEN","source_id":"maus-mining-2022","year":2019,"value":14.579986622886318,"unit":"km²","metric":"Mapped mining land area","original_value":14.579986622886318,"original_unit":"km²","source_row":44328,"estimated":true}},{"type":"Feature","id":"maus-16425","geometry":{"type":"Point","coordinates":[-105.53779,44.47355]},"properties":{"id":"maus-16425","type":"mining-area","name":"Mapped mining area 16425","country":"USA","source_id":"maus-mining-2022","year":2019,"value":14.564391463164059,"unit":"km²","metric":"Mapped mining land area","original_value":14.564391463164059,"original_unit":"km²","source_row":16425,"estimated":true}},{"type":"Feature","id":"maus-44627","geometry":{"type":"Point","coordinates":[117.107973,65.0103]},"properties":{"id":"maus-44627","type":"mining-area","name":"Mapped mining area 44627","country":"RUS","source_id":"maus-mining-2022","year":2019,"value":14.524882194859806,"unit":"km²","metric":"Mapped mining land area","original_value":14.524882194859806,"original_unit":"km²","source_row":44627,"estimated":true}},{"type":"Feature","id":"maus-30574","geometry":{"type":"Point","coordinates":[58.047584,50.57746]},"properties":{"id":"maus-30574","type":"mining-area","name":"Mapped mining area 30574","country":"KAZ","source_id":"maus-mining-2022","year":2019,"value":14.509365985570199,"unit":"km²","metric":"Mapped mining land area","original_value":14.509365985570199,"original_unit":"km²","source_row":30574,"estimated":true}},{"type":"Feature","id":"maus-41456","geometry":{"type":"Point","coordinates":[-55.294326,-6.006978]},"properties":{"id":"maus-41456","type":"mining-area","name":"Mapped mining area 41456","country":"BRA","source_id":"maus-mining-2022","year":2019,"value":14.474426528223123,"unit":"km²","metric":"Mapped mining land area","original_value":14.474426528223123,"original_unit":"km²","source_row":41456,"estimated":true}},{"type":"Feature","id":"maus-15096","geometry":{"type":"Point","coordinates":[113.675927,37.4792]},"properties":{"id":"maus-15096","type":"mining-area","name":"Mapped mining area 15096","country":"CHN","source_id":"maus-mining-2022","year":2019,"value":14.472367174401317,"unit":"km²","metric":"Mapped mining land area","original_value":14.472367174401317,"original_unit":"km²","source_row":15096,"estimated":true}},{"type":"Feature","id":"maus-487","geometry":{"type":"Point","coordinates":[144.506024,-36.70255]},"properties":{"id":"maus-487","type":"mining-area","name":"Mapped mining area 487","country":"AUS","source_id":"maus-mining-2022","year":2019,"value":14.454735626903428,"unit":"km²","metric":"Mapped mining land area","original_value":14.454735626903428,"original_unit":"km²","source_row":487,"estimated":true}},{"type":"Feature","id":"maus-12073","geometry":{"type":"Point","coordinates":[35.422569,52.3177]},"properties":{"id":"maus-12073","type":"mining-area","name":"Mapped mining area 12073","country":"RUS","source_id":"maus-mining-2022","year":2019,"value":14.41753447446415,"unit":"km²","metric":"Mapped mining land area","original_value":14.41753447446415,"original_unit":"km²","source_row":12073,"estimated":true}},{"type":"Feature","id":"maus-17188","geometry":{"type":"Point","coordinates":[-117.238041,41.2176]},"properties":{"id":"maus-17188","type":"mining-area","name":"Mapped mining area 17188","country":"USA","source_id":"maus-mining-2022","year":2019,"value":14.402449533172524,"unit":"km²","metric":"Mapped mining land area","original_value":14.402449533172524,"original_unit":"km²","source_row":17188,"estimated":true}},{"type":"Feature","id":"maus-35636","geometry":{"type":"Point","coordinates":[29.818406,37.794458]},"properties":{"id":"maus-35636","type":"mining-area","name":"Mapped mining area 35636","country":"TUR","source_id":"maus-mining-2022","year":2019,"value":14.386432129616143,"unit":"km²","metric":"Mapped mining land area","original_value":14.386432129616143,"original_unit":"km²","source_row":35636,"estimated":true}},{"type":"Feature","id":"maus-9893","geometry":{"type":"Point","coordinates":[33.410477,47.988]},"properties":{"id":"maus-9893","type":"mining-area","name":"Mapped mining area 9893","country":"UKR","source_id":"maus-mining-2022","year":2019,"value":14.374038401874468,"unit":"km²","metric":"Mapped mining land area","original_value":14.374038401874468,"original_unit":"km²","source_row":9893,"estimated":true}},{"type":"Feature","id":"maus-4556","geometry":{"type":"Point","coordinates":[-56.40355,-1.7357]},"properties":{"id":"maus-4556","type":"mining-area","name":"Mapped mining area 4556","country":"BRA","source_id":"maus-mining-2022","year":2019,"value":14.36151054808669,"unit":"km²","metric":"Mapped mining land area","original_value":14.36151054808669,"original_unit":"km²","source_row":4556,"estimated":true}},{"type":"Feature","id":"maus-43224","geometry":{"type":"Point","coordinates":[-0.489565,6.381176]},"properties":{"id":"maus-43224","type":"mining-area","name":"Mapped mining area 43224","country":"GHA","source_id":"maus-mining-2022","year":2019,"value":14.357817918159375,"unit":"km²","metric":"Mapped mining land area","original_value":14.357817918159375,"original_unit":"km²","source_row":43224,"estimated":true}},{"type":"Feature","id":"maus-44174","geometry":{"type":"Point","coordinates":[33.605745,-3.51115]},"properties":{"id":"maus-44174","type":"mining-area","name":"Mapped mining area 44174","country":"TZA","source_id":"maus-mining-2022","year":2019,"value":14.340991683268546,"unit":"km²","metric":"Mapped mining land area","original_value":14.340991683268546,"original_unit":"km²","source_row":44174,"estimated":true}},{"type":"Feature","id":"maus-36239","geometry":{"type":"Point","coordinates":[27.19343,-17.348672]},"properties":{"id":"maus-36239","type":"mining-area","name":"Mapped mining area 36239","country":"ZMB","source_id":"maus-mining-2022","year":2019,"value":14.287313898434592,"unit":"km²","metric":"Mapped mining land area","original_value":14.287313898434592,"original_unit":"km²","source_row":36239,"estimated":true}},{"type":"Feature","id":"maus-42750","geometry":{"type":"Point","coordinates":[-60.721409,7.593768]},"properties":{"id":"maus-42750","type":"mining-area","name":"Mapped mining area 42750","country":"VEN","source_id":"maus-mining-2022","year":2019,"value":14.263315345113883,"unit":"km²","metric":"Mapped mining land area","original_value":14.263315345113883,"original_unit":"km²","source_row":42750,"estimated":true}},{"type":"Feature","id":"maus-15466","geometry":{"type":"Point","coordinates":[61.739791,57.14975]},"properties":{"id":"maus-15466","type":"mining-area","name":"Mapped mining area 15466","country":"RUS","source_id":"maus-mining-2022","year":2019,"value":14.24407352935532,"unit":"km²","metric":"Mapped mining land area","original_value":14.24407352935532,"original_unit":"km²","source_row":15466,"estimated":true}},{"type":"Feature","id":"maus-11965","geometry":{"type":"Point","coordinates":[67.519062,45.37245]},"properties":{"id":"maus-11965","type":"mining-area","name":"Mapped mining area 11965","country":"KAZ","source_id":"maus-mining-2022","year":2019,"value":14.23856258508415,"unit":"km²","metric":"Mapped mining land area","original_value":14.23856258508415,"original_unit":"km²","source_row":11965,"estimated":true}},{"type":"Feature","id":"maus-38595","geometry":{"type":"Point","coordinates":[111.573282,57.027643]},"properties":{"id":"maus-38595","type":"mining-area","name":"Mapped mining area 38595","country":"RUS","source_id":"maus-mining-2022","year":2019,"value":14.220023577873643,"unit":"km²","metric":"Mapped mining land area","original_value":14.220023577873643,"original_unit":"km²","source_row":38595,"estimated":true}},{"type":"Feature","id":"maus-38593","geometry":{"type":"Point","coordinates":[112.232928,57.399596]},"properties":{"id":"maus-38593","type":"mining-area","name":"Mapped mining area 38593","country":"RUS","source_id":"maus-mining-2022","year":2019,"value":14.202721255553667,"unit":"km²","metric":"Mapped mining land area","original_value":14.202721255553667,"original_unit":"km²","source_row":38593,"estimated":true}},{"type":"Feature","id":"maus-14839","geometry":{"type":"Point","coordinates":[69.19885,53.4039]},"properties":{"id":"maus-14839","type":"mining-area","name":"Mapped mining area 14839","country":"KAZ","source_id":"maus-mining-2022","year":2019,"value":14.195292713626694,"unit":"km²","metric":"Mapped mining land area","original_value":14.195292713626694,"original_unit":"km²","source_row":14839,"estimated":true}},{"type":"Feature","id":"maus-6094","geometry":{"type":"Point","coordinates":[79.32073,20.01635]},"properties":{"id":"maus-6094","type":"mining-area","name":"Mapped mining area 6094","country":"IND","source_id":"maus-mining-2022","year":2019,"value":14.188382156546847,"unit":"km²","metric":"Mapped mining land area","original_value":14.188382156546847,"original_unit":"km²","source_row":6094,"estimated":true}},{"type":"Feature","id":"maus-16848","geometry":{"type":"Point","coordinates":[86.61991,54.05045]},"properties":{"id":"maus-16848","type":"mining-area","name":"Mapped mining area 16848","country":"RUS","source_id":"maus-mining-2022","year":2019,"value":14.185962250756319,"unit":"km²","metric":"Mapped mining land area","original_value":14.185962250756319,"original_unit":"km²","source_row":16848,"estimated":true}},{"type":"Feature","id":"maus-6402","geometry":{"type":"Point","coordinates":[83.53134,22.12165]},"properties":{"id":"maus-6402","type":"mining-area","name":"Mapped mining area 6402","country":"IND","source_id":"maus-mining-2022","year":2019,"value":14.18428874275377,"unit":"km²","metric":"Mapped mining land area","original_value":14.18428874275377,"original_unit":"km²","source_row":6402,"estimated":true}},{"type":"Feature","id":"maus-11665","geometry":{"type":"Point","coordinates":[78.148499,41.89915]},"properties":{"id":"maus-11665","type":"mining-area","name":"Mapped mining area 11665","country":"KGZ","source_id":"maus-mining-2022","year":2019,"value":14.17616865348124,"unit":"km²","metric":"Mapped mining land area","original_value":14.17616865348124,"original_unit":"km²","source_row":11665,"estimated":true}},{"type":"Feature","id":"maus-5084","geometry":{"type":"Point","coordinates":[-55.113164,5.5927]},"properties":{"id":"maus-5084","type":"mining-area","name":"Mapped mining area 5084","country":"SUR","source_id":"maus-mining-2022","year":2019,"value":14.173981562635127,"unit":"km²","metric":"Mapped mining land area","original_value":14.173981562635127,"original_unit":"km²","source_row":5084,"estimated":true}},{"type":"Feature","id":"maus-19342","geometry":{"type":"Point","coordinates":[139.748271,53.9578]},"properties":{"id":"maus-19342","type":"mining-area","name":"Mapped mining area 19342","country":"RUS","source_id":"maus-mining-2022","year":2019,"value":14.173803502209925,"unit":"km²","metric":"Mapped mining land area","original_value":14.173803502209925,"original_unit":"km²","source_row":19342,"estimated":true}},{"type":"Feature","id":"maus-17461","geometry":{"type":"Point","coordinates":[108.372567,47.7516]},"properties":{"id":"maus-17461","type":"mining-area","name":"Mapped mining area 17461","country":"MNG","source_id":"maus-mining-2022","year":2019,"value":14.172904845762089,"unit":"km²","metric":"Mapped mining land area","original_value":14.172904845762089,"original_unit":"km²","source_row":17461,"estimated":true}},{"type":"Feature","id":"maus-43345","geometry":{"type":"Point","coordinates":[109.150583,0.661929]},"properties":{"id":"maus-43345","type":"mining-area","name":"Mapped mining area 43345","country":"IDN","source_id":"maus-mining-2022","year":2019,"value":14.172224307130167,"unit":"km²","metric":"Mapped mining land area","original_value":14.172224307130167,"original_unit":"km²","source_row":43345,"estimated":true}},{"type":"Feature","id":"maus-12047","geometry":{"type":"Point","coordinates":[-109.688514,32.94525]},"properties":{"id":"maus-12047","type":"mining-area","name":"Mapped mining area 12047","country":"USA","source_id":"maus-mining-2022","year":2019,"value":14.171698159547367,"unit":"km²","metric":"Mapped mining land area","original_value":14.171698159547367,"original_unit":"km²","source_row":12047,"estimated":true}},{"type":"Feature","id":"maus-4268","geometry":{"type":"Point","coordinates":[21.179948,-8.19645]},"properties":{"id":"maus-4268","type":"mining-area","name":"Mapped mining area 4268","country":"AGO","source_id":"maus-mining-2022","year":2019,"value":14.16856763369263,"unit":"km²","metric":"Mapped mining land area","original_value":14.16856763369263,"original_unit":"km²","source_row":4268,"estimated":true}},{"type":"Feature","id":"maus-41781","geometry":{"type":"Point","coordinates":[117.095287,51.139072]},"properties":{"id":"maus-41781","type":"mining-area","name":"Mapped mining area 41781","country":"RUS","source_id":"maus-mining-2022","year":2019,"value":14.168480166317899,"unit":"km²","metric":"Mapped mining land area","original_value":14.168480166317899,"original_unit":"km²","source_row":41781,"estimated":true}},{"type":"Feature","id":"maus-19412","geometry":{"type":"Point","coordinates":[146.65874,63.2961]},"properties":{"id":"maus-19412","type":"mining-area","name":"Mapped mining area 19412","country":"RUS","source_id":"maus-mining-2022","year":2019,"value":14.159872749626613,"unit":"km²","metric":"Mapped mining land area","original_value":14.159872749626613,"original_unit":"km²","source_row":19412,"estimated":true}},{"type":"Feature","id":"maus-42107","geometry":{"type":"Point","coordinates":[-54.10489,3.591231]},"properties":{"id":"maus-42107","type":"mining-area","name":"Mapped mining area 42107","country":"SUR","source_id":"maus-mining-2022","year":2019,"value":14.15893726683226,"unit":"km²","metric":"Mapped mining land area","original_value":14.15893726683226,"original_unit":"km²","source_row":42107,"estimated":true}},{"type":"Feature","id":"maus-43832","geometry":{"type":"Point","coordinates":[95.377241,23.560964]},"properties":{"id":"maus-43832","type":"mining-area","name":"Mapped mining area 43832","country":"MMR","source_id":"maus-mining-2022","year":2019,"value":14.155556542038228,"unit":"km²","metric":"Mapped mining land area","original_value":14.155556542038228,"original_unit":"km²","source_row":43832,"estimated":true}},{"type":"Feature","id":"maus-17877","geometry":{"type":"Point","coordinates":[100.713079,54.4597]},"properties":{"id":"maus-17877","type":"mining-area","name":"Mapped mining area 17877","country":"RUS","source_id":"maus-mining-2022","year":2019,"value":14.133278931085476,"unit":"km²","metric":"Mapped mining land area","original_value":14.133278931085476,"original_unit":"km²","source_row":17877,"estimated":true}},{"type":"Feature","id":"maus-14696","geometry":{"type":"Point","coordinates":[74.319957,51.85555]},"properties":{"id":"maus-14696","type":"mining-area","name":"Mapped mining area 14696","country":"KAZ","source_id":"maus-mining-2022","year":2019,"value":14.131754274564338,"unit":"km²","metric":"Mapped mining land area","original_value":14.131754274564338,"original_unit":"km²","source_row":14696,"estimated":true}},{"type":"Feature","id":"maus-18288","geometry":{"type":"Point","coordinates":[113.013518,51.6161]},"properties":{"id":"maus-18288","type":"mining-area","name":"Mapped mining area 18288","country":"RUS","source_id":"maus-mining-2022","year":2019,"value":14.123316165089886,"unit":"km²","metric":"Mapped mining land area","original_value":14.123316165089886,"original_unit":"km²","source_row":18288,"estimated":true}},{"type":"Feature","id":"maus-44325","geometry":{"type":"Point","coordinates":[-61.878813,6.384968]},"properties":{"id":"maus-44325","type":"mining-area","name":"Mapped mining area 44325","country":"VEN","source_id":"maus-mining-2022","year":2019,"value":14.074181758920233,"unit":"km²","metric":"Mapped mining land area","original_value":14.074181758920233,"original_unit":"km²","source_row":44325,"estimated":true}},{"type":"Feature","id":"maus-9516","geometry":{"type":"Point","coordinates":[-82.057376,37.7277]},"properties":{"id":"maus-9516","type":"mining-area","name":"Mapped mining area 9516","country":"USA","source_id":"maus-mining-2022","year":2019,"value":14.06416054427367,"unit":"km²","metric":"Mapped mining land area","original_value":14.06416054427367,"original_unit":"km²","source_row":9516,"estimated":true}},{"type":"Feature","id":"maus-23584","geometry":{"type":"Point","coordinates":[-56.487973,-5.789699]},"properties":{"id":"maus-23584","type":"mining-area","name":"Mapped mining area 23584","country":"BRA","source_id":"maus-mining-2022","year":2019,"value":14.052393625840537,"unit":"km²","metric":"Mapped mining land area","original_value":14.052393625840537,"original_unit":"km²","source_row":23584,"estimated":true}},{"type":"Feature","id":"maus-23326","geometry":{"type":"Point","coordinates":[-47.129946,-1.480605]},"properties":{"id":"maus-23326","type":"mining-area","name":"Mapped mining area 23326","country":"BRA","source_id":"maus-mining-2022","year":2019,"value":14.03631486656527,"unit":"km²","metric":"Mapped mining land area","original_value":14.03631486656527,"original_unit":"km²","source_row":23326,"estimated":true}},{"type":"Feature","id":"maus-41416","geometry":{"type":"Point","coordinates":[-57.558472,-6.52723]},"properties":{"id":"maus-41416","type":"mining-area","name":"Mapped mining area 41416","country":"BRA","source_id":"maus-mining-2022","year":2019,"value":14.035135899359013,"unit":"km²","metric":"Mapped mining land area","original_value":14.035135899359013,"original_unit":"km²","source_row":41416,"estimated":true}},{"type":"Feature","id":"maus-16625","geometry":{"type":"Point","coordinates":[-101.080524,47.4731]},"properties":{"id":"maus-16625","type":"mining-area","name":"Mapped mining area 16625","country":"USA","source_id":"maus-mining-2022","year":2019,"value":14.02738765654708,"unit":"km²","metric":"Mapped mining land area","original_value":14.02738765654708,"original_unit":"km²","source_row":16625,"estimated":true}},{"type":"Feature","id":"maus-31718","geometry":{"type":"Point","coordinates":[107.245367,47.516237]},"properties":{"id":"maus-31718","type":"mining-area","name":"Mapped mining area 31718","country":"MNG","source_id":"maus-mining-2022","year":2019,"value":14.027177946092747,"unit":"km²","metric":"Mapped mining land area","original_value":14.027177946092747,"original_unit":"km²","source_row":31718,"estimated":true}},{"type":"Feature","id":"maus-44562","geometry":{"type":"Point","coordinates":[107.008718,49.405621]},"properties":{"id":"maus-44562","type":"mining-area","name":"Mapped mining area 44562","country":"MNG","source_id":"maus-mining-2022","year":2019,"value":14.025271632165095,"unit":"km²","metric":"Mapped mining land area","original_value":14.025271632165095,"original_unit":"km²","source_row":44562,"estimated":true}},{"type":"Feature","id":"maus-41507","geometry":{"type":"Point","coordinates":[-56.406172,-7.270679]},"properties":{"id":"maus-41507","type":"mining-area","name":"Mapped mining area 41507","country":"BRA","source_id":"maus-mining-2022","year":2019,"value":14.014002607675643,"unit":"km²","metric":"Mapped mining land area","original_value":14.014002607675643,"original_unit":"km²","source_row":41507,"estimated":true}},{"type":"Feature","id":"maus-8734","geometry":{"type":"Point","coordinates":[22.985051,44.84785]},"properties":{"id":"maus-8734","type":"mining-area","name":"Mapped mining area 8734","country":"ROU","source_id":"maus-mining-2022","year":2019,"value":14.008475401041258,"unit":"km²","metric":"Mapped mining land area","original_value":14.008475401041258,"original_unit":"km²","source_row":8734,"estimated":true}},{"type":"Feature","id":"maus-44877","geometry":{"type":"Point","coordinates":[139.685792,58.525678]},"properties":{"id":"maus-44877","type":"mining-area","name":"Mapped mining area 44877","country":"RUS","source_id":"maus-mining-2022","year":2019,"value":13.945315210207898,"unit":"km²","metric":"Mapped mining land area","original_value":13.945315210207898,"original_unit":"km²","source_row":44877,"estimated":true}},{"type":"Feature","id":"maus-30280","geometry":{"type":"Point","coordinates":[59.121067,50.490989]},"properties":{"id":"maus-30280","type":"mining-area","name":"Mapped mining area 30280","country":"KAZ","source_id":"maus-mining-2022","year":2019,"value":13.929578339410305,"unit":"km²","metric":"Mapped mining land area","original_value":13.929578339410305,"original_unit":"km²","source_row":30280,"estimated":true}},{"type":"Feature","id":"maus-5380","geometry":{"type":"Point","coordinates":[-11.710165,8.9805]},"properties":{"id":"maus-5380","type":"mining-area","name":"Mapped mining area 5380","country":"SLE","source_id":"maus-mining-2022","year":2019,"value":13.929123601226038,"unit":"km²","metric":"Mapped mining land area","original_value":13.929123601226038,"original_unit":"km²","source_row":5380,"estimated":true}},{"type":"Feature","id":"maus-16760","geometry":{"type":"Point","coordinates":[87.671884,53.5665]},"properties":{"id":"maus-16760","type":"mining-area","name":"Mapped mining area 16760","country":"RUS","source_id":"maus-mining-2022","year":2019,"value":13.918829453382676,"unit":"km²","metric":"Mapped mining land area","original_value":13.918829453382676,"original_unit":"km²","source_row":16760,"estimated":true}},{"type":"Feature","id":"maus-4572","geometry":{"type":"Point","coordinates":[115.331781,-1.96335]},"properties":{"id":"maus-4572","type":"mining-area","name":"Mapped mining area 4572","country":"IDN","source_id":"maus-mining-2022","year":2019,"value":13.907947601209438,"unit":"km²","metric":"Mapped mining land area","original_value":13.907947601209438,"original_unit":"km²","source_row":4572,"estimated":true}},{"type":"Feature","id":"maus-44170","geometry":{"type":"Point","coordinates":[114.465975,-1.117576]},"properties":{"id":"maus-44170","type":"mining-area","name":"Mapped mining area 44170","country":"IDN","source_id":"maus-mining-2022","year":2019,"value":13.906947760391295,"unit":"km²","metric":"Mapped mining land area","original_value":13.906947760391295,"original_unit":"km²","source_row":44170,"estimated":true}},{"type":"Feature","id":"maus-2279","geometry":{"type":"Point","coordinates":[26.709672,-28.1997]},"properties":{"id":"maus-2279","type":"mining-area","name":"Mapped mining area 2279","country":"ZAF","source_id":"maus-mining-2022","year":2019,"value":13.884371451794058,"unit":"km²","metric":"Mapped mining land area","original_value":13.884371451794058,"original_unit":"km²","source_row":2279,"estimated":true}},{"type":"Feature","id":"maus-38713","geometry":{"type":"Point","coordinates":[149.603588,62.342811]},"properties":{"id":"maus-38713","type":"mining-area","name":"Mapped mining area 38713","country":"RUS","source_id":"maus-mining-2022","year":2019,"value":13.867638144647259,"unit":"km²","metric":"Mapped mining land area","original_value":13.867638144647259,"original_unit":"km²","source_row":38713,"estimated":true}},{"type":"Feature","id":"maus-44274","geometry":{"type":"Point","coordinates":[-1.694238,6.088098]},"properties":{"id":"maus-44274","type":"mining-area","name":"Mapped mining area 44274","country":"GHA","source_id":"maus-mining-2022","year":2019,"value":13.844990845660739,"unit":"km²","metric":"Mapped mining land area","original_value":13.844990845660739,"original_unit":"km²","source_row":44274,"estimated":true}},{"type":"Feature","id":"maus-17595","geometry":{"type":"Point","coordinates":[-101.755341,47.42795]},"properties":{"id":"maus-17595","type":"mining-area","name":"Mapped mining area 17595","country":"USA","source_id":"maus-mining-2022","year":2019,"value":13.832876948197395,"unit":"km²","metric":"Mapped mining land area","original_value":13.832876948197395,"original_unit":"km²","source_row":17595,"estimated":true}},{"type":"Feature","id":"maus-16606","geometry":{"type":"Point","coordinates":[-101.836098,47.3378]},"properties":{"id":"maus-16606","type":"mining-area","name":"Mapped mining area 16606","country":"USA","source_id":"maus-mining-2022","year":2019,"value":13.766741311205923,"unit":"km²","metric":"Mapped mining land area","original_value":13.766741311205923,"original_unit":"km²","source_row":16606,"estimated":true}},{"type":"Feature","id":"maus-20039","geometry":{"type":"Point","coordinates":[134.624403,-28.849338]},"properties":{"id":"maus-20039","type":"mining-area","name":"Mapped mining area 20039","country":"AUS","source_id":"maus-mining-2022","year":2019,"value":13.76250629222859,"unit":"km²","metric":"Mapped mining land area","original_value":13.76250629222859,"original_unit":"km²","source_row":20039,"estimated":true}},{"type":"Feature","id":"maus-3930","geometry":{"type":"Point","coordinates":[28.472549,-12.7328]},"properties":{"id":"maus-3930","type":"mining-area","name":"Mapped mining area 3930","country":"COD","source_id":"maus-mining-2022","year":2019,"value":13.754433364374478,"unit":"km²","metric":"Mapped mining land area","original_value":13.754433364374478,"original_unit":"km²","source_row":3930,"estimated":true}},{"type":"Feature","id":"maus-16888","geometry":{"type":"Point","coordinates":[-116.303849,40.904]},"properties":{"id":"maus-16888","type":"mining-area","name":"Mapped mining area 16888","country":"USA","source_id":"maus-mining-2022","year":2019,"value":13.739902556044015,"unit":"km²","metric":"Mapped mining land area","original_value":13.739902556044015,"original_unit":"km²","source_row":16888,"estimated":true}},{"type":"Feature","id":"maus-9916","geometry":{"type":"Point","coordinates":[37.648088,47.72985]},"properties":{"id":"maus-9916","type":"mining-area","name":"Mapped mining area 9916","country":"UKR","source_id":"maus-mining-2022","year":2019,"value":13.73557642703894,"unit":"km²","metric":"Mapped mining land area","original_value":13.73557642703894,"original_unit":"km²","source_row":9916,"estimated":true}},{"type":"Feature","id":"maus-8681","geometry":{"type":"Point","coordinates":[-93.619558,31.9782]},"properties":{"id":"maus-8681","type":"mining-area","name":"Mapped mining area 8681","country":"USA","source_id":"maus-mining-2022","year":2019,"value":13.731202690594891,"unit":"km²","metric":"Mapped mining land area","original_value":13.731202690594891,"original_unit":"km²","source_row":8681,"estimated":true}},{"type":"Feature","id":"maus-5471","geometry":{"type":"Point","coordinates":[-10.047808,11.7511]},"properties":{"id":"maus-5471","type":"mining-area","name":"Mapped mining area 5471","country":"GIN","source_id":"maus-mining-2022","year":2019,"value":13.729549183740106,"unit":"km²","metric":"Mapped mining land area","original_value":13.729549183740106,"original_unit":"km²","source_row":5471,"estimated":true}},{"type":"Feature","id":"maus-17890","geometry":{"type":"Point","coordinates":[-97.809902,55.70775]},"properties":{"id":"maus-17890","type":"mining-area","name":"Mapped mining area 17890","country":"CAN","source_id":"maus-mining-2022","year":2019,"value":13.66570613016417,"unit":"km²","metric":"Mapped mining land area","original_value":13.66570613016417,"original_unit":"km²","source_row":17890,"estimated":true}},{"type":"Feature","id":"maus-1876","geometry":{"type":"Point","coordinates":[117.680353,-23.2601]},"properties":{"id":"maus-1876","type":"mining-area","name":"Mapped mining area 1876","country":"AUS","source_id":"maus-mining-2022","year":2019,"value":13.658408838809182,"unit":"km²","metric":"Mapped mining land area","original_value":13.658408838809182,"original_unit":"km²","source_row":1876,"estimated":true}},{"type":"Feature","id":"maus-20152","geometry":{"type":"Point","coordinates":[-68.952227,-38.819916]},"properties":{"id":"maus-20152","type":"mining-area","name":"Mapped mining area 20152","country":"ARG","source_id":"maus-mining-2022","year":2019,"value":13.652170063876278,"unit":"km²","metric":"Mapped mining land area","original_value":13.652170063876278,"original_unit":"km²","source_row":20152,"estimated":true}},{"type":"Feature","id":"maus-36036","geometry":{"type":"Point","coordinates":[-119.200927,38.996007]},"properties":{"id":"maus-36036","type":"mining-area","name":"Mapped mining area 36036","country":"USA","source_id":"maus-mining-2022","year":2019,"value":13.648537480068113,"unit":"km²","metric":"Mapped mining land area","original_value":13.648537480068113,"original_unit":"km²","source_row":36036,"estimated":true}},{"type":"Feature","id":"maus-4005","geometry":{"type":"Point","coordinates":[27.88628,-12.6139]},"properties":{"id":"maus-4005","type":"mining-area","name":"Mapped mining area 4005","country":"ZMB","source_id":"maus-mining-2022","year":2019,"value":13.628647339767722,"unit":"km²","metric":"Mapped mining land area","original_value":13.628647339767722,"original_unit":"km²","source_row":4005,"estimated":true}},{"type":"Feature","id":"maus-41765","geometry":{"type":"Point","coordinates":[121.414455,52.944017]},"properties":{"id":"maus-41765","type":"mining-area","name":"Mapped mining area 41765","country":"CHN","source_id":"maus-mining-2022","year":2019,"value":13.623549147344184,"unit":"km²","metric":"Mapped mining land area","original_value":13.623549147344184,"original_unit":"km²","source_row":41765,"estimated":true}},{"type":"Feature","id":"maus-27129","geometry":{"type":"Point","coordinates":[129.361462,46.157362]},"properties":{"id":"maus-27129","type":"mining-area","name":"Mapped mining area 27129","country":"CHN","source_id":"maus-mining-2022","year":2019,"value":13.615758774921975,"unit":"km²","metric":"Mapped mining land area","original_value":13.615758774921975,"original_unit":"km²","source_row":27129,"estimated":true}},{"type":"Feature","id":"maus-41907","geometry":{"type":"Point","coordinates":[126.633883,54.550158]},"properties":{"id":"maus-41907","type":"mining-area","name":"Mapped mining area 41907","country":"RUS","source_id":"maus-mining-2022","year":2019,"value":13.612964453079842,"unit":"km²","metric":"Mapped mining land area","original_value":13.612964453079842,"original_unit":"km²","source_row":41907,"estimated":true}},{"type":"Feature","id":"maus-2391","geometry":{"type":"Point","coordinates":[25.4364,-27.4714]},"properties":{"id":"maus-2391","type":"mining-area","name":"Mapped mining area 2391","country":"ZAF","source_id":"maus-mining-2022","year":2019,"value":13.60242571405027,"unit":"km²","metric":"Mapped mining land area","original_value":13.60242571405027,"original_unit":"km²","source_row":2391,"estimated":true}},{"type":"Feature","id":"maus-963","geometry":{"type":"Point","coordinates":[139.968791,-21.88435]},"properties":{"id":"maus-963","type":"mining-area","name":"Mapped mining area 963","country":"AUS","source_id":"maus-mining-2022","year":2019,"value":13.594760028917886,"unit":"km²","metric":"Mapped mining land area","original_value":13.594760028917886,"original_unit":"km²","source_row":963,"estimated":true}},{"type":"Feature","id":"maus-19159","geometry":{"type":"Point","coordinates":[124.764808,56.9463]},"properties":{"id":"maus-19159","type":"mining-area","name":"Mapped mining area 19159","country":"RUS","source_id":"maus-mining-2022","year":2019,"value":13.582574753005543,"unit":"km²","metric":"Mapped mining land area","original_value":13.582574753005543,"original_unit":"km²","source_row":19159,"estimated":true}},{"type":"Feature","id":"maus-44302","geometry":{"type":"Point","coordinates":[-58.99706,5.66695]},"properties":{"id":"maus-44302","type":"mining-area","name":"Mapped mining area 44302","country":"GUY","source_id":"maus-mining-2022","year":2019,"value":13.57829319075605,"unit":"km²","metric":"Mapped mining land area","original_value":13.57829319075605,"original_unit":"km²","source_row":44302,"estimated":true}},{"type":"Feature","id":"maus-666","geometry":{"type":"Point","coordinates":[148.914139,-23.29985]},"properties":{"id":"maus-666","type":"mining-area","name":"Mapped mining area 666","country":"AUS","source_id":"maus-mining-2022","year":2019,"value":13.577467393513299,"unit":"km²","metric":"Mapped mining land area","original_value":13.577467393513299,"original_unit":"km²","source_row":666,"estimated":true}},{"type":"Feature","id":"maus-4394","geometry":{"type":"Point","coordinates":[-50.284915,-6.03255]},"properties":{"id":"maus-4394","type":"mining-area","name":"Mapped mining area 4394","country":"BRA","source_id":"maus-mining-2022","year":2019,"value":13.574052602730665,"unit":"km²","metric":"Mapped mining land area","original_value":13.574052602730665,"original_unit":"km²","source_row":4394,"estimated":true}},{"type":"Feature","id":"maus-6027","geometry":{"type":"Point","coordinates":[79.465883,18.72855]},"properties":{"id":"maus-6027","type":"mining-area","name":"Mapped mining area 6027","country":"IND","source_id":"maus-mining-2022","year":2019,"value":13.569700275044488,"unit":"km²","metric":"Mapped mining land area","original_value":13.569700275044488,"original_unit":"km²","source_row":6027,"estimated":true}},{"type":"Feature","id":"maus-19239","geometry":{"type":"Point","coordinates":[133.059282,51.19195]},"properties":{"id":"maus-19239","type":"mining-area","name":"Mapped mining area 19239","country":"RUS","source_id":"maus-mining-2022","year":2019,"value":13.557323371603724,"unit":"km²","metric":"Mapped mining land area","original_value":13.557323371603724,"original_unit":"km²","source_row":19239,"estimated":true}},{"type":"Feature","id":"maus-14984","geometry":{"type":"Point","coordinates":[110.329267,38.83725]},"properties":{"id":"maus-14984","type":"mining-area","name":"Mapped mining area 14984","country":"CHN","source_id":"maus-mining-2022","year":2019,"value":13.545132742096062,"unit":"km²","metric":"Mapped mining land area","original_value":13.545132742096062,"original_unit":"km²","source_row":14984,"estimated":true}},{"type":"Feature","id":"maus-15295","geometry":{"type":"Point","coordinates":[106.844325,40.956]},"properties":{"id":"maus-15295","type":"mining-area","name":"Mapped mining area 15295","country":"CHN","source_id":"maus-mining-2022","year":2019,"value":13.54439723920632,"unit":"km²","metric":"Mapped mining land area","original_value":13.54439723920632,"original_unit":"km²","source_row":15295,"estimated":true}},{"type":"Feature","id":"maus-41451","geometry":{"type":"Point","coordinates":[-57.386458,-5.690051]},"properties":{"id":"maus-41451","type":"mining-area","name":"Mapped mining area 41451","country":"BRA","source_id":"maus-mining-2022","year":2019,"value":13.534447121749311,"unit":"km²","metric":"Mapped mining land area","original_value":13.534447121749311,"original_unit":"km²","source_row":41451,"estimated":true}},{"type":"Feature","id":"maus-5646","geometry":{"type":"Point","coordinates":[117.420166,8.57025]},"properties":{"id":"maus-5646","type":"mining-area","name":"Mapped mining area 5646","country":"PHL","source_id":"maus-mining-2022","year":2019,"value":13.521232077968175,"unit":"km²","metric":"Mapped mining land area","original_value":13.521232077968175,"original_unit":"km²","source_row":5646,"estimated":true}},{"type":"Feature","id":"maus-5270","geometry":{"type":"Point","coordinates":[-12.296258,7.67405]},"properties":{"id":"maus-5270","type":"mining-area","name":"Mapped mining area 5270","country":"SLE","source_id":"maus-mining-2022","year":2019,"value":13.515279319506869,"unit":"km²","metric":"Mapped mining land area","original_value":13.515279319506869,"original_unit":"km²","source_row":5270,"estimated":true}},{"type":"Feature","id":"maus-38793","geometry":{"type":"Point","coordinates":[58.512355,51.243919]},"properties":{"id":"maus-38793","type":"mining-area","name":"Mapped mining area 38793","country":"RUS","source_id":"maus-mining-2022","year":2019,"value":13.504062889780135,"unit":"km²","metric":"Mapped mining land area","original_value":13.504062889780135,"original_unit":"km²","source_row":38793,"estimated":true}},{"type":"Feature","id":"maus-43819","geometry":{"type":"Point","coordinates":[95.364594,25.400099]},"properties":{"id":"maus-43819","type":"mining-area","name":"Mapped mining area 43819","country":"MMR","source_id":"maus-mining-2022","year":2019,"value":13.49286586607132,"unit":"km²","metric":"Mapped mining land area","original_value":13.49286586607132,"original_unit":"km²","source_row":43819,"estimated":true}},{"type":"Feature","id":"maus-2738","geometry":{"type":"Point","coordinates":[28.91587,-25.9217]},"properties":{"id":"maus-2738","type":"mining-area","name":"Mapped mining area 2738","country":"ZAF","source_id":"maus-mining-2022","year":2019,"value":13.490447100369355,"unit":"km²","metric":"Mapped mining land area","original_value":13.490447100369355,"original_unit":"km²","source_row":2738,"estimated":true}},{"type":"Feature","id":"maus-18409","geometry":{"type":"Point","coordinates":[117.991442,50.17635]},"properties":{"id":"maus-18409","type":"mining-area","name":"Mapped mining area 18409","country":"RUS","source_id":"maus-mining-2022","year":2019,"value":13.480028256767904,"unit":"km²","metric":"Mapped mining land area","original_value":13.480028256767904,"original_unit":"km²","source_row":18409,"estimated":true}},{"type":"Feature","id":"maus-8861","geometry":{"type":"Point","coordinates":[-94.408162,32.46715]},"properties":{"id":"maus-8861","type":"mining-area","name":"Mapped mining area 8861","country":"USA","source_id":"maus-mining-2022","year":2019,"value":13.475464917028393,"unit":"km²","metric":"Mapped mining land area","original_value":13.475464917028393,"original_unit":"km²","source_row":8861,"estimated":true}},{"type":"Feature","id":"maus-44212","geometry":{"type":"Point","coordinates":[116.910326,-1.012406]},"properties":{"id":"maus-44212","type":"mining-area","name":"Mapped mining area 44212","country":"IDN","source_id":"maus-mining-2022","year":2019,"value":13.464627357488288,"unit":"km²","metric":"Mapped mining land area","original_value":13.464627357488288,"original_unit":"km²","source_row":44212,"estimated":true}},{"type":"Feature","id":"maus-42331","geometry":{"type":"Point","coordinates":[-54.591648,3.990954]},"properties":{"id":"maus-42331","type":"mining-area","name":"Mapped mining area 42331","country":"SUR","source_id":"maus-mining-2022","year":2019,"value":13.462920659810711,"unit":"km²","metric":"Mapped mining land area","original_value":13.462920659810711,"original_unit":"km²","source_row":42331,"estimated":true}},{"type":"Feature","id":"maus-16189","geometry":{"type":"Point","coordinates":[109.250388,41.6588]},"properties":{"id":"maus-16189","type":"mining-area","name":"Mapped mining area 16189","country":"CHN","source_id":"maus-mining-2022","year":2019,"value":13.462514099537566,"unit":"km²","metric":"Mapped mining land area","original_value":13.462514099537566,"original_unit":"km²","source_row":16189,"estimated":true}},{"type":"Feature","id":"maus-4385","geometry":{"type":"Point","coordinates":[115.667764,-3.34255]},"properties":{"id":"maus-4385","type":"mining-area","name":"Mapped mining area 4385","country":"IDN","source_id":"maus-mining-2022","year":2019,"value":13.445208091306766,"unit":"km²","metric":"Mapped mining land area","original_value":13.445208091306766,"original_unit":"km²","source_row":4385,"estimated":true}},{"type":"Feature","id":"maus-2518","geometry":{"type":"Point","coordinates":[-70.179868,-22.68625]},"properties":{"id":"maus-2518","type":"mining-area","name":"Mapped mining area 2518","country":"CHL","source_id":"maus-mining-2022","year":2019,"value":13.444755883560795,"unit":"km²","metric":"Mapped mining land area","original_value":13.444755883560795,"original_unit":"km²","source_row":2518,"estimated":true}},{"type":"Feature","id":"maus-25325","geometry":{"type":"Point","coordinates":[-73.561785,61.69964]},"properties":{"id":"maus-25325","type":"mining-area","name":"Mapped mining area 25325","country":"CAN","source_id":"maus-mining-2022","year":2019,"value":13.432094309004253,"unit":"km²","metric":"Mapped mining land area","original_value":13.432094309004253,"original_unit":"km²","source_row":25325,"estimated":true}},{"type":"Feature","id":"maus-3990","geometry":{"type":"Point","coordinates":[27.5664,-11.36315]},"properties":{"id":"maus-3990","type":"mining-area","name":"Mapped mining area 3990","country":"COD","source_id":"maus-mining-2022","year":2019,"value":13.431616470063371,"unit":"km²","metric":"Mapped mining land area","original_value":13.431616470063371,"original_unit":"km²","source_row":3990,"estimated":true}},{"type":"Feature","id":"maus-7140","geometry":{"type":"Point","coordinates":[51.596332,32.5771]},"properties":{"id":"maus-7140","type":"mining-area","name":"Mapped mining area 7140","country":"IRN","source_id":"maus-mining-2022","year":2019,"value":13.415529058496155,"unit":"km²","metric":"Mapped mining land area","original_value":13.415529058496155,"original_unit":"km²","source_row":7140,"estimated":true}},{"type":"Feature","id":"maus-16980","geometry":{"type":"Point","coordinates":[91.149989,53.39105]},"properties":{"id":"maus-16980","type":"mining-area","name":"Mapped mining area 16980","country":"RUS","source_id":"maus-mining-2022","year":2019,"value":13.411104329718274,"unit":"km²","metric":"Mapped mining land area","original_value":13.411104329718274,"original_unit":"km²","source_row":16980,"estimated":true}},{"type":"Feature","id":"maus-18989","geometry":{"type":"Point","coordinates":[-121.009195,54.99365]},"properties":{"id":"maus-18989","type":"mining-area","name":"Mapped mining area 18989","country":"CAN","source_id":"maus-mining-2022","year":2019,"value":13.403637407426903,"unit":"km²","metric":"Mapped mining land area","original_value":13.403637407426903,"original_unit":"km²","source_row":18989,"estimated":true}},{"type":"Feature","id":"maus-5470","geometry":{"type":"Point","coordinates":[-6.847729,11.67805]},"properties":{"id":"maus-5470","type":"mining-area","name":"Mapped mining area 5470","country":"MLI","source_id":"maus-mining-2022","year":2019,"value":13.393318104498386,"unit":"km²","metric":"Mapped mining land area","original_value":13.393318104498386,"original_unit":"km²","source_row":5470,"estimated":true}},{"type":"Feature","id":"maus-38582","geometry":{"type":"Point","coordinates":[115.047501,59.366247]},"properties":{"id":"maus-38582","type":"mining-area","name":"Mapped mining area 38582","country":"RUS","source_id":"maus-mining-2022","year":2019,"value":13.374125768618695,"unit":"km²","metric":"Mapped mining land area","original_value":13.374125768618695,"original_unit":"km²","source_row":38582,"estimated":true}},{"type":"Feature","id":"maus-44630","geometry":{"type":"Point","coordinates":[125.968312,58.438455]},"properties":{"id":"maus-44630","type":"mining-area","name":"Mapped mining area 44630","country":"RUS","source_id":"maus-mining-2022","year":2019,"value":13.372714507234212,"unit":"km²","metric":"Mapped mining land area","original_value":13.372714507234212,"original_unit":"km²","source_row":44630,"estimated":true}},{"type":"Feature","id":"maus-3173","geometry":{"type":"Point","coordinates":[27.773024,-21.20575]},"properties":{"id":"maus-3173","type":"mining-area","name":"Mapped mining area 3173","country":"BWA","source_id":"maus-mining-2022","year":2019,"value":13.368912238327772,"unit":"km²","metric":"Mapped mining land area","original_value":13.368912238327772,"original_unit":"km²","source_row":3173,"estimated":true}},{"type":"Feature","id":"maus-4400","geometry":{"type":"Point","coordinates":[-78.701591,-6.7335]},"properties":{"id":"maus-4400","type":"mining-area","name":"Mapped mining area 4400","country":"PER","source_id":"maus-mining-2022","year":2019,"value":13.35071315842172,"unit":"km²","metric":"Mapped mining land area","original_value":13.35071315842172,"original_unit":"km²","source_row":4400,"estimated":true}},{"type":"Feature","id":"maus-44467","geometry":{"type":"Point","coordinates":[110.637494,39.548119]},"properties":{"id":"maus-44467","type":"mining-area","name":"Mapped mining area 44467","country":"CHN","source_id":"maus-mining-2022","year":2019,"value":13.348588147223262,"unit":"km²","metric":"Mapped mining land area","original_value":13.348588147223262,"original_unit":"km²","source_row":44467,"estimated":true}},{"type":"Feature","id":"maus-44152","geometry":{"type":"Point","coordinates":[115.105246,-3.102104]},"properties":{"id":"maus-44152","type":"mining-area","name":"Mapped mining area 44152","country":"IDN","source_id":"maus-mining-2022","year":2019,"value":13.344805028519035,"unit":"km²","metric":"Mapped mining land area","original_value":13.344805028519035,"original_unit":"km²","source_row":44152,"estimated":true}},{"type":"Feature","id":"maus-1580","geometry":{"type":"Point","coordinates":[120.248892,-26.6259]},"properties":{"id":"maus-1580","type":"mining-area","name":"Mapped mining area 1580","country":"AUS","source_id":"maus-mining-2022","year":2019,"value":13.336554421593588,"unit":"km²","metric":"Mapped mining land area","original_value":13.336554421593588,"original_unit":"km²","source_row":1580,"estimated":true}},{"type":"Feature","id":"maus-19079","geometry":{"type":"Point","coordinates":[111.479166,65.91965]},"properties":{"id":"maus-19079","type":"mining-area","name":"Mapped mining area 19079","country":"RUS","source_id":"maus-mining-2022","year":2019,"value":13.332902966519914,"unit":"km²","metric":"Mapped mining land area","original_value":13.332902966519914,"original_unit":"km²","source_row":19079,"estimated":true}},{"type":"Feature","id":"maus-44673","geometry":{"type":"Point","coordinates":[-56.530081,-6.15454]},"properties":{"id":"maus-44673","type":"mining-area","name":"Mapped mining area 44673","country":"BRA","source_id":"maus-mining-2022","year":2019,"value":13.329022316756662,"unit":"km²","metric":"Mapped mining land area","original_value":13.329022316756662,"original_unit":"km²","source_row":44673,"estimated":true}},{"type":"Feature","id":"maus-34654","geometry":{"type":"Point","coordinates":[111.687616,52.938811]},"properties":{"id":"maus-34654","type":"mining-area","name":"Mapped mining area 34654","country":"RUS","source_id":"maus-mining-2022","year":2019,"value":13.328284634269448,"unit":"km²","metric":"Mapped mining land area","original_value":13.328284634269448,"original_unit":"km²","source_row":34654,"estimated":true}},{"type":"Feature","id":"maus-5841","geometry":{"type":"Point","coordinates":[125.628771,9.84015]},"properties":{"id":"maus-5841","type":"mining-area","name":"Mapped mining area 5841","country":"PHL","source_id":"maus-mining-2022","year":2019,"value":13.324155405771819,"unit":"km²","metric":"Mapped mining land area","original_value":13.324155405771819,"original_unit":"km²","source_row":5841,"estimated":true}},{"type":"Feature","id":"maus-32504","geometry":{"type":"Point","coordinates":[32.757068,-18.85228]},"properties":{"id":"maus-32504","type":"mining-area","name":"Mapped mining area 32504","country":"MOZ","source_id":"maus-mining-2022","year":2019,"value":13.315988887087265,"unit":"km²","metric":"Mapped mining land area","original_value":13.315988887087265,"original_unit":"km²","source_row":32504,"estimated":true}},{"type":"Feature","id":"maus-5763","geometry":{"type":"Point","coordinates":[-14.439229,19.74815]},"properties":{"id":"maus-5763","type":"mining-area","name":"Mapped mining area 5763","country":"MRT","source_id":"maus-mining-2022","year":2019,"value":13.30687545729792,"unit":"km²","metric":"Mapped mining land area","original_value":13.30687545729792,"original_unit":"km²","source_row":5763,"estimated":true}},{"type":"Feature","id":"maus-3149","geometry":{"type":"Point","coordinates":[-43.751493,-20.5475]},"properties":{"id":"maus-3149","type":"mining-area","name":"Mapped mining area 3149","country":"BRA","source_id":"maus-mining-2022","year":2019,"value":13.304437042734705,"unit":"km²","metric":"Mapped mining land area","original_value":13.304437042734705,"original_unit":"km²","source_row":3149,"estimated":true}},{"type":"Feature","id":"maus-44683","geometry":{"type":"Point","coordinates":[-99.653579,56.465578]},"properties":{"id":"maus-44683","type":"mining-area","name":"Mapped mining area 44683","country":"CAN","source_id":"maus-mining-2022","year":2019,"value":13.295621009853036,"unit":"km²","metric":"Mapped mining land area","original_value":13.295621009853036,"original_unit":"km²","source_row":44683,"estimated":true}},{"type":"Feature","id":"maus-19295","geometry":{"type":"Point","coordinates":[142.161662,48.93645]},"properties":{"id":"maus-19295","type":"mining-area","name":"Mapped mining area 19295","country":"RUS","source_id":"maus-mining-2022","year":2019,"value":13.291741021838797,"unit":"km²","metric":"Mapped mining land area","original_value":13.291741021838797,"original_unit":"km²","source_row":19295,"estimated":true}},{"type":"Feature","id":"maus-43341","geometry":{"type":"Point","coordinates":[111.241714,0.092374]},"properties":{"id":"maus-43341","type":"mining-area","name":"Mapped mining area 43341","country":"IDN","source_id":"maus-mining-2022","year":2019,"value":13.26378333987973,"unit":"km²","metric":"Mapped mining land area","original_value":13.26378333987973,"original_unit":"km²","source_row":43341,"estimated":true}},{"type":"Feature","id":"maus-44850","geometry":{"type":"Point","coordinates":[-6.77794,32.664985]},"properties":{"id":"maus-44850","type":"mining-area","name":"Mapped mining area 44850","country":"MAR","source_id":"maus-mining-2022","year":2019,"value":13.245508345473203,"unit":"km²","metric":"Mapped mining land area","original_value":13.245508345473203,"original_unit":"km²","source_row":44850,"estimated":true}},{"type":"Feature","id":"maus-14270","geometry":{"type":"Point","coordinates":[-66.868872,52.9847]},"properties":{"id":"maus-14270","type":"mining-area","name":"Mapped mining area 14270","country":"CAN","source_id":"maus-mining-2022","year":2019,"value":13.242092124113219,"unit":"km²","metric":"Mapped mining land area","original_value":13.242092124113219,"original_unit":"km²","source_row":14270,"estimated":true}},{"type":"Feature","id":"maus-44","geometry":{"type":"Point","coordinates":[171.875721,-41.67725]},"properties":{"id":"maus-44","type":"mining-area","name":"Mapped mining area 44","country":"NZL","source_id":"maus-mining-2022","year":2019,"value":13.241053732353429,"unit":"km²","metric":"Mapped mining land area","original_value":13.241053732353429,"original_unit":"km²","source_row":44,"estimated":true}},{"type":"Feature","id":"maus-9339","geometry":{"type":"Point","coordinates":[-81.937011,37.61985]},"properties":{"id":"maus-9339","type":"mining-area","name":"Mapped mining area 9339","country":"USA","source_id":"maus-mining-2022","year":2019,"value":13.2251922083201,"unit":"km²","metric":"Mapped mining land area","original_value":13.2251922083201,"original_unit":"km²","source_row":9339,"estimated":true}},{"type":"Feature","id":"maus-3617","geometry":{"type":"Point","coordinates":[28.716755,-26.16715]},"properties":{"id":"maus-3617","type":"mining-area","name":"Mapped mining area 3617","country":"ZAF","source_id":"maus-mining-2022","year":2019,"value":13.223218187746903,"unit":"km²","metric":"Mapped mining land area","original_value":13.223218187746903,"original_unit":"km²","source_row":3617,"estimated":true}},{"type":"Feature","id":"maus-21562","geometry":{"type":"Point","coordinates":[-55.242468,-10.126387]},"properties":{"id":"maus-21562","type":"mining-area","name":"Mapped mining area 21562","country":"BRA","source_id":"maus-mining-2022","year":2019,"value":13.219563970936278,"unit":"km²","metric":"Mapped mining land area","original_value":13.219563970936278,"original_unit":"km²","source_row":21562,"estimated":true}},{"type":"Feature","id":"maus-44567","geometry":{"type":"Point","coordinates":[92.951621,60.056318]},"properties":{"id":"maus-44567","type":"mining-area","name":"Mapped mining area 44567","country":"RUS","source_id":"maus-mining-2022","year":2019,"value":13.218655120221953,"unit":"km²","metric":"Mapped mining land area","original_value":13.218655120221953,"original_unit":"km²","source_row":44567,"estimated":true}},{"type":"Feature","id":"maus-43255","geometry":{"type":"Point","coordinates":[102.120245,-1.567806]},"properties":{"id":"maus-43255","type":"mining-area","name":"Mapped mining area 43255","country":"IDN","source_id":"maus-mining-2022","year":2019,"value":13.215539140534233,"unit":"km²","metric":"Mapped mining land area","original_value":13.215539140534233,"original_unit":"km²","source_row":43255,"estimated":true}},{"type":"Feature","id":"maus-11985","geometry":{"type":"Point","coordinates":[37.790463,51.21445]},"properties":{"id":"maus-11985","type":"mining-area","name":"Mapped mining area 11985","country":"RUS","source_id":"maus-mining-2022","year":2019,"value":13.203832226856077,"unit":"km²","metric":"Mapped mining land area","original_value":13.203832226856077,"original_unit":"km²","source_row":11985,"estimated":true}},{"type":"Feature","id":"maus-42364","geometry":{"type":"Point","coordinates":[-55.587975,4.920542]},"properties":{"id":"maus-42364","type":"mining-area","name":"Mapped mining area 42364","country":"SUR","source_id":"maus-mining-2022","year":2019,"value":13.201193531314544,"unit":"km²","metric":"Mapped mining land area","original_value":13.201193531314544,"original_unit":"km²","source_row":42364,"estimated":true}},{"type":"Feature","id":"maus-44271","geometry":{"type":"Point","coordinates":[-59.072222,5.272885]},"properties":{"id":"maus-44271","type":"mining-area","name":"Mapped mining area 44271","country":"GUY","source_id":"maus-mining-2022","year":2019,"value":13.185591833072108,"unit":"km²","metric":"Mapped mining land area","original_value":13.185591833072108,"original_unit":"km²","source_row":44271,"estimated":true}},{"type":"Feature","id":"maus-30529","geometry":{"type":"Point","coordinates":[79.100792,21.239782]},"properties":{"id":"maus-30529","type":"mining-area","name":"Mapped mining area 30529","country":"IND","source_id":"maus-mining-2022","year":2019,"value":13.18219381194113,"unit":"km²","metric":"Mapped mining land area","original_value":13.18219381194113,"original_unit":"km²","source_row":30529,"estimated":true}},{"type":"Feature","id":"maus-42116","geometry":{"type":"Point","coordinates":[-54.155888,3.46791]},"properties":{"id":"maus-42116","type":"mining-area","name":"Mapped mining area 42116","country":"SUR","source_id":"maus-mining-2022","year":2019,"value":13.174315585250866,"unit":"km²","metric":"Mapped mining land area","original_value":13.174315585250866,"original_unit":"km²","source_row":42116,"estimated":true}},{"type":"Feature","id":"maus-41980","geometry":{"type":"Point","coordinates":[124.908697,55.76071]},"properties":{"id":"maus-41980","type":"mining-area","name":"Mapped mining area 41980","country":"RUS","source_id":"maus-mining-2022","year":2019,"value":13.169838332386409,"unit":"km²","metric":"Mapped mining land area","original_value":13.169838332386409,"original_unit":"km²","source_row":41980,"estimated":true}},{"type":"Feature","id":"maus-3969","geometry":{"type":"Point","coordinates":[26.476257,-12.10145]},"properties":{"id":"maus-3969","type":"mining-area","name":"Mapped mining area 3969","country":"ZMB","source_id":"maus-mining-2022","year":2019,"value":13.169559275272992,"unit":"km²","metric":"Mapped mining land area","original_value":13.169559275272992,"original_unit":"km²","source_row":3969,"estimated":true}},{"type":"Feature","id":"maus-19134","geometry":{"type":"Point","coordinates":[134.065795,46.4927]},"properties":{"id":"maus-19134","type":"mining-area","name":"Mapped mining area 19134","country":"RUS","source_id":"maus-mining-2022","year":2019,"value":13.157678351179895,"unit":"km²","metric":"Mapped mining land area","original_value":13.157678351179895,"original_unit":"km²","source_row":19134,"estimated":true}},{"type":"Feature","id":"maus-18838","geometry":{"type":"Point","coordinates":[115.672214,58.74795]},"properties":{"id":"maus-18838","type":"mining-area","name":"Mapped mining area 18838","country":"RUS","source_id":"maus-mining-2022","year":2019,"value":13.131606508774682,"unit":"km²","metric":"Mapped mining land area","original_value":13.131606508774682,"original_unit":"km²","source_row":18838,"estimated":true}},{"type":"Feature","id":"maus-42510","geometry":{"type":"Point","coordinates":[-59.391542,5.523556]},"properties":{"id":"maus-42510","type":"mining-area","name":"Mapped mining area 42510","country":"GUY","source_id":"maus-mining-2022","year":2019,"value":13.125771203356118,"unit":"km²","metric":"Mapped mining land area","original_value":13.125771203356118,"original_unit":"km²","source_row":42510,"estimated":true}},{"type":"Feature","id":"maus-44055","geometry":{"type":"Point","coordinates":[-71.239328,-29.73131]},"properties":{"id":"maus-44055","type":"mining-area","name":"Mapped mining area 44055","country":"CHL","source_id":"maus-mining-2022","year":2019,"value":13.124772829264343,"unit":"km²","metric":"Mapped mining land area","original_value":13.124772829264343,"original_unit":"km²","source_row":44055,"estimated":true}},{"type":"Feature","id":"maus-26074","geometry":{"type":"Point","coordinates":[106.325163,23.258853]},"properties":{"id":"maus-26074","type":"mining-area","name":"Mapped mining area 26074","country":"CHN","source_id":"maus-mining-2022","year":2019,"value":13.067562802409935,"unit":"km²","metric":"Mapped mining land area","original_value":13.067562802409935,"original_unit":"km²","source_row":26074,"estimated":true}},{"type":"Feature","id":"maus-41674","geometry":{"type":"Point","coordinates":[150.801066,-23.636329]},"properties":{"id":"maus-41674","type":"mining-area","name":"Mapped mining area 41674","country":"AUS","source_id":"maus-mining-2022","year":2019,"value":13.06084908893529,"unit":"km²","metric":"Mapped mining land area","original_value":13.06084908893529,"original_unit":"km²","source_row":41674,"estimated":true}},{"type":"Feature","id":"maus-44710","geometry":{"type":"Point","coordinates":[-56.611526,-5.772725]},"properties":{"id":"maus-44710","type":"mining-area","name":"Mapped mining area 44710","country":"BRA","source_id":"maus-mining-2022","year":2019,"value":13.05726502868181,"unit":"km²","metric":"Mapped mining land area","original_value":13.05726502868181,"original_unit":"km²","source_row":44710,"estimated":true}},{"type":"Feature","id":"maus-30343","geometry":{"type":"Point","coordinates":[76.073248,46.956179]},"properties":{"id":"maus-30343","type":"mining-area","name":"Mapped mining area 30343","country":"KAZ","source_id":"maus-mining-2022","year":2019,"value":13.056479454204217,"unit":"km²","metric":"Mapped mining land area","original_value":13.056479454204217,"original_unit":"km²","source_row":30343,"estimated":true}},{"type":"Feature","id":"maus-885","geometry":{"type":"Point","coordinates":[121.787755,-31.39095]},"properties":{"id":"maus-885","type":"mining-area","name":"Mapped mining area 885","country":"AUS","source_id":"maus-mining-2022","year":2019,"value":13.050906214457239,"unit":"km²","metric":"Mapped mining land area","original_value":13.050906214457239,"original_unit":"km²","source_row":885,"estimated":true}},{"type":"Feature","id":"maus-34713","geometry":{"type":"Point","coordinates":[-16.816072,15.03756]},"properties":{"id":"maus-34713","type":"mining-area","name":"Mapped mining area 34713","country":"SEN","source_id":"maus-mining-2022","year":2019,"value":13.032636531901092,"unit":"km²","metric":"Mapped mining land area","original_value":13.032636531901092,"original_unit":"km²","source_row":34713,"estimated":true}},{"type":"Feature","id":"maus-2082","geometry":{"type":"Point","coordinates":[-69.264,-26.81205]},"properties":{"id":"maus-2082","type":"mining-area","name":"Mapped mining area 2082","country":"CHL","source_id":"maus-mining-2022","year":2019,"value":13.023582500011448,"unit":"km²","metric":"Mapped mining land area","original_value":13.023582500011448,"original_unit":"km²","source_row":2082,"estimated":true}},{"type":"Feature","id":"maus-44370","geometry":{"type":"Point","coordinates":[87.231805,23.69175]},"properties":{"id":"maus-44370","type":"mining-area","name":"Mapped mining area 44370","country":"IND","source_id":"maus-mining-2022","year":2019,"value":13.019264084115342,"unit":"km²","metric":"Mapped mining land area","original_value":13.019264084115342,"original_unit":"km²","source_row":44370,"estimated":true}},{"type":"Feature","id":"maus-1814","geometry":{"type":"Point","coordinates":[117.865093,-22.14715]},"properties":{"id":"maus-1814","type":"mining-area","name":"Mapped mining area 1814","country":"AUS","source_id":"maus-mining-2022","year":2019,"value":13.012347166062204,"unit":"km²","metric":"Mapped mining land area","original_value":13.012347166062204,"original_unit":"km²","source_row":1814,"estimated":true}},{"type":"Feature","id":"maus-18186","geometry":{"type":"Point","coordinates":[94.232966,58.77545]},"properties":{"id":"maus-18186","type":"mining-area","name":"Mapped mining area 18186","country":"RUS","source_id":"maus-mining-2022","year":2019,"value":13.009715542452694,"unit":"km²","metric":"Mapped mining land area","original_value":13.009715542452694,"original_unit":"km²","source_row":18186,"estimated":true}},{"type":"Feature","id":"maus-11118","geometry":{"type":"Point","coordinates":[-87.356315,38.2367]},"properties":{"id":"maus-11118","type":"mining-area","name":"Mapped mining area 11118","country":"USA","source_id":"maus-mining-2022","year":2019,"value":12.995194079530316,"unit":"km²","metric":"Mapped mining land area","original_value":12.995194079530316,"original_unit":"km²","source_row":11118,"estimated":true}},{"type":"Feature","id":"maus-41842","geometry":{"type":"Point","coordinates":[106.726436,49.381557]},"properties":{"id":"maus-41842","type":"mining-area","name":"Mapped mining area 41842","country":"MNG","source_id":"maus-mining-2022","year":2019,"value":12.989536272210897,"unit":"km²","metric":"Mapped mining land area","original_value":12.989536272210897,"original_unit":"km²","source_row":41842,"estimated":true}},{"type":"Feature","id":"maus-16757","geometry":{"type":"Point","coordinates":[-116.610665,40.15755]},"properties":{"id":"maus-16757","type":"mining-area","name":"Mapped mining area 16757","country":"USA","source_id":"maus-mining-2022","year":2019,"value":12.96184927451709,"unit":"km²","metric":"Mapped mining land area","original_value":12.96184927451709,"original_unit":"km²","source_row":16757,"estimated":true}},{"type":"Feature","id":"maus-43413","geometry":{"type":"Point","coordinates":[114.021454,-0.835103]},"properties":{"id":"maus-43413","type":"mining-area","name":"Mapped mining area 43413","country":"IDN","source_id":"maus-mining-2022","year":2019,"value":12.946429649607678,"unit":"km²","metric":"Mapped mining land area","original_value":12.946429649607678,"original_unit":"km²","source_row":43413,"estimated":true}},{"type":"Feature","id":"maus-7590","geometry":{"type":"Point","coordinates":[-82.775428,30.47245]},"properties":{"id":"maus-7590","type":"mining-area","name":"Mapped mining area 7590","country":"USA","source_id":"maus-mining-2022","year":2019,"value":12.925834015920202,"unit":"km²","metric":"Mapped mining land area","original_value":12.925834015920202,"original_unit":"km²","source_row":7590,"estimated":true}},{"type":"Feature","id":"maus-11987","geometry":{"type":"Point","coordinates":[37.726794,51.2357]},"properties":{"id":"maus-11987","type":"mining-area","name":"Mapped mining area 11987","country":"RUS","source_id":"maus-mining-2022","year":2019,"value":12.924467182509964,"unit":"km²","metric":"Mapped mining land area","original_value":12.924467182509964,"original_unit":"km²","source_row":11987,"estimated":true}},{"type":"Feature","id":"maus-6031","geometry":{"type":"Point","coordinates":[79.534887,18.71]},"properties":{"id":"maus-6031","type":"mining-area","name":"Mapped mining area 6031","country":"IND","source_id":"maus-mining-2022","year":2019,"value":12.92416747360732,"unit":"km²","metric":"Mapped mining land area","original_value":12.92416747360732,"original_unit":"km²","source_row":6031,"estimated":true}},{"type":"Feature","id":"maus-2393","geometry":{"type":"Point","coordinates":[25.880853,-27.48005]},"properties":{"id":"maus-2393","type":"mining-area","name":"Mapped mining area 2393","country":"ZAF","source_id":"maus-mining-2022","year":2019,"value":12.900456203126124,"unit":"km²","metric":"Mapped mining land area","original_value":12.900456203126124,"original_unit":"km²","source_row":2393,"estimated":true}},{"type":"Feature","id":"maus-36473","geometry":{"type":"Point","coordinates":[-118.120983,44.698312]},"properties":{"id":"maus-36473","type":"mining-area","name":"Mapped mining area 36473","country":"USA","source_id":"maus-mining-2022","year":2019,"value":12.899824663374103,"unit":"km²","metric":"Mapped mining land area","original_value":12.899824663374103,"original_unit":"km²","source_row":36473,"estimated":true}},{"type":"Feature","id":"maus-29489","geometry":{"type":"Point","coordinates":[-75.079058,8.178261]},"properties":{"id":"maus-29489","type":"mining-area","name":"Mapped mining area 29489","country":"COL","source_id":"maus-mining-2022","year":2019,"value":12.89757471524539,"unit":"km²","metric":"Mapped mining land area","original_value":12.89757471524539,"original_unit":"km²","source_row":29489,"estimated":true}},{"type":"Feature","id":"maus-541","geometry":{"type":"Point","coordinates":[150.9568,-27.05025]},"properties":{"id":"maus-541","type":"mining-area","name":"Mapped mining area 541","country":"AUS","source_id":"maus-mining-2022","year":2019,"value":12.888897279135024,"unit":"km²","metric":"Mapped mining land area","original_value":12.888897279135024,"original_unit":"km²","source_row":541,"estimated":true}},{"type":"Feature","id":"maus-11908","geometry":{"type":"Point","coordinates":[18.159235,52.41625]},"properties":{"id":"maus-11908","type":"mining-area","name":"Mapped mining area 11908","country":"POL","source_id":"maus-mining-2022","year":2019,"value":12.87173301960456,"unit":"km²","metric":"Mapped mining land area","original_value":12.87173301960456,"original_unit":"km²","source_row":11908,"estimated":true}},{"type":"Feature","id":"maus-13785","geometry":{"type":"Point","coordinates":[-114.153775,35.35365]},"properties":{"id":"maus-13785","type":"mining-area","name":"Mapped mining area 13785","country":"USA","source_id":"maus-mining-2022","year":2019,"value":12.85257507885863,"unit":"km²","metric":"Mapped mining land area","original_value":12.85257507885863,"original_unit":"km²","source_row":13785,"estimated":true}},{"type":"Feature","id":"maus-41857","geometry":{"type":"Point","coordinates":[118.54106,52.767942]},"properties":{"id":"maus-41857","type":"mining-area","name":"Mapped mining area 41857","country":"RUS","source_id":"maus-mining-2022","year":2019,"value":12.851179039456564,"unit":"km²","metric":"Mapped mining land area","original_value":12.851179039456564,"original_unit":"km²","source_row":41857,"estimated":true}},{"type":"Feature","id":"maus-18656","geometry":{"type":"Point","coordinates":[117.346314,52.8222]},"properties":{"id":"maus-18656","type":"mining-area","name":"Mapped mining area 18656","country":"RUS","source_id":"maus-mining-2022","year":2019,"value":12.848256939524571,"unit":"km²","metric":"Mapped mining land area","original_value":12.848256939524571,"original_unit":"km²","source_row":18656,"estimated":true}},{"type":"Feature","id":"maus-19156","geometry":{"type":"Point","coordinates":[124.962905,56.73955]},"properties":{"id":"maus-19156","type":"mining-area","name":"Mapped mining area 19156","country":"RUS","source_id":"maus-mining-2022","year":2019,"value":12.84583774175917,"unit":"km²","metric":"Mapped mining land area","original_value":12.84583774175917,"original_unit":"km²","source_row":19156,"estimated":true}},{"type":"Feature","id":"maus-10495","geometry":{"type":"Point","coordinates":[-103.98457,32.591]},"properties":{"id":"maus-10495","type":"mining-area","name":"Mapped mining area 10495","country":"USA","source_id":"maus-mining-2022","year":2019,"value":12.807127584970388,"unit":"km²","metric":"Mapped mining land area","original_value":12.807127584970388,"original_unit":"km²","source_row":10495,"estimated":true}},{"type":"Feature","id":"maus-7743","geometry":{"type":"Point","coordinates":[28.14164,39.4745]},"properties":{"id":"maus-7743","type":"mining-area","name":"Mapped mining area 7743","country":"TUR","source_id":"maus-mining-2022","year":2019,"value":12.806553357838272,"unit":"km²","metric":"Mapped mining land area","original_value":12.806553357838272,"original_unit":"km²","source_row":7743,"estimated":true}},{"type":"Feature","id":"maus-4177","geometry":{"type":"Point","coordinates":[-78.084955,-7.9738]},"properties":{"id":"maus-4177","type":"mining-area","name":"Mapped mining area 4177","country":"PER","source_id":"maus-mining-2022","year":2019,"value":12.801122997341999,"unit":"km²","metric":"Mapped mining land area","original_value":12.801122997341999,"original_unit":"km²","source_row":4177,"estimated":true}},{"type":"Feature","id":"maus-43249","geometry":{"type":"Point","coordinates":[102.082928,-1.477696]},"properties":{"id":"maus-43249","type":"mining-area","name":"Mapped mining area 43249","country":"IDN","source_id":"maus-mining-2022","year":2019,"value":12.78421818119491,"unit":"km²","metric":"Mapped mining land area","original_value":12.78421818119491,"original_unit":"km²","source_row":43249,"estimated":true}},{"type":"Feature","id":"maus-42807","geometry":{"type":"Point","coordinates":[-61.515426,6.441171]},"properties":{"id":"maus-42807","type":"mining-area","name":"Mapped mining area 42807","country":"VEN","source_id":"maus-mining-2022","year":2019,"value":12.782741103706906,"unit":"km²","metric":"Mapped mining land area","original_value":12.782741103706906,"original_unit":"km²","source_row":42807,"estimated":true}},{"type":"Feature","id":"maus-41632","geometry":{"type":"Point","coordinates":[-56.571875,-16.090344]},"properties":{"id":"maus-41632","type":"mining-area","name":"Mapped mining area 41632","country":"BRA","source_id":"maus-mining-2022","year":2019,"value":12.780856580844896,"unit":"km²","metric":"Mapped mining land area","original_value":12.780856580844896,"original_unit":"km²","source_row":41632,"estimated":true}},{"type":"Feature","id":"maus-42019","geometry":{"type":"Point","coordinates":[113.594157,54.695812]},"properties":{"id":"maus-42019","type":"mining-area","name":"Mapped mining area 42019","country":"RUS","source_id":"maus-mining-2022","year":2019,"value":12.779503485669025,"unit":"km²","metric":"Mapped mining land area","original_value":12.779503485669025,"original_unit":"km²","source_row":42019,"estimated":true}},{"type":"Feature","id":"maus-44235","geometry":{"type":"Point","coordinates":[117.311601,-0.047386]},"properties":{"id":"maus-44235","type":"mining-area","name":"Mapped mining area 44235","country":"IDN","source_id":"maus-mining-2022","year":2019,"value":12.75227508459477,"unit":"km²","metric":"Mapped mining land area","original_value":12.75227508459477,"original_unit":"km²","source_row":44235,"estimated":true}},{"type":"Feature","id":"maus-41971","geometry":{"type":"Point","coordinates":[126.26691,55.737982]},"properties":{"id":"maus-41971","type":"mining-area","name":"Mapped mining area 41971","country":"RUS","source_id":"maus-mining-2022","year":2019,"value":12.74718999405773,"unit":"km²","metric":"Mapped mining land area","original_value":12.74718999405773,"original_unit":"km²","source_row":41971,"estimated":true}},{"type":"Feature","id":"maus-6147","geometry":{"type":"Point","coordinates":[-60.10562,-0.7536]},"properties":{"id":"maus-6147","type":"mining-area","name":"Mapped mining area 6147","country":"BRA","source_id":"maus-mining-2022","year":2019,"value":12.744450291016133,"unit":"km²","metric":"Mapped mining land area","original_value":12.744450291016133,"original_unit":"km²","source_row":6147,"estimated":true}},{"type":"Feature","id":"maus-21445","geometry":{"type":"Point","coordinates":[26.037935,-20.541346]},"properties":{"id":"maus-21445","type":"mining-area","name":"Mapped mining area 21445","country":"BWA","source_id":"maus-mining-2022","year":2019,"value":12.726908139716802,"unit":"km²","metric":"Mapped mining land area","original_value":12.726908139716802,"original_unit":"km²","source_row":21445,"estimated":true}},{"type":"Feature","id":"maus-18230","geometry":{"type":"Point","coordinates":[-114.658799,49.497]},"properties":{"id":"maus-18230","type":"mining-area","name":"Mapped mining area 18230","country":"CAN","source_id":"maus-mining-2022","year":2019,"value":12.725046208064708,"unit":"km²","metric":"Mapped mining land area","original_value":12.725046208064708,"original_unit":"km²","source_row":18230,"estimated":true}},{"type":"Feature","id":"maus-19196","geometry":{"type":"Point","coordinates":[125.333253,58.22625]},"properties":{"id":"maus-19196","type":"mining-area","name":"Mapped mining area 19196","country":"RUS","source_id":"maus-mining-2022","year":2019,"value":12.713245514542294,"unit":"km²","metric":"Mapped mining land area","original_value":12.713245514542294,"original_unit":"km²","source_row":19196,"estimated":true}},{"type":"Feature","id":"maus-15519","geometry":{"type":"Point","coordinates":[109.691135,40.09515]},"properties":{"id":"maus-15519","type":"mining-area","name":"Mapped mining area 15519","country":"CHN","source_id":"maus-mining-2022","year":2019,"value":12.695775315050088,"unit":"km²","metric":"Mapped mining land area","original_value":12.695775315050088,"original_unit":"km²","source_row":15519,"estimated":true}},{"type":"Feature","id":"maus-28682","geometry":{"type":"Point","coordinates":[39.907461,-3.533724]},"properties":{"id":"maus-28682","type":"mining-area","name":"Mapped mining area 28682","country":"KEN","source_id":"maus-mining-2022","year":2019,"value":12.690673920483524,"unit":"km²","metric":"Mapped mining land area","original_value":12.690673920483524,"original_unit":"km²","source_row":28682,"estimated":true}},{"type":"Feature","id":"maus-2675","geometry":{"type":"Point","coordinates":[27.699809,-26.129]},"properties":{"id":"maus-2675","type":"mining-area","name":"Mapped mining area 2675","country":"ZAF","source_id":"maus-mining-2022","year":2019,"value":12.68425758999302,"unit":"km²","metric":"Mapped mining land area","original_value":12.68425758999302,"original_unit":"km²","source_row":2675,"estimated":true}},{"type":"Feature","id":"maus-42615","geometry":{"type":"Point","coordinates":[-59.340792,6.084983]},"properties":{"id":"maus-42615","type":"mining-area","name":"Mapped mining area 42615","country":"GUY","source_id":"maus-mining-2022","year":2019,"value":12.675806154312673,"unit":"km²","metric":"Mapped mining land area","original_value":12.675806154312673,"original_unit":"km²","source_row":42615,"estimated":true}},{"type":"Feature","id":"maus-13366","geometry":{"type":"Point","coordinates":[-110.303888,36.4372]},"properties":{"id":"maus-13366","type":"mining-area","name":"Mapped mining area 13366","country":"USA","source_id":"maus-mining-2022","year":2019,"value":12.658172862058,"unit":"km²","metric":"Mapped mining land area","original_value":12.658172862058,"original_unit":"km²","source_row":13366,"estimated":true}},{"type":"Feature","id":"maus-12101","geometry":{"type":"Point","coordinates":[68.49657,45.53675]},"properties":{"id":"maus-12101","type":"mining-area","name":"Mapped mining area 12101","country":"KAZ","source_id":"maus-mining-2022","year":2019,"value":12.651960396875603,"unit":"km²","metric":"Mapped mining land area","original_value":12.651960396875603,"original_unit":"km²","source_row":12101,"estimated":true}},{"type":"Feature","id":"maus-42617","geometry":{"type":"Point","coordinates":[-59.360135,6.165479]},"properties":{"id":"maus-42617","type":"mining-area","name":"Mapped mining area 42617","country":"GUY","source_id":"maus-mining-2022","year":2019,"value":12.638314619376006,"unit":"km²","metric":"Mapped mining land area","original_value":12.638314619376006,"original_unit":"km²","source_row":42617,"estimated":true}},{"type":"Feature","id":"maus-2879","geometry":{"type":"Point","coordinates":[27.230077,-25.51545]},"properties":{"id":"maus-2879","type":"mining-area","name":"Mapped mining area 2879","country":"ZAF","source_id":"maus-mining-2022","year":2019,"value":12.634606551403664,"unit":"km²","metric":"Mapped mining land area","original_value":12.634606551403664,"original_unit":"km²","source_row":2879,"estimated":true}},{"type":"Feature","id":"maus-9515","geometry":{"type":"Point","coordinates":[69.595543,40.81395]},"properties":{"id":"maus-9515","type":"mining-area","name":"Mapped mining area 9515","country":"UZB","source_id":"maus-mining-2022","year":2019,"value":12.61476550079982,"unit":"km²","metric":"Mapped mining land area","original_value":12.61476550079982,"original_unit":"km²","source_row":9515,"estimated":true}},{"type":"Feature","id":"maus-44668","geometry":{"type":"Point","coordinates":[-56.425371,-6.284982]},"properties":{"id":"maus-44668","type":"mining-area","name":"Mapped mining area 44668","country":"BRA","source_id":"maus-mining-2022","year":2019,"value":12.613484477402055,"unit":"km²","metric":"Mapped mining land area","original_value":12.613484477402055,"original_unit":"km²","source_row":44668,"estimated":true}},{"type":"Feature","id":"maus-44134","geometry":{"type":"Point","coordinates":[-50.296705,-6.097624]},"properties":{"id":"maus-44134","type":"mining-area","name":"Mapped mining area 44134","country":"BRA","source_id":"maus-mining-2022","year":2019,"value":12.61176932991108,"unit":"km²","metric":"Mapped mining land area","original_value":12.61176932991108,"original_unit":"km²","source_row":44134,"estimated":true}},{"type":"Feature","id":"maus-21252","geometry":{"type":"Point","coordinates":[27.536586,52.866332]},"properties":{"id":"maus-21252","type":"mining-area","name":"Mapped mining area 21252","country":"BLR","source_id":"maus-mining-2022","year":2019,"value":12.582989564146594,"unit":"km²","metric":"Mapped mining land area","original_value":12.582989564146594,"original_unit":"km²","source_row":21252,"estimated":true}},{"type":"Feature","id":"maus-680","geometry":{"type":"Point","coordinates":[148.802235,-22.9557]},"properties":{"id":"maus-680","type":"mining-area","name":"Mapped mining area 680","country":"AUS","source_id":"maus-mining-2022","year":2019,"value":12.578579139735151,"unit":"km²","metric":"Mapped mining land area","original_value":12.578579139735151,"original_unit":"km²","source_row":680,"estimated":true}},{"type":"Feature","id":"maus-44753","geometry":{"type":"Point","coordinates":[-53.270627,4.783114]},"properties":{"id":"maus-44753","type":"mining-area","name":"Mapped mining area 44753","country":"FRA","source_id":"maus-mining-2022","year":2019,"value":12.569378782574251,"unit":"km²","metric":"Mapped mining land area","original_value":12.569378782574251,"original_unit":"km²","source_row":44753,"estimated":true}},{"type":"Feature","id":"maus-8808","geometry":{"type":"Point","coordinates":[23.129947,44.85155]},"properties":{"id":"maus-8808","type":"mining-area","name":"Mapped mining area 8808","country":"ROU","source_id":"maus-mining-2022","year":2019,"value":12.56796531464246,"unit":"km²","metric":"Mapped mining land area","original_value":12.56796531464246,"original_unit":"km²","source_row":8808,"estimated":true}},{"type":"Feature","id":"maus-10287","geometry":{"type":"Point","coordinates":[-86.796936,33.11295]},"properties":{"id":"maus-10287","type":"mining-area","name":"Mapped mining area 10287","country":"USA","source_id":"maus-mining-2022","year":2019,"value":12.564771752821393,"unit":"km²","metric":"Mapped mining land area","original_value":12.564771752821393,"original_unit":"km²","source_row":10287,"estimated":true}},{"type":"Feature","id":"maus-41729","geometry":{"type":"Point","coordinates":[121.93433,54.202409]},"properties":{"id":"maus-41729","type":"mining-area","name":"Mapped mining area 41729","country":"RUS","source_id":"maus-mining-2022","year":2019,"value":12.561192745787473,"unit":"km²","metric":"Mapped mining land area","original_value":12.561192745787473,"original_unit":"km²","source_row":41729,"estimated":true}},{"type":"Feature","id":"maus-18243","geometry":{"type":"Point","coordinates":[119.605124,45.5444]},"properties":{"id":"maus-18243","type":"mining-area","name":"Mapped mining area 18243","country":"CHN","source_id":"maus-mining-2022","year":2019,"value":12.53678216359622,"unit":"km²","metric":"Mapped mining land area","original_value":12.53678216359622,"original_unit":"km²","source_row":18243,"estimated":true}},{"type":"Feature","id":"maus-12602","geometry":{"type":"Point","coordinates":[67.376074,47.84465]},"properties":{"id":"maus-12602","type":"mining-area","name":"Mapped mining area 12602","country":"KAZ","source_id":"maus-mining-2022","year":2019,"value":12.511847032153064,"unit":"km²","metric":"Mapped mining land area","original_value":12.511847032153064,"original_unit":"km²","source_row":12602,"estimated":true}},{"type":"Feature","id":"maus-15408","geometry":{"type":"Point","coordinates":[-92.557594,47.3475]},"properties":{"id":"maus-15408","type":"mining-area","name":"Mapped mining area 15408","country":"USA","source_id":"maus-mining-2022","year":2019,"value":12.510463410783276,"unit":"km²","metric":"Mapped mining land area","original_value":12.510463410783276,"original_unit":"km²","source_row":15408,"estimated":true}},{"type":"Feature","id":"maus-42178","geometry":{"type":"Point","coordinates":[-53.545726,3.751547]},"properties":{"id":"maus-42178","type":"mining-area","name":"Mapped mining area 42178","country":"FRA","source_id":"maus-mining-2022","year":2019,"value":12.474550654772585,"unit":"km²","metric":"Mapped mining land area","original_value":12.474550654772585,"original_unit":"km²","source_row":42178,"estimated":true}},{"type":"Feature","id":"maus-4013","geometry":{"type":"Point","coordinates":[27.369864,-11.20045]},"properties":{"id":"maus-4013","type":"mining-area","name":"Mapped mining area 4013","country":"COD","source_id":"maus-mining-2022","year":2019,"value":12.474506045801379,"unit":"km²","metric":"Mapped mining land area","original_value":12.474506045801379,"original_unit":"km²","source_row":4013,"estimated":true}},{"type":"Feature","id":"maus-41882","geometry":{"type":"Point","coordinates":[124.073814,53.810829]},"properties":{"id":"maus-41882","type":"mining-area","name":"Mapped mining area 41882","country":"RUS","source_id":"maus-mining-2022","year":2019,"value":12.464807716755228,"unit":"km²","metric":"Mapped mining land area","original_value":12.464807716755228,"original_unit":"km²","source_row":41882,"estimated":true}},{"type":"Feature","id":"maus-5014","geometry":{"type":"Point","coordinates":[116.453212,3.1203]},"properties":{"id":"maus-5014","type":"mining-area","name":"Mapped mining area 5014","country":"IDN","source_id":"maus-mining-2022","year":2019,"value":12.460459431488893,"unit":"km²","metric":"Mapped mining land area","original_value":12.460459431488893,"original_unit":"km²","source_row":5014,"estimated":true}},{"type":"Feature","id":"maus-34512","geometry":{"type":"Point","coordinates":[124.911379,56.188272]},"properties":{"id":"maus-34512","type":"mining-area","name":"Mapped mining area 34512","country":"RUS","source_id":"maus-mining-2022","year":2019,"value":12.456677414104066,"unit":"km²","metric":"Mapped mining land area","original_value":12.456677414104066,"original_unit":"km²","source_row":34512,"estimated":true}},{"type":"Feature","id":"maus-44455","geometry":{"type":"Point","coordinates":[81.592572,49.716224]},"properties":{"id":"maus-44455","type":"mining-area","name":"Mapped mining area 44455","country":"KAZ","source_id":"maus-mining-2022","year":2019,"value":12.446908421958124,"unit":"km²","metric":"Mapped mining land area","original_value":12.446908421958124,"original_unit":"km²","source_row":44455,"estimated":true}},{"type":"Feature","id":"maus-39677","geometry":{"type":"Point","coordinates":[8.64479,34.221917]},"properties":{"id":"maus-39677","type":"mining-area","name":"Mapped mining area 39677","country":"TUN","source_id":"maus-mining-2022","year":2019,"value":12.440489719719087,"unit":"km²","metric":"Mapped mining land area","original_value":12.440489719719087,"original_unit":"km²","source_row":39677,"estimated":true}},{"type":"Feature","id":"maus-4178","geometry":{"type":"Point","coordinates":[-78.24238,-7.94915]},"properties":{"id":"maus-4178","type":"mining-area","name":"Mapped mining area 4178","country":"PER","source_id":"maus-mining-2022","year":2019,"value":12.437232564016856,"unit":"km²","metric":"Mapped mining land area","original_value":12.437232564016856,"original_unit":"km²","source_row":4178,"estimated":true}},{"type":"Feature","id":"maus-17037","geometry":{"type":"Point","coordinates":[34.171787,67.68105]},"properties":{"id":"maus-17037","type":"mining-area","name":"Mapped mining area 17037","country":"RUS","source_id":"maus-mining-2022","year":2019,"value":12.434409811310447,"unit":"km²","metric":"Mapped mining land area","original_value":12.434409811310447,"original_unit":"km²","source_row":17037,"estimated":true}},{"type":"Feature","id":"maus-38660","geometry":{"type":"Point","coordinates":[92.366475,60.414767]},"properties":{"id":"maus-38660","type":"mining-area","name":"Mapped mining area 38660","country":"RUS","source_id":"maus-mining-2022","year":2019,"value":12.403059553383658,"unit":"km²","metric":"Mapped mining land area","original_value":12.403059553383658,"original_unit":"km²","source_row":38660,"estimated":true}},{"type":"Feature","id":"maus-14801","geometry":{"type":"Point","coordinates":[79.916561,50.206]},"properties":{"id":"maus-14801","type":"mining-area","name":"Mapped mining area 14801","country":"KAZ","source_id":"maus-mining-2022","year":2019,"value":12.402425864157413,"unit":"km²","metric":"Mapped mining land area","original_value":12.402425864157413,"original_unit":"km²","source_row":14801,"estimated":true}},{"type":"Feature","id":"maus-44378","geometry":{"type":"Point","coordinates":[-81.906956,27.8962]},"properties":{"id":"maus-44378","type":"mining-area","name":"Mapped mining area 44378","country":"USA","source_id":"maus-mining-2022","year":2019,"value":12.401551581553242,"unit":"km²","metric":"Mapped mining land area","original_value":12.401551581553242,"original_unit":"km²","source_row":44378,"estimated":true}},{"type":"Feature","id":"maus-14095","geometry":{"type":"Point","coordinates":[111.473243,37.10875]},"properties":{"id":"maus-14095","type":"mining-area","name":"Mapped mining area 14095","country":"CHN","source_id":"maus-mining-2022","year":2019,"value":12.401058311133774,"unit":"km²","metric":"Mapped mining land area","original_value":12.401058311133774,"original_unit":"km²","source_row":14095,"estimated":true}},{"type":"Feature","id":"maus-38588","geometry":{"type":"Point","coordinates":[113.867817,57.359445]},"properties":{"id":"maus-38588","type":"mining-area","name":"Mapped mining area 38588","country":"RUS","source_id":"maus-mining-2022","year":2019,"value":12.391030282328018,"unit":"km²","metric":"Mapped mining land area","original_value":12.391030282328018,"original_unit":"km²","source_row":38588,"estimated":true}},{"type":"Feature","id":"maus-620","geometry":{"type":"Point","coordinates":[150.625928,-24.3164]},"properties":{"id":"maus-620","type":"mining-area","name":"Mapped mining area 620","country":"AUS","source_id":"maus-mining-2022","year":2019,"value":12.38430864324197,"unit":"km²","metric":"Mapped mining land area","original_value":12.38430864324197,"original_unit":"km²","source_row":620,"estimated":true}},{"type":"Feature","id":"maus-6608","geometry":{"type":"Point","coordinates":[36.292021,29.8523]},"properties":{"id":"maus-6608","type":"mining-area","name":"Mapped mining area 6608","country":"JOR","source_id":"maus-mining-2022","year":2019,"value":12.368695393017733,"unit":"km²","metric":"Mapped mining land area","original_value":12.368695393017733,"original_unit":"km²","source_row":6608,"estimated":true}},{"type":"Feature","id":"maus-16643","geometry":{"type":"Point","coordinates":[-83.900844,52.8453]},"properties":{"id":"maus-16643","type":"mining-area","name":"Mapped mining area 16643","country":"CAN","source_id":"maus-mining-2022","year":2019,"value":12.368475326782004,"unit":"km²","metric":"Mapped mining land area","original_value":12.368475326782004,"original_unit":"km²","source_row":16643,"estimated":true}},{"type":"Feature","id":"maus-19971","geometry":{"type":"Point","coordinates":[115.063571,-21.715968]},"properties":{"id":"maus-19971","type":"mining-area","name":"Mapped mining area 19971","country":"AUS","source_id":"maus-mining-2022","year":2019,"value":12.361469062243923,"unit":"km²","metric":"Mapped mining land area","original_value":12.361469062243923,"original_unit":"km²","source_row":19971,"estimated":true}},{"type":"Feature","id":"maus-15619","geometry":{"type":"Point","coordinates":[27.72537,63.17155]},"properties":{"id":"maus-15619","type":"mining-area","name":"Mapped mining area 15619","country":"FIN","source_id":"maus-mining-2022","year":2019,"value":12.345377654161853,"unit":"km²","metric":"Mapped mining land area","original_value":12.345377654161853,"original_unit":"km²","source_row":15619,"estimated":true}},{"type":"Feature","id":"maus-14291","geometry":{"type":"Point","coordinates":[-74.468197,51.00315]},"properties":{"id":"maus-14291","type":"mining-area","name":"Mapped mining area 14291","country":"CAN","source_id":"maus-mining-2022","year":2019,"value":12.337423909432795,"unit":"km²","metric":"Mapped mining land area","original_value":12.337423909432795,"original_unit":"km²","source_row":14291,"estimated":true}},{"type":"Feature","id":"maus-43043","geometry":{"type":"Point","coordinates":[-2.197516,5.925908]},"properties":{"id":"maus-43043","type":"mining-area","name":"Mapped mining area 43043","country":"GHA","source_id":"maus-mining-2022","year":2019,"value":12.331092636449775,"unit":"km²","metric":"Mapped mining land area","original_value":12.331092636449775,"original_unit":"km²","source_row":43043,"estimated":true}},{"type":"Feature","id":"maus-17356","geometry":{"type":"Point","coordinates":[30.01741,69.625]},"properties":{"id":"maus-17356","type":"mining-area","name":"Mapped mining area 17356","country":"NOR","source_id":"maus-mining-2022","year":2019,"value":12.3256837344813,"unit":"km²","metric":"Mapped mining land area","original_value":12.3256837344813,"original_unit":"km²","source_row":17356,"estimated":true}},{"type":"Feature","id":"maus-10011","geometry":{"type":"Point","coordinates":[38.058744,47.64505]},"properties":{"id":"maus-10011","type":"mining-area","name":"Mapped mining area 10011","country":"UKR","source_id":"maus-mining-2022","year":2019,"value":12.298156637778728,"unit":"km²","metric":"Mapped mining land area","original_value":12.298156637778728,"original_unit":"km²","source_row":10011,"estimated":true}},{"type":"Feature","id":"maus-5100","geometry":{"type":"Point","coordinates":[-2.383861,6.3115]},"properties":{"id":"maus-5100","type":"mining-area","name":"Mapped mining area 5100","country":"GHA","source_id":"maus-mining-2022","year":2019,"value":12.288278902208202,"unit":"km²","metric":"Mapped mining land area","original_value":12.288278902208202,"original_unit":"km²","source_row":5100,"estimated":true}},{"type":"Feature","id":"maus-36813","geometry":{"type":"Point","coordinates":[64.219364,41.729817]},"properties":{"id":"maus-36813","type":"mining-area","name":"Mapped mining area 36813","country":"UZB","source_id":"maus-mining-2022","year":2019,"value":12.257997483087703,"unit":"km²","metric":"Mapped mining land area","original_value":12.257997483087703,"original_unit":"km²","source_row":36813,"estimated":true}},{"type":"Feature","id":"maus-2749","geometry":{"type":"Point","coordinates":[29.993253,-25.70325]},"properties":{"id":"maus-2749","type":"mining-area","name":"Mapped mining area 2749","country":"ZAF","source_id":"maus-mining-2022","year":2019,"value":12.257565346388308,"unit":"km²","metric":"Mapped mining land area","original_value":12.257565346388308,"original_unit":"km²","source_row":2749,"estimated":true}},{"type":"Feature","id":"maus-38722","geometry":{"type":"Point","coordinates":[148.923032,63.285669]},"properties":{"id":"maus-38722","type":"mining-area","name":"Mapped mining area 38722","country":"RUS","source_id":"maus-mining-2022","year":2019,"value":12.243378960917873,"unit":"km²","metric":"Mapped mining land area","original_value":12.243378960917873,"original_unit":"km²","source_row":38722,"estimated":true}},{"type":"Feature","id":"maus-17015","geometry":{"type":"Point","coordinates":[34.044975,67.64355]},"properties":{"id":"maus-17015","type":"mining-area","name":"Mapped mining area 17015","country":"RUS","source_id":"maus-mining-2022","year":2019,"value":12.242783576826428,"unit":"km²","metric":"Mapped mining land area","original_value":12.242783576826428,"original_unit":"km²","source_row":17015,"estimated":true}},{"type":"Feature","id":"maus-43865","geometry":{"type":"Point","coordinates":[-139.349789,63.068117]},"properties":{"id":"maus-43865","type":"mining-area","name":"Mapped mining area 43865","country":"CAN","source_id":"maus-mining-2022","year":2019,"value":12.236036150424214,"unit":"km²","metric":"Mapped mining land area","original_value":12.236036150424214,"original_unit":"km²","source_row":43865,"estimated":true}},{"type":"Feature","id":"maus-25399","geometry":{"type":"Point","coordinates":[-68.081264,51.852799]},"properties":{"id":"maus-25399","type":"mining-area","name":"Mapped mining area 25399","country":"CAN","source_id":"maus-mining-2022","year":2019,"value":12.217269885455304,"unit":"km²","metric":"Mapped mining land area","original_value":12.217269885455304,"original_unit":"km²","source_row":25399,"estimated":true}},{"type":"Feature","id":"maus-14096","geometry":{"type":"Point","coordinates":[111.41093,37.13825]},"properties":{"id":"maus-14096","type":"mining-area","name":"Mapped mining area 14096","country":"CHN","source_id":"maus-mining-2022","year":2019,"value":12.214118523575738,"unit":"km²","metric":"Mapped mining land area","original_value":12.214118523575738,"original_unit":"km²","source_row":14096,"estimated":true}},{"type":"Feature","id":"maus-7090","geometry":{"type":"Point","coordinates":[36.060347,31.02055]},"properties":{"id":"maus-7090","type":"mining-area","name":"Mapped mining area 7090","country":"JOR","source_id":"maus-mining-2022","year":2019,"value":12.211920820085973,"unit":"km²","metric":"Mapped mining land area","original_value":12.211920820085973,"original_unit":"km²","source_row":7090,"estimated":true}},{"type":"Feature","id":"maus-5461","geometry":{"type":"Point","coordinates":[-13.836078,11.0636]},"properties":{"id":"maus-5461","type":"mining-area","name":"Mapped mining area 5461","country":"GIN","source_id":"maus-mining-2022","year":2019,"value":12.19970496498314,"unit":"km²","metric":"Mapped mining land area","original_value":12.19970496498314,"original_unit":"km²","source_row":5461,"estimated":true}},{"type":"Feature","id":"maus-34463","geometry":{"type":"Point","coordinates":[112.351481,54.330608]},"properties":{"id":"maus-34463","type":"mining-area","name":"Mapped mining area 34463","country":"RUS","source_id":"maus-mining-2022","year":2019,"value":12.190812481093795,"unit":"km²","metric":"Mapped mining land area","original_value":12.190812481093795,"original_unit":"km²","source_row":34463,"estimated":true}},{"type":"Feature","id":"maus-42502","geometry":{"type":"Point","coordinates":[-59.452142,5.440882]},"properties":{"id":"maus-42502","type":"mining-area","name":"Mapped mining area 42502","country":"GUY","source_id":"maus-mining-2022","year":2019,"value":12.172093177829423,"unit":"km²","metric":"Mapped mining land area","original_value":12.172093177829423,"original_unit":"km²","source_row":42502,"estimated":true}},{"type":"Feature","id":"maus-41502","geometry":{"type":"Point","coordinates":[-56.328735,-7.003381]},"properties":{"id":"maus-41502","type":"mining-area","name":"Mapped mining area 41502","country":"BRA","source_id":"maus-mining-2022","year":2019,"value":12.16818266029305,"unit":"km²","metric":"Mapped mining land area","original_value":12.16818266029305,"original_unit":"km²","source_row":41502,"estimated":true}},{"type":"Feature","id":"maus-44481","geometry":{"type":"Point","coordinates":[59.811649,58.2952]},"properties":{"id":"maus-44481","type":"mining-area","name":"Mapped mining area 44481","country":"RUS","source_id":"maus-mining-2022","year":2019,"value":12.161365873869453,"unit":"km²","metric":"Mapped mining land area","original_value":12.161365873869453,"original_unit":"km²","source_row":44481,"estimated":true}},{"type":"Feature","id":"maus-15480","geometry":{"type":"Point","coordinates":[111.305784,39.53735]},"properties":{"id":"maus-15480","type":"mining-area","name":"Mapped mining area 15480","country":"CHN","source_id":"maus-mining-2022","year":2019,"value":12.15815090884551,"unit":"km²","metric":"Mapped mining land area","original_value":12.15815090884551,"original_unit":"km²","source_row":15480,"estimated":true}},{"type":"Feature","id":"maus-43735","geometry":{"type":"Point","coordinates":[28.846057,39.921941]},"properties":{"id":"maus-43735","type":"mining-area","name":"Mapped mining area 43735","country":"TUR","source_id":"maus-mining-2022","year":2019,"value":12.156917417621205,"unit":"km²","metric":"Mapped mining land area","original_value":12.156917417621205,"original_unit":"km²","source_row":43735,"estimated":true}},{"type":"Feature","id":"maus-709","geometry":{"type":"Point","coordinates":[148.551227,-23.04715]},"properties":{"id":"maus-709","type":"mining-area","name":"Mapped mining area 709","country":"AUS","source_id":"maus-mining-2022","year":2019,"value":12.153329788832327,"unit":"km²","metric":"Mapped mining land area","original_value":12.153329788832327,"original_unit":"km²","source_row":709,"estimated":true}},{"type":"Feature","id":"maus-24302","geometry":{"type":"Point","coordinates":[-71.955485,45.766655]},"properties":{"id":"maus-24302","type":"mining-area","name":"Mapped mining area 24302","country":"CAN","source_id":"maus-mining-2022","year":2019,"value":12.149099607944134,"unit":"km²","metric":"Mapped mining land area","original_value":12.149099607944134,"original_unit":"km²","source_row":24302,"estimated":true}},{"type":"Feature","id":"maus-38620","geometry":{"type":"Point","coordinates":[131.793189,53.029849]},"properties":{"id":"maus-38620","type":"mining-area","name":"Mapped mining area 38620","country":"RUS","source_id":"maus-mining-2022","year":2019,"value":12.144893341004456,"unit":"km²","metric":"Mapped mining land area","original_value":12.144893341004456,"original_unit":"km²","source_row":38620,"estimated":true}},{"type":"Feature","id":"maus-17833","geometry":{"type":"Point","coordinates":[-105.196975,51.8406]},"properties":{"id":"maus-17833","type":"mining-area","name":"Mapped mining area 17833","country":"CAN","source_id":"maus-mining-2022","year":2019,"value":12.141497923092778,"unit":"km²","metric":"Mapped mining land area","original_value":12.141497923092778,"original_unit":"km²","source_row":17833,"estimated":true}},{"type":"Feature","id":"maus-577","geometry":{"type":"Point","coordinates":[142.218401,-33.36225]},"properties":{"id":"maus-577","type":"mining-area","name":"Mapped mining area 577","country":"AUS","source_id":"maus-mining-2022","year":2019,"value":12.111282944074572,"unit":"km²","metric":"Mapped mining land area","original_value":12.111282944074572,"original_unit":"km²","source_row":577,"estimated":true}},{"type":"Feature","id":"maus-30961","geometry":{"type":"Point","coordinates":[107.930084,-2.752896]},"properties":{"id":"maus-30961","type":"mining-area","name":"Mapped mining area 30961","country":"IDN","source_id":"maus-mining-2022","year":2019,"value":12.102981753205272,"unit":"km²","metric":"Mapped mining land area","original_value":12.102981753205272,"original_unit":"km²","source_row":30961,"estimated":true}},{"type":"Feature","id":"maus-18115","geometry":{"type":"Point","coordinates":[123.881524,41.84205]},"properties":{"id":"maus-18115","type":"mining-area","name":"Mapped mining area 18115","country":"CHN","source_id":"maus-mining-2022","year":2019,"value":12.09950782786194,"unit":"km²","metric":"Mapped mining land area","original_value":12.09950782786194,"original_unit":"km²","source_row":18115,"estimated":true}},{"type":"Feature","id":"maus-19100","geometry":{"type":"Point","coordinates":[129.499344,49.78055]},"properties":{"id":"maus-19100","type":"mining-area","name":"Mapped mining area 19100","country":"RUS","source_id":"maus-mining-2022","year":2019,"value":12.098075554358658,"unit":"km²","metric":"Mapped mining land area","original_value":12.098075554358658,"original_unit":"km²","source_row":19100,"estimated":true}},{"type":"Feature","id":"maus-43838","geometry":{"type":"Point","coordinates":[95.2389,23.494879]},"properties":{"id":"maus-43838","type":"mining-area","name":"Mapped mining area 43838","country":"MMR","source_id":"maus-mining-2022","year":2019,"value":12.098045229220258,"unit":"km²","metric":"Mapped mining land area","original_value":12.098045229220258,"original_unit":"km²","source_row":43838,"estimated":true}},{"type":"Feature","id":"maus-18397","geometry":{"type":"Point","coordinates":[118.231237,50.107]},"properties":{"id":"maus-18397","type":"mining-area","name":"Mapped mining area 18397","country":"RUS","source_id":"maus-mining-2022","year":2019,"value":12.091231311334333,"unit":"km²","metric":"Mapped mining land area","original_value":12.091231311334333,"original_unit":"km²","source_row":18397,"estimated":true}},{"type":"Feature","id":"maus-44078","geometry":{"type":"Point","coordinates":[29.159774,-25.908601]},"properties":{"id":"maus-44078","type":"mining-area","name":"Mapped mining area 44078","country":"ZAF","source_id":"maus-mining-2022","year":2019,"value":12.080421538817308,"unit":"km²","metric":"Mapped mining land area","original_value":12.080421538817308,"original_unit":"km²","source_row":44078,"estimated":true}},{"type":"Feature","id":"maus-22415","geometry":{"type":"Point","coordinates":[119.27991,-30.018244]},"properties":{"id":"maus-22415","type":"mining-area","name":"Mapped mining area 22415","country":"AUS","source_id":"maus-mining-2022","year":2019,"value":12.052054185668377,"unit":"km²","metric":"Mapped mining land area","original_value":12.052054185668377,"original_unit":"km²","source_row":22415,"estimated":true}},{"type":"Feature","id":"maus-20050","geometry":{"type":"Point","coordinates":[134.776688,-29.024895]},"properties":{"id":"maus-20050","type":"mining-area","name":"Mapped mining area 20050","country":"AUS","source_id":"maus-mining-2022","year":2019,"value":12.037619901041294,"unit":"km²","metric":"Mapped mining land area","original_value":12.037619901041294,"original_unit":"km²","source_row":20050,"estimated":true}},{"type":"Feature","id":"maus-11089","geometry":{"type":"Point","coordinates":[37.569781,48.75185]},"properties":{"id":"maus-11089","type":"mining-area","name":"Mapped mining area 11089","country":"UKR","source_id":"maus-mining-2022","year":2019,"value":12.028360448597716,"unit":"km²","metric":"Mapped mining land area","original_value":12.028360448597716,"original_unit":"km²","source_row":11089,"estimated":true}},{"type":"Feature","id":"maus-2018","geometry":{"type":"Point","coordinates":[-69.960746,-29.36765]},"properties":{"id":"maus-2018","type":"mining-area","name":"Mapped mining area 2018","country":"ARG","source_id":"maus-mining-2022","year":2019,"value":12.027520529705846,"unit":"km²","metric":"Mapped mining land area","original_value":12.027520529705846,"original_unit":"km²","source_row":2018,"estimated":true}},{"type":"Feature","id":"maus-23315","geometry":{"type":"Point","coordinates":[-47.839726,-2.385491]},"properties":{"id":"maus-23315","type":"mining-area","name":"Mapped mining area 23315","country":"BRA","source_id":"maus-mining-2022","year":2019,"value":12.02095720644864,"unit":"km²","metric":"Mapped mining land area","original_value":12.02095720644864,"original_unit":"km²","source_row":23315,"estimated":true}},{"type":"Feature","id":"maus-13489","geometry":{"type":"Point","coordinates":[62.740058,52.549]},"properties":{"id":"maus-13489","type":"mining-area","name":"Mapped mining area 13489","country":"KAZ","source_id":"maus-mining-2022","year":2019,"value":12.008332991739293,"unit":"km²","metric":"Mapped mining land area","original_value":12.008332991739293,"original_unit":"km²","source_row":13489,"estimated":true}},{"type":"Feature","id":"maus-42603","geometry":{"type":"Point","coordinates":[-59.468453,6.501232]},"properties":{"id":"maus-42603","type":"mining-area","name":"Mapped mining area 42603","country":"GUY","source_id":"maus-mining-2022","year":2019,"value":12.008254475073107,"unit":"km²","metric":"Mapped mining land area","original_value":12.008254475073107,"original_unit":"km²","source_row":42603,"estimated":true}},{"type":"Feature","id":"maus-19447","geometry":{"type":"Point","coordinates":[166.254361,68.1302]},"properties":{"id":"maus-19447","type":"mining-area","name":"Mapped mining area 19447","country":"RUS","source_id":"maus-mining-2022","year":2019,"value":12.00563308324868,"unit":"km²","metric":"Mapped mining land area","original_value":12.00563308324868,"original_unit":"km²","source_row":19447,"estimated":true}},{"type":"Feature","id":"maus-2773","geometry":{"type":"Point","coordinates":[-68.835566,-21.9162]},"properties":{"id":"maus-2773","type":"mining-area","name":"Mapped mining area 2773","country":"CHL","source_id":"maus-mining-2022","year":2019,"value":11.979401563631503,"unit":"km²","metric":"Mapped mining land area","original_value":11.979401563631503,"original_unit":"km²","source_row":2773,"estimated":true}},{"type":"Feature","id":"maus-8253","geometry":{"type":"Point","coordinates":[113.716813,24.54925]},"properties":{"id":"maus-8253","type":"mining-area","name":"Mapped mining area 8253","country":"CHN","source_id":"maus-mining-2022","year":2019,"value":11.978108299795974,"unit":"km²","metric":"Mapped mining land area","original_value":11.978108299795974,"original_unit":"km²","source_row":8253,"estimated":true}},{"type":"Feature","id":"maus-36814","geometry":{"type":"Point","coordinates":[63.811129,42.092618]},"properties":{"id":"maus-36814","type":"mining-area","name":"Mapped mining area 36814","country":"UZB","source_id":"maus-mining-2022","year":2019,"value":11.971452709451523,"unit":"km²","metric":"Mapped mining land area","original_value":11.971452709451523,"original_unit":"km²","source_row":36814,"estimated":true}},{"type":"Feature","id":"maus-19222","geometry":{"type":"Point","coordinates":[125.582487,58.862]},"properties":{"id":"maus-19222","type":"mining-area","name":"Mapped mining area 19222","country":"RUS","source_id":"maus-mining-2022","year":2019,"value":11.961176769208393,"unit":"km²","metric":"Mapped mining land area","original_value":11.961176769208393,"original_unit":"km²","source_row":19222,"estimated":true}},{"type":"Feature","id":"maus-13624","geometry":{"type":"Point","coordinates":[62.891117,52.68745]},"properties":{"id":"maus-13624","type":"mining-area","name":"Mapped mining area 13624","country":"KAZ","source_id":"maus-mining-2022","year":2019,"value":11.956891719404394,"unit":"km²","metric":"Mapped mining land area","original_value":11.956891719404394,"original_unit":"km²","source_row":13624,"estimated":true}},{"type":"Feature","id":"maus-3167","geometry":{"type":"Point","coordinates":[-43.859122,-20.4215]},"properties":{"id":"maus-3167","type":"mining-area","name":"Mapped mining area 3167","country":"BRA","source_id":"maus-mining-2022","year":2019,"value":11.941568536318654,"unit":"km²","metric":"Mapped mining land area","original_value":11.941568536318654,"original_unit":"km²","source_row":3167,"estimated":true}},{"type":"Feature","id":"maus-15376","geometry":{"type":"Point","coordinates":[111.595914,38.1439]},"properties":{"id":"maus-15376","type":"mining-area","name":"Mapped mining area 15376","country":"CHN","source_id":"maus-mining-2022","year":2019,"value":11.921819779802599,"unit":"km²","metric":"Mapped mining land area","original_value":11.921819779802599,"original_unit":"km²","source_row":15376,"estimated":true}},{"type":"Feature","id":"maus-10492","geometry":{"type":"Point","coordinates":[-75.907375,40.98765]},"properties":{"id":"maus-10492","type":"mining-area","name":"Mapped mining area 10492","country":"USA","source_id":"maus-mining-2022","year":2019,"value":11.914213735856707,"unit":"km²","metric":"Mapped mining land area","original_value":11.914213735856707,"original_unit":"km²","source_row":10492,"estimated":true}},{"type":"Feature","id":"maus-17928","geometry":{"type":"Point","coordinates":[121.68498,41.994]},"properties":{"id":"maus-17928","type":"mining-area","name":"Mapped mining area 17928","country":"CHN","source_id":"maus-mining-2022","year":2019,"value":11.91275713410081,"unit":"km²","metric":"Mapped mining land area","original_value":11.91275713410081,"original_unit":"km²","source_row":17928,"estimated":true}},{"type":"Feature","id":"maus-41725","geometry":{"type":"Point","coordinates":[123.301697,54.082688]},"properties":{"id":"maus-41725","type":"mining-area","name":"Mapped mining area 41725","country":"RUS","source_id":"maus-mining-2022","year":2019,"value":11.908707160309266,"unit":"km²","metric":"Mapped mining land area","original_value":11.908707160309266,"original_unit":"km²","source_row":41725,"estimated":true}},{"type":"Feature","id":"maus-9540","geometry":{"type":"Point","coordinates":[-81.369952,37.97935]},"properties":{"id":"maus-9540","type":"mining-area","name":"Mapped mining area 9540","country":"USA","source_id":"maus-mining-2022","year":2019,"value":11.905043387422882,"unit":"km²","metric":"Mapped mining land area","original_value":11.905043387422882,"original_unit":"km²","source_row":9540,"estimated":true}},{"type":"Feature","id":"maus-1193","geometry":{"type":"Point","coordinates":[115.92769,-32.63415]},"properties":{"id":"maus-1193","type":"mining-area","name":"Mapped mining area 1193","country":"AUS","source_id":"maus-mining-2022","year":2019,"value":11.890620386487933,"unit":"km²","metric":"Mapped mining land area","original_value":11.890620386487933,"original_unit":"km²","source_row":1193,"estimated":true}},{"type":"Feature","id":"maus-5003","geometry":{"type":"Point","coordinates":[-55.486032,4.93745]},"properties":{"id":"maus-5003","type":"mining-area","name":"Mapped mining area 5003","country":"SUR","source_id":"maus-mining-2022","year":2019,"value":11.886203253852745,"unit":"km²","metric":"Mapped mining land area","original_value":11.886203253852745,"original_unit":"km²","source_row":5003,"estimated":true}},{"type":"Feature","id":"maus-18492","geometry":{"type":"Point","coordinates":[88.172534,69.28835]},"properties":{"id":"maus-18492","type":"mining-area","name":"Mapped mining area 18492","country":"RUS","source_id":"maus-mining-2022","year":2019,"value":11.884300363433926,"unit":"km²","metric":"Mapped mining land area","original_value":11.884300363433926,"original_unit":"km²","source_row":18492,"estimated":true}},{"type":"Feature","id":"maus-28626","geometry":{"type":"Point","coordinates":[118.55366,40.113968]},"properties":{"id":"maus-28626","type":"mining-area","name":"Mapped mining area 28626","country":"CHN","source_id":"maus-mining-2022","year":2019,"value":11.884090474026943,"unit":"km²","metric":"Mapped mining land area","original_value":11.884090474026943,"original_unit":"km²","source_row":28626,"estimated":true}},{"type":"Feature","id":"maus-17054","geometry":{"type":"Point","coordinates":[-107.046286,45.78565]},"properties":{"id":"maus-17054","type":"mining-area","name":"Mapped mining area 17054","country":"USA","source_id":"maus-mining-2022","year":2019,"value":11.856029033121162,"unit":"km²","metric":"Mapped mining land area","original_value":11.856029033121162,"original_unit":"km²","source_row":17054,"estimated":true}},{"type":"Feature","id":"maus-2216","geometry":{"type":"Point","coordinates":[32.351446,-28.5643]},"properties":{"id":"maus-2216","type":"mining-area","name":"Mapped mining area 2216","country":"ZAF","source_id":"maus-mining-2022","year":2019,"value":11.85520016762133,"unit":"km²","metric":"Mapped mining land area","original_value":11.85520016762133,"original_unit":"km²","source_row":2216,"estimated":true}},{"type":"Feature","id":"maus-21692","geometry":{"type":"Point","coordinates":[-65.481603,48.923232]},"properties":{"id":"maus-21692","type":"mining-area","name":"Mapped mining area 21692","country":"CAN","source_id":"maus-mining-2022","year":2019,"value":11.853187527599019,"unit":"km²","metric":"Mapped mining land area","original_value":11.853187527599019,"original_unit":"km²","source_row":21692,"estimated":true}},{"type":"Feature","id":"maus-43316","geometry":{"type":"Point","coordinates":[114.670634,-1.061283]},"properties":{"id":"maus-43316","type":"mining-area","name":"Mapped mining area 43316","country":"IDN","source_id":"maus-mining-2022","year":2019,"value":11.851188431174686,"unit":"km²","metric":"Mapped mining land area","original_value":11.851188431174686,"original_unit":"km²","source_row":43316,"estimated":true}},{"type":"Feature","id":"maus-41241","geometry":{"type":"Point","coordinates":[-57.564224,-5.138361]},"properties":{"id":"maus-41241","type":"mining-area","name":"Mapped mining area 41241","country":"BRA","source_id":"maus-mining-2022","year":2019,"value":11.85036046552471,"unit":"km²","metric":"Mapped mining land area","original_value":11.85036046552471,"original_unit":"km²","source_row":41241,"estimated":true}},{"type":"Feature","id":"maus-43899","geometry":{"type":"Point","coordinates":[25.980467,-26.176457]},"properties":{"id":"maus-43899","type":"mining-area","name":"Mapped mining area 43899","country":"ZAF","source_id":"maus-mining-2022","year":2019,"value":11.84953991006175,"unit":"km²","metric":"Mapped mining land area","original_value":11.84953991006175,"original_unit":"km²","source_row":43899,"estimated":true}},{"type":"Feature","id":"maus-42613","geometry":{"type":"Point","coordinates":[-59.298633,6.093551]},"properties":{"id":"maus-42613","type":"mining-area","name":"Mapped mining area 42613","country":"GUY","source_id":"maus-mining-2022","year":2019,"value":11.848269482257782,"unit":"km²","metric":"Mapped mining land area","original_value":11.848269482257782,"original_unit":"km²","source_row":42613,"estimated":true}},{"type":"Feature","id":"maus-26461","geometry":{"type":"Point","coordinates":[-111.100013,57.234941]},"properties":{"id":"maus-26461","type":"mining-area","name":"Mapped mining area 26461","country":"CAN","source_id":"maus-mining-2022","year":2019,"value":11.84796936727383,"unit":"km²","metric":"Mapped mining land area","original_value":11.84796936727383,"original_unit":"km²","source_row":26461,"estimated":true}},{"type":"Feature","id":"maus-1382","geometry":{"type":"Point","coordinates":[121.920678,-28.7653]},"properties":{"id":"maus-1382","type":"mining-area","name":"Mapped mining area 1382","country":"AUS","source_id":"maus-mining-2022","year":2019,"value":11.844733128194617,"unit":"km²","metric":"Mapped mining land area","original_value":11.844733128194617,"original_unit":"km²","source_row":1382,"estimated":true}},{"type":"Feature","id":"maus-19576","geometry":{"type":"Point","coordinates":[106.902525,39.45875]},"properties":{"id":"maus-19576","type":"mining-area","name":"Mapped mining area 19576","country":"CHN","source_id":"maus-mining-2022","year":2019,"value":11.843956978441565,"unit":"km²","metric":"Mapped mining land area","original_value":11.843956978441565,"original_unit":"km²","source_row":19576,"estimated":true}},{"type":"Feature","id":"maus-16670","geometry":{"type":"Point","coordinates":[-105.400675,44.1485]},"properties":{"id":"maus-16670","type":"mining-area","name":"Mapped mining area 16670","country":"USA","source_id":"maus-mining-2022","year":2019,"value":11.830471155809803,"unit":"km²","metric":"Mapped mining land area","original_value":11.830471155809803,"original_unit":"km²","source_row":16670,"estimated":true}},{"type":"Feature","id":"maus-13025","geometry":{"type":"Point","coordinates":[66.973512,50.26245]},"properties":{"id":"maus-13025","type":"mining-area","name":"Mapped mining area 13025","country":"KAZ","source_id":"maus-mining-2022","year":2019,"value":11.82149067165198,"unit":"km²","metric":"Mapped mining land area","original_value":11.82149067165198,"original_unit":"km²","source_row":13025,"estimated":true}},{"type":"Feature","id":"maus-12884","geometry":{"type":"Point","coordinates":[58.495144,51.47385]},"properties":{"id":"maus-12884","type":"mining-area","name":"Mapped mining area 12884","country":"RUS","source_id":"maus-mining-2022","year":2019,"value":11.821426520781678,"unit":"km²","metric":"Mapped mining land area","original_value":11.821426520781678,"original_unit":"km²","source_row":12884,"estimated":true}},{"type":"Feature","id":"maus-44077","geometry":{"type":"Point","coordinates":[29.627599,-26.0325]},"properties":{"id":"maus-44077","type":"mining-area","name":"Mapped mining area 44077","country":"ZAF","source_id":"maus-mining-2022","year":2019,"value":11.8182813968565,"unit":"km²","metric":"Mapped mining land area","original_value":11.8182813968565,"original_unit":"km²","source_row":44077,"estimated":true}},{"type":"Feature","id":"maus-44458","geometry":{"type":"Point","coordinates":[110.457396,39.379068]},"properties":{"id":"maus-44458","type":"mining-area","name":"Mapped mining area 44458","country":"CHN","source_id":"maus-mining-2022","year":2019,"value":11.812848428957771,"unit":"km²","metric":"Mapped mining land area","original_value":11.812848428957771,"original_unit":"km²","source_row":44458,"estimated":true}},{"type":"Feature","id":"maus-11602","geometry":{"type":"Point","coordinates":[-110.424047,31.0426]},"properties":{"id":"maus-11602","type":"mining-area","name":"Mapped mining area 11602","country":"MEX","source_id":"maus-mining-2022","year":2019,"value":11.796488430849775,"unit":"km²","metric":"Mapped mining land area","original_value":11.796488430849775,"original_unit":"km²","source_row":11602,"estimated":true}},{"type":"Feature","id":"maus-44609","geometry":{"type":"Point","coordinates":[114.771992,58.397992]},"properties":{"id":"maus-44609","type":"mining-area","name":"Mapped mining area 44609","country":"RUS","source_id":"maus-mining-2022","year":2019,"value":11.786573143521057,"unit":"km²","metric":"Mapped mining land area","original_value":11.786573143521057,"original_unit":"km²","source_row":44609,"estimated":true}},{"type":"Feature","id":"maus-7139","geometry":{"type":"Point","coordinates":[82.748419,24.1645]},"properties":{"id":"maus-7139","type":"mining-area","name":"Mapped mining area 7139","country":"IND","source_id":"maus-mining-2022","year":2019,"value":11.770203226469526,"unit":"km²","metric":"Mapped mining land area","original_value":11.770203226469526,"original_unit":"km²","source_row":7139,"estimated":true}},{"type":"Feature","id":"maus-6897","geometry":{"type":"Point","coordinates":[55.16651,30.43665]},"properties":{"id":"maus-6897","type":"mining-area","name":"Mapped mining area 6897","country":"IRN","source_id":"maus-mining-2022","year":2019,"value":11.76562677229355,"unit":"km²","metric":"Mapped mining land area","original_value":11.76562677229355,"original_unit":"km²","source_row":6897,"estimated":true}},{"type":"Feature","id":"maus-2408","geometry":{"type":"Point","coordinates":[16.799023,-28.32245]},"properties":{"id":"maus-2408","type":"mining-area","name":"Mapped mining area 2408","country":"ZAF","source_id":"maus-mining-2022","year":2019,"value":11.761673824150819,"unit":"km²","metric":"Mapped mining land area","original_value":11.761673824150819,"original_unit":"km²","source_row":2408,"estimated":true}},{"type":"Feature","id":"maus-8022","geometry":{"type":"Point","coordinates":[102.09286,27.08405]},"properties":{"id":"maus-8022","type":"mining-area","name":"Mapped mining area 8022","country":"CHN","source_id":"maus-mining-2022","year":2019,"value":11.758171132448933,"unit":"km²","metric":"Mapped mining land area","original_value":11.758171132448933,"original_unit":"km²","source_row":8022,"estimated":true}},{"type":"Feature","id":"maus-43818","geometry":{"type":"Point","coordinates":[95.395746,25.434664]},"properties":{"id":"maus-43818","type":"mining-area","name":"Mapped mining area 43818","country":"MMR","source_id":"maus-mining-2022","year":2019,"value":11.74915573956156,"unit":"km²","metric":"Mapped mining land area","original_value":11.74915573956156,"original_unit":"km²","source_row":43818,"estimated":true}},{"type":"Feature","id":"maus-43903","geometry":{"type":"Point","coordinates":[25.837293,-25.832418]},"properties":{"id":"maus-43903","type":"mining-area","name":"Mapped mining area 43903","country":"ZAF","source_id":"maus-mining-2022","year":2019,"value":11.741937372976373,"unit":"km²","metric":"Mapped mining land area","original_value":11.741937372976373,"original_unit":"km²","source_row":43903,"estimated":true}},{"type":"Feature","id":"maus-16671","geometry":{"type":"Point","coordinates":[60.04603,59.9026]},"properties":{"id":"maus-16671","type":"mining-area","name":"Mapped mining area 16671","country":"RUS","source_id":"maus-mining-2022","year":2019,"value":11.740822095351925,"unit":"km²","metric":"Mapped mining land area","original_value":11.740822095351925,"original_unit":"km²","source_row":16671,"estimated":true}},{"type":"Feature","id":"maus-3727","geometry":{"type":"Point","coordinates":[33.672024,-16.1708]},"properties":{"id":"maus-3727","type":"mining-area","name":"Mapped mining area 3727","country":"MOZ","source_id":"maus-mining-2022","year":2019,"value":11.731563314151076,"unit":"km²","metric":"Mapped mining land area","original_value":11.731563314151076,"original_unit":"km²","source_row":3727,"estimated":true}},{"type":"Feature","id":"maus-30498","geometry":{"type":"Point","coordinates":[82.450851,24.227633]},"properties":{"id":"maus-30498","type":"mining-area","name":"Mapped mining area 30498","country":"IND","source_id":"maus-mining-2022","year":2019,"value":11.729015311703689,"unit":"km²","metric":"Mapped mining land area","original_value":11.729015311703689,"original_unit":"km²","source_row":30498,"estimated":true}},{"type":"Feature","id":"maus-5463","geometry":{"type":"Point","coordinates":[-13.787613,11.0621]},"properties":{"id":"maus-5463","type":"mining-area","name":"Mapped mining area 5463","country":"GIN","source_id":"maus-mining-2022","year":2019,"value":11.725414086296873,"unit":"km²","metric":"Mapped mining land area","original_value":11.725414086296873,"original_unit":"km²","source_row":5463,"estimated":true}},{"type":"Feature","id":"maus-1815","geometry":{"type":"Point","coordinates":[117.940846,-22.13105]},"properties":{"id":"maus-1815","type":"mining-area","name":"Mapped mining area 1815","country":"AUS","source_id":"maus-mining-2022","year":2019,"value":11.722744111220283,"unit":"km²","metric":"Mapped mining land area","original_value":11.722744111220283,"original_unit":"km²","source_row":1815,"estimated":true}},{"type":"Feature","id":"maus-689","geometry":{"type":"Point","coordinates":[148.406981,-22.59655]},"properties":{"id":"maus-689","type":"mining-area","name":"Mapped mining area 689","country":"AUS","source_id":"maus-mining-2022","year":2019,"value":11.704884205846337,"unit":"km²","metric":"Mapped mining land area","original_value":11.704884205846337,"original_unit":"km²","source_row":689,"estimated":true}},{"type":"Feature","id":"maus-30729","geometry":{"type":"Point","coordinates":[117.252571,1.857651]},"properties":{"id":"maus-30729","type":"mining-area","name":"Mapped mining area 30729","country":"IDN","source_id":"maus-mining-2022","year":2019,"value":11.70295382423283,"unit":"km²","metric":"Mapped mining land area","original_value":11.70295382423283,"original_unit":"km²","source_row":30729,"estimated":true}},{"type":"Feature","id":"maus-25333","geometry":{"type":"Point","coordinates":[-73.275414,61.682218]},"properties":{"id":"maus-25333","type":"mining-area","name":"Mapped mining area 25333","country":"CAN","source_id":"maus-mining-2022","year":2019,"value":11.67786991060278,"unit":"km²","metric":"Mapped mining land area","original_value":11.67786991060278,"original_unit":"km²","source_row":25333,"estimated":true}},{"type":"Feature","id":"maus-44702","geometry":{"type":"Point","coordinates":[-56.272066,-6.374586]},"properties":{"id":"maus-44702","type":"mining-area","name":"Mapped mining area 44702","country":"BRA","source_id":"maus-mining-2022","year":2019,"value":11.677214116812115,"unit":"km²","metric":"Mapped mining land area","original_value":11.677214116812115,"original_unit":"km²","source_row":44702,"estimated":true}},{"type":"Feature","id":"maus-13491","geometry":{"type":"Point","coordinates":[62.605185,52.551]},"properties":{"id":"maus-13491","type":"mining-area","name":"Mapped mining area 13491","country":"KAZ","source_id":"maus-mining-2022","year":2019,"value":11.672875009703034,"unit":"km²","metric":"Mapped mining land area","original_value":11.672875009703034,"original_unit":"km²","source_row":13491,"estimated":true}},{"type":"Feature","id":"maus-44240","geometry":{"type":"Point","coordinates":[115.30913,0.5285]},"properties":{"id":"maus-44240","type":"mining-area","name":"Mapped mining area 44240","country":"IDN","source_id":"maus-mining-2022","year":2019,"value":11.667006356267287,"unit":"km²","metric":"Mapped mining land area","original_value":11.667006356267287,"original_unit":"km²","source_row":44240,"estimated":true}},{"type":"Feature","id":"maus-12056","geometry":{"type":"Point","coordinates":[35.443177,52.2803]},"properties":{"id":"maus-12056","type":"mining-area","name":"Mapped mining area 12056","country":"RUS","source_id":"maus-mining-2022","year":2019,"value":11.665129479645161,"unit":"km²","metric":"Mapped mining land area","original_value":11.665129479645161,"original_unit":"km²","source_row":12056,"estimated":true}},{"type":"Feature","id":"maus-4318","geometry":{"type":"Point","coordinates":[-56.042944,-6.35425]},"properties":{"id":"maus-4318","type":"mining-area","name":"Mapped mining area 4318","country":"BRA","source_id":"maus-mining-2022","year":2019,"value":11.646474343171882,"unit":"km²","metric":"Mapped mining land area","original_value":11.646474343171882,"original_unit":"km²","source_row":4318,"estimated":true}},{"type":"Feature","id":"maus-6134","geometry":{"type":"Point","coordinates":[76.624048,15.063]},"properties":{"id":"maus-6134","type":"mining-area","name":"Mapped mining area 6134","country":"IND","source_id":"maus-mining-2022","year":2019,"value":11.642459533542386,"unit":"km²","metric":"Mapped mining land area","original_value":11.642459533542386,"original_unit":"km²","source_row":6134,"estimated":true}},{"type":"Feature","id":"maus-44672","geometry":{"type":"Point","coordinates":[-56.416148,-6.14538]},"properties":{"id":"maus-44672","type":"mining-area","name":"Mapped mining area 44672","country":"BRA","source_id":"maus-mining-2022","year":2019,"value":11.641192647394814,"unit":"km²","metric":"Mapped mining land area","original_value":11.641192647394814,"original_unit":"km²","source_row":44672,"estimated":true}},{"type":"Feature","id":"maus-15063","geometry":{"type":"Point","coordinates":[-107.244362,40.3707]},"properties":{"id":"maus-15063","type":"mining-area","name":"Mapped mining area 15063","country":"USA","source_id":"maus-mining-2022","year":2019,"value":11.640809209545582,"unit":"km²","metric":"Mapped mining land area","original_value":11.640809209545582,"original_unit":"km²","source_row":15063,"estimated":true}},{"type":"Feature","id":"maus-2237","geometry":{"type":"Point","coordinates":[24.821365,-28.7847]},"properties":{"id":"maus-2237","type":"mining-area","name":"Mapped mining area 2237","country":"ZAF","source_id":"maus-mining-2022","year":2019,"value":11.637119904126264,"unit":"km²","metric":"Mapped mining land area","original_value":11.637119904126264,"original_unit":"km²","source_row":2237,"estimated":true}},{"type":"Feature","id":"maus-11638","geometry":{"type":"Point","coordinates":[37.741066,48.8769]},"properties":{"id":"maus-11638","type":"mining-area","name":"Mapped mining area 11638","country":"UKR","source_id":"maus-mining-2022","year":2019,"value":11.62968578050985,"unit":"km²","metric":"Mapped mining land area","original_value":11.62968578050985,"original_unit":"km²","source_row":11638,"estimated":true}},{"type":"Feature","id":"maus-11601","geometry":{"type":"Point","coordinates":[-87.277186,38.94575]},"properties":{"id":"maus-11601","type":"mining-area","name":"Mapped mining area 11601","country":"USA","source_id":"maus-mining-2022","year":2019,"value":11.629256356371819,"unit":"km²","metric":"Mapped mining land area","original_value":11.629256356371819,"original_unit":"km²","source_row":11601,"estimated":true}},{"type":"Feature","id":"maus-1600","geometry":{"type":"Point","coordinates":[138.656145,-18.7835]},"properties":{"id":"maus-1600","type":"mining-area","name":"Mapped mining area 1600","country":"AUS","source_id":"maus-mining-2022","year":2019,"value":11.6277274061735,"unit":"km²","metric":"Mapped mining land area","original_value":11.6277274061735,"original_unit":"km²","source_row":1600,"estimated":true}},{"type":"Feature","id":"maus-12714","geometry":{"type":"Point","coordinates":[-105.508874,36.6989]},"properties":{"id":"maus-12714","type":"mining-area","name":"Mapped mining area 12714","country":"USA","source_id":"maus-mining-2022","year":2019,"value":11.626472762481237,"unit":"km²","metric":"Mapped mining land area","original_value":11.626472762481237,"original_unit":"km²","source_row":12714,"estimated":true}},{"type":"Feature","id":"maus-27659","geometry":{"type":"Point","coordinates":[109.13264,40.792823]},"properties":{"id":"maus-27659","type":"mining-area","name":"Mapped mining area 27659","country":"CHN","source_id":"maus-mining-2022","year":2019,"value":11.612225375123082,"unit":"km²","metric":"Mapped mining land area","original_value":11.612225375123082,"original_unit":"km²","source_row":27659,"estimated":true}},{"type":"Feature","id":"maus-5525","geometry":{"type":"Point","coordinates":[-73.478476,9.65505]},"properties":{"id":"maus-5525","type":"mining-area","name":"Mapped mining area 5525","country":"COL","source_id":"maus-mining-2022","year":2019,"value":11.611957359363632,"unit":"km²","metric":"Mapped mining land area","original_value":11.611957359363632,"original_unit":"km²","source_row":5525,"estimated":true}},{"type":"Feature","id":"maus-13820","geometry":{"type":"Point","coordinates":[111.356286,36.86865]},"properties":{"id":"maus-13820","type":"mining-area","name":"Mapped mining area 13820","country":"CHN","source_id":"maus-mining-2022","year":2019,"value":11.609094524702115,"unit":"km²","metric":"Mapped mining land area","original_value":11.609094524702115,"original_unit":"km²","source_row":13820,"estimated":true}},{"type":"Feature","id":"maus-7998","geometry":{"type":"Point","coordinates":[91.761379,29.7039]},"properties":{"id":"maus-7998","type":"mining-area","name":"Mapped mining area 7998","country":"CHN","source_id":"maus-mining-2022","year":2019,"value":11.600055876771814,"unit":"km²","metric":"Mapped mining land area","original_value":11.600055876771814,"original_unit":"km²","source_row":7998,"estimated":true}},{"type":"Feature","id":"maus-44511","geometry":{"type":"Point","coordinates":[-90.3793,52.594341]},"properties":{"id":"maus-44511","type":"mining-area","name":"Mapped mining area 44511","country":"CAN","source_id":"maus-mining-2022","year":2019,"value":11.580224434507832,"unit":"km²","metric":"Mapped mining land area","original_value":11.580224434507832,"original_unit":"km²","source_row":44511,"estimated":true}},{"type":"Feature","id":"maus-12019","geometry":{"type":"Point","coordinates":[37.630632,51.2775]},"properties":{"id":"maus-12019","type":"mining-area","name":"Mapped mining area 12019","country":"RUS","source_id":"maus-mining-2022","year":2019,"value":11.557109803801927,"unit":"km²","metric":"Mapped mining land area","original_value":11.557109803801927,"original_unit":"km²","source_row":12019,"estimated":true}},{"type":"Feature","id":"maus-44461","geometry":{"type":"Point","coordinates":[110.561108,39.59385]},"properties":{"id":"maus-44461","type":"mining-area","name":"Mapped mining area 44461","country":"CHN","source_id":"maus-mining-2022","year":2019,"value":11.552433453037484,"unit":"km²","metric":"Mapped mining land area","original_value":11.552433453037484,"original_unit":"km²","source_row":44461,"estimated":true}},{"type":"Feature","id":"maus-5779","geometry":{"type":"Point","coordinates":[125.900555,9.3695]},"properties":{"id":"maus-5779","type":"mining-area","name":"Mapped mining area 5779","country":"PHL","source_id":"maus-mining-2022","year":2019,"value":11.550270398657025,"unit":"km²","metric":"Mapped mining land area","original_value":11.550270398657025,"original_unit":"km²","source_row":5779,"estimated":true}},{"type":"Feature","id":"maus-43614","geometry":{"type":"Point","coordinates":[29.338433,37.868455]},"properties":{"id":"maus-43614","type":"mining-area","name":"Mapped mining area 43614","country":"TUR","source_id":"maus-mining-2022","year":2019,"value":11.546747707734626,"unit":"km²","metric":"Mapped mining land area","original_value":11.546747707734626,"original_unit":"km²","source_row":43614,"estimated":true}},{"type":"Feature","id":"maus-3335","geometry":{"type":"Point","coordinates":[-44.131085,-20.1119]},"properties":{"id":"maus-3335","type":"mining-area","name":"Mapped mining area 3335","country":"BRA","source_id":"maus-mining-2022","year":2019,"value":11.545234148773153,"unit":"km²","metric":"Mapped mining land area","original_value":11.545234148773153,"original_unit":"km²","source_row":3335,"estimated":true}},{"type":"Feature","id":"maus-9468","geometry":{"type":"Point","coordinates":[-83.327228,37.3764]},"properties":{"id":"maus-9468","type":"mining-area","name":"Mapped mining area 9468","country":"USA","source_id":"maus-mining-2022","year":2019,"value":11.544467782601757,"unit":"km²","metric":"Mapped mining land area","original_value":11.544467782601757,"original_unit":"km²","source_row":9468,"estimated":true}}]}