{"type":"FeatureCollection","version":"2026-09-19","metadata":{"total_records":31819,"displayed_records":1000,"subset":"Top 1,000 outfalls by modeled annual emissions; not a complete map of rivers.","full_dataset_tonnes_per_year":1005984.146652,"displayed_tonnes_per_year":722553.741,"year":2015,"source_id":"meijer-rivers-2021","uncertainty":"Midpoint scenario. Per-site intervals are absent in the distributed shapefile. Article reports substantial model uncertainty; these are not measured discharge rates.","position_method":"Original WGS84 river-outfall coordinates; display rounded to six decimals.","country_coverage":"Country absent in original file. Pasig identified using article ranking; other countries remain null."},"features":[{"type":"Feature","id":"meijer-12639","geometry":{"type":"Point","coordinates":[120.957083,14.595417]},"properties":{"id":"meijer-12639","type":"river-plastic","name":"Pasig River outfall","country":"PHL","source_id":"meijer-rivers-2021","year":2015,"value":62591.9,"unit":"tonnes/year","metric":"Modeled floating macroplastic emissions","original_value":62591.9,"original_unit":"metric tons/year","source_row":12639,"estimated":true}},{"type":"Feature","id":"meijer-12656","geometry":{"type":"Point","coordinates":[120.948333,14.649583]},"properties":{"id":"meijer-12656","type":"river-plastic","name":"River outfall 12656","country":null,"source_id":"meijer-rivers-2021","year":2015,"value":13450.2,"unit":"tonnes/year","metric":"Modeled floating macroplastic emissions","original_value":13450.2,"original_unit":"metric tons/year","source_row":12656,"estimated":true}},{"type":"Feature","id":"meijer-16880","geometry":{"type":"Point","coordinates":[72.912917,19.289583]},"properties":{"id":"meijer-16880","type":"river-plastic","name":"River outfall 16880","country":null,"source_id":"meijer-rivers-2021","year":2015,"value":13432.9,"unit":"tonnes/year","metric":"Modeled floating macroplastic emissions","original_value":13432.9,"original_unit":"metric tons/year","source_row":16880,"estimated":true}},{"type":"Feature","id":"meijer-13361","geometry":{"type":"Point","coordinates":[101.38875,3.002917]},"properties":{"id":"meijer-13361","type":"river-plastic","name":"River outfall 13361","country":null,"source_id":"meijer-rivers-2021","year":2015,"value":12816.0,"unit":"tonnes/year","metric":"Modeled floating macroplastic emissions","original_value":12816.0,"original_unit":"metric tons/year","source_row":13361,"estimated":true}},{"type":"Feature","id":"meijer-12693","geometry":{"type":"Point","coordinates":[120.900417,14.717083]},"properties":{"id":"meijer-12693","type":"river-plastic","name":"River outfall 12693","country":null,"source_id":"meijer-rivers-2021","year":2015,"value":12398.3,"unit":"tonnes/year","metric":"Modeled floating macroplastic emissions","original_value":12398.3,"original_unit":"metric tons/year","source_row":12693,"estimated":true}},{"type":"Feature","id":"meijer-12720","geometry":{"type":"Point","coordinates":[120.649583,14.772083]},"properties":{"id":"meijer-12720","type":"river-plastic","name":"River outfall 12720","country":null,"source_id":"meijer-rivers-2021","year":2015,"value":9339.9,"unit":"tonnes/year","metric":"Modeled floating macroplastic emissions","original_value":9339.9,"original_unit":"metric tons/year","source_row":12720,"estimated":true}},{"type":"Feature","id":"meijer-12091","geometry":{"type":"Point","coordinates":[123.12375,13.7]},"properties":{"id":"meijer-12091","type":"river-plastic","name":"River outfall 12091","country":null,"source_id":"meijer-rivers-2021","year":2015,"value":7088.31,"unit":"tonnes/year","metric":"Modeled floating macroplastic emissions","original_value":7088.31,"original_unit":"metric tons/year","source_row":12091,"estimated":true}},{"type":"Feature","id":"meijer-18854","geometry":{"type":"Point","coordinates":[90.631667,23.222917]},"properties":{"id":"meijer-18854","type":"river-plastic","name":"River outfall 18854","country":null,"source_id":"meijer-rivers-2021","year":2015,"value":6221.8,"unit":"tonnes/year","metric":"Modeled floating macroplastic emissions","original_value":6221.8,"original_unit":"metric tons/year","source_row":18854,"estimated":true}},{"type":"Feature","id":"meijer-8768","geometry":{"type":"Point","coordinates":[124.20625,7.252083]},"properties":{"id":"meijer-8768","type":"river-plastic","name":"River outfall 8768","country":null,"source_id":"meijer-rivers-2021","year":2015,"value":5256.33,"unit":"tonnes/year","metric":"Modeled floating macroplastic emissions","original_value":5256.33,"original_unit":"metric tons/year","source_row":8768,"estimated":true}},{"type":"Feature","id":"meijer-12897","geometry":{"type":"Point","coordinates":[120.199167,16.0375]},"properties":{"id":"meijer-12897","type":"river-plastic","name":"River outfall 12897","country":null,"source_id":"meijer-rivers-2021","year":2015,"value":4637.44,"unit":"tonnes/year","metric":"Modeled floating macroplastic emissions","original_value":4637.44,"original_unit":"metric tons/year","source_row":12897,"estimated":true}},{"type":"Feature","id":"meijer-9436","geometry":{"type":"Point","coordinates":[125.52375,9.009167]},"properties":{"id":"meijer-9436","type":"river-plastic","name":"River outfall 9436","country":null,"source_id":"meijer-rivers-2021","year":2015,"value":4567.91,"unit":"tonnes/year","metric":"Modeled floating macroplastic emissions","original_value":4567.91,"original_unit":"metric tons/year","source_row":9436,"estimated":true}},{"type":"Feature","id":"meijer-12626","geometry":{"type":"Point","coordinates":[120.980417,14.517083]},"properties":{"id":"meijer-12626","type":"river-plastic","name":"River outfall 12626","country":null,"source_id":"meijer-rivers-2021","year":2015,"value":4362.89,"unit":"tonnes/year","metric":"Modeled floating macroplastic emissions","original_value":4362.89,"original_unit":"metric tons/year","source_row":12626,"estimated":true}},{"type":"Feature","id":"meijer-10439","geometry":{"type":"Point","coordinates":[122.584583,10.69375]},"properties":{"id":"meijer-10439","type":"river-plastic","name":"River outfall 10439","country":null,"source_id":"meijer-rivers-2021","year":2015,"value":4223.97,"unit":"tonnes/year","metric":"Modeled floating macroplastic emissions","original_value":4223.97,"original_unit":"metric tons/year","source_row":10439,"estimated":true}},{"type":"Feature","id":"meijer-14525","geometry":{"type":"Point","coordinates":[106.747083,10.49875]},"properties":{"id":"meijer-14525","type":"river-plastic","name":"River outfall 14525","country":null,"source_id":"meijer-rivers-2021","year":2015,"value":4127.44,"unit":"tonnes/year","metric":"Modeled floating macroplastic emissions","original_value":4127.44,"original_unit":"metric tons/year","source_row":14525,"estimated":true}},{"type":"Feature","id":"meijer-15365","geometry":{"type":"Point","coordinates":[100.557954,13.615729]},"properties":{"id":"meijer-15365","type":"river-plastic","name":"River outfall 15365","country":null,"source_id":"meijer-rivers-2021","year":2015,"value":4027.33,"unit":"tonnes/year","metric":"Modeled floating macroplastic emissions","original_value":4027.33,"original_unit":"metric tons/year","source_row":15365,"estimated":true}},{"type":"Feature","id":"meijer-21689","geometry":{"type":"Point","coordinates":[3.40375,6.412917]},"properties":{"id":"meijer-21689","type":"river-plastic","name":"River outfall 21689","country":null,"source_id":"meijer-rivers-2021","year":2015,"value":3999.0,"unit":"tonnes/year","metric":"Modeled floating macroplastic emissions","original_value":3999.0,"original_unit":"metric tons/year","source_row":21689,"estimated":true}},{"type":"Feature","id":"meijer-18327","geometry":{"type":"Point","coordinates":[88.10125,22.30375]},"properties":{"id":"meijer-18327","type":"river-plastic","name":"River outfall 18327","country":null,"source_id":"meijer-rivers-2021","year":2015,"value":3877.99,"unit":"tonnes/year","metric":"Modeled floating macroplastic emissions","original_value":3877.99,"original_unit":"metric tons/year","source_row":18327,"estimated":true}},{"type":"Feature","id":"meijer-19367","geometry":{"type":"Point","coordinates":[121.512083,31.354583]},"properties":{"id":"meijer-19367","type":"river-plastic","name":"River outfall 19367","country":null,"source_id":"meijer-rivers-2021","year":2015,"value":3649.95,"unit":"tonnes/year","metric":"Modeled floating macroplastic emissions","original_value":3649.95,"original_unit":"metric tons/year","source_row":19367,"estimated":true}},{"type":"Feature","id":"meijer-16338","geometry":{"type":"Point","coordinates":[96.190833,16.774583]},"properties":{"id":"meijer-16338","type":"river-plastic","name":"River outfall 16338","country":null,"source_id":"meijer-rivers-2021","year":2015,"value":3615.39,"unit":"tonnes/year","metric":"Modeled floating macroplastic emissions","original_value":3615.39,"original_unit":"metric tons/year","source_row":16338,"estimated":true}},{"type":"Feature","id":"meijer-14618","geometry":{"type":"Point","coordinates":[75.942917,10.797083]},"properties":{"id":"meijer-14618","type":"river-plastic","name":"River outfall 14618","country":null,"source_id":"meijer-rivers-2021","year":2015,"value":3517.92,"unit":"tonnes/year","metric":"Modeled floating macroplastic emissions","original_value":3517.92,"original_unit":"metric tons/year","source_row":14618,"estimated":true}},{"type":"Feature","id":"meijer-21535","geometry":{"type":"Point","coordinates":[-4.00375,5.249583]},"properties":{"id":"meijer-21535","type":"river-plastic","name":"River outfall 21535","country":null,"source_id":"meijer-rivers-2021","year":2015,"value":3303.58,"unit":"tonnes/year","metric":"Modeled floating macroplastic emissions","original_value":3303.58,"original_unit":"metric tons/year","source_row":21535,"estimated":true}},{"type":"Feature","id":"meijer-7006","geometry":{"type":"Point","coordinates":[110.39875,1.555417]},"properties":{"id":"meijer-7006","type":"river-plastic","name":"River outfall 7006","country":null,"source_id":"meijer-rivers-2021","year":2015,"value":3274.7,"unit":"tonnes/year","metric":"Modeled floating macroplastic emissions","original_value":3274.7,"original_unit":"metric tons/year","source_row":7006,"estimated":true}},{"type":"Feature","id":"meijer-20785","geometry":{"type":"Point","coordinates":[39.28,-6.7925]},"properties":{"id":"meijer-20785","type":"river-plastic","name":"River outfall 20785","country":null,"source_id":"meijer-rivers-2021","year":2015,"value":3238.06,"unit":"tonnes/year","metric":"Modeled floating macroplastic emissions","original_value":3238.06,"original_unit":"metric tons/year","source_row":20785,"estimated":true}},{"type":"Feature","id":"meijer-12611","geometry":{"type":"Point","coordinates":[120.902917,14.457083]},"properties":{"id":"meijer-12611","type":"river-plastic","name":"River outfall 12611","country":null,"source_id":"meijer-rivers-2021","year":2015,"value":3137.08,"unit":"tonnes/year","metric":"Modeled floating macroplastic emissions","original_value":3137.08,"original_unit":"metric tons/year","source_row":12611,"estimated":true}},{"type":"Feature","id":"meijer-18823","geometry":{"type":"Point","coordinates":[113.527083,23.050417]},"properties":{"id":"meijer-18823","type":"river-plastic","name":"River outfall 18823","country":null,"source_id":"meijer-rivers-2021","year":2015,"value":2927.43,"unit":"tonnes/year","metric":"Modeled floating macroplastic emissions","original_value":2927.43,"original_unit":"metric tons/year","source_row":18823,"estimated":true}},{"type":"Feature","id":"meijer-21043","geometry":{"type":"Point","coordinates":[9.69625,4.070417]},"properties":{"id":"meijer-21043","type":"river-plastic","name":"River outfall 21043","country":null,"source_id":"meijer-rivers-2021","year":2015,"value":2834.83,"unit":"tonnes/year","metric":"Modeled floating macroplastic emissions","original_value":2834.83,"original_unit":"metric tons/year","source_row":21043,"estimated":true}},{"type":"Feature","id":"meijer-13349","geometry":{"type":"Point","coordinates":[101.41125,2.804583]},"properties":{"id":"meijer-13349","type":"river-plastic","name":"River outfall 13349","country":null,"source_id":"meijer-rivers-2021","year":2015,"value":2829.21,"unit":"tonnes/year","metric":"Modeled floating macroplastic emissions","original_value":2829.21,"original_unit":"metric tons/year","source_row":13349,"estimated":true}},{"type":"Feature","id":"meijer-2862","geometry":{"type":"Point","coordinates":[106.77875,-6.107083]},"properties":{"id":"meijer-2862","type":"river-plastic","name":"River outfall 2862","country":null,"source_id":"meijer-rivers-2021","year":2015,"value":2796.69,"unit":"tonnes/year","metric":"Modeled floating macroplastic emissions","original_value":2796.69,"original_unit":"metric tons/year","source_row":2862,"estimated":true}},{"type":"Feature","id":"meijer-12616","geometry":{"type":"Point","coordinates":[120.96875,14.474167]},"properties":{"id":"meijer-12616","type":"river-plastic","name":"River outfall 12616","country":null,"source_id":"meijer-rivers-2021","year":2015,"value":2748.19,"unit":"tonnes/year","metric":"Modeled floating macroplastic emissions","original_value":2748.19,"original_unit":"metric tons/year","source_row":12616,"estimated":true}},{"type":"Feature","id":"meijer-16837","geometry":{"type":"Point","coordinates":[72.80375,19.142917]},"properties":{"id":"meijer-16837","type":"river-plastic","name":"River outfall 16837","country":null,"source_id":"meijer-rivers-2021","year":2015,"value":2723.49,"unit":"tonnes/year","metric":"Modeled floating macroplastic emissions","original_value":2723.49,"original_unit":"metric tons/year","source_row":16837,"estimated":true}},{"type":"Feature","id":"meijer-13738","geometry":{"type":"Point","coordinates":[79.870417,6.979583]},"properties":{"id":"meijer-13738","type":"river-plastic","name":"River outfall 13738","country":null,"source_id":"meijer-rivers-2021","year":2015,"value":2720.61,"unit":"tonnes/year","metric":"Modeled floating macroplastic emissions","original_value":2720.61,"original_unit":"metric tons/year","source_row":13738,"estimated":true}},{"type":"Feature","id":"meijer-9212","geometry":{"type":"Point","coordinates":[124.657378,8.504879]},"properties":{"id":"meijer-9212","type":"river-plastic","name":"River outfall 9212","country":null,"source_id":"meijer-rivers-2021","year":2015,"value":2573.47,"unit":"tonnes/year","metric":"Modeled floating macroplastic emissions","original_value":2573.47,"original_unit":"metric tons/year","source_row":9212,"estimated":true}},{"type":"Feature","id":"meijer-8785","geometry":{"type":"Point","coordinates":[125.737917,7.31875]},"properties":{"id":"meijer-8785","type":"river-plastic","name":"River outfall 8785","country":null,"source_id":"meijer-rivers-2021","year":2015,"value":2563.74,"unit":"tonnes/year","metric":"Modeled floating macroplastic emissions","original_value":2563.74,"original_unit":"metric tons/year","source_row":8785,"estimated":true}},{"type":"Feature","id":"meijer-18293","geometry":{"type":"Point","coordinates":[91.812917,22.275417]},"properties":{"id":"meijer-18293","type":"river-plastic","name":"River outfall 18293","country":null,"source_id":"meijer-rivers-2021","year":2015,"value":2553.56,"unit":"tonnes/year","metric":"Modeled floating macroplastic emissions","original_value":2553.56,"original_unit":"metric tons/year","source_row":18293,"estimated":true}},{"type":"Feature","id":"meijer-26000","geometry":{"type":"Point","coordinates":[-43.275417,-22.787917]},"properties":{"id":"meijer-26000","type":"river-plastic","name":"River outfall 26000","country":null,"source_id":"meijer-rivers-2021","year":2015,"value":2553.18,"unit":"tonnes/year","metric":"Modeled floating macroplastic emissions","original_value":2553.18,"original_unit":"metric tons/year","source_row":26000,"estimated":true}},{"type":"Feature","id":"meijer-16820","geometry":{"type":"Point","coordinates":[72.965417,19.059583]},"properties":{"id":"meijer-16820","type":"river-plastic","name":"River outfall 16820","country":null,"source_id":"meijer-rivers-2021","year":2015,"value":2519.87,"unit":"tonnes/year","metric":"Modeled floating macroplastic emissions","original_value":2519.87,"original_unit":"metric tons/year","source_row":16820,"estimated":true}},{"type":"Feature","id":"meijer-16367","geometry":{"type":"Point","coordinates":[96.10625,16.84125]},"properties":{"id":"meijer-16367","type":"river-plastic","name":"River outfall 16367","country":null,"source_id":"meijer-rivers-2021","year":2015,"value":2488.62,"unit":"tonnes/year","metric":"Modeled floating macroplastic emissions","original_value":2488.62,"original_unit":"metric tons/year","source_row":16367,"estimated":true}},{"type":"Feature","id":"meijer-12197","geometry":{"type":"Point","coordinates":[121.457917,13.81625]},"properties":{"id":"meijer-12197","type":"river-plastic","name":"River outfall 12197","country":null,"source_id":"meijer-rivers-2021","year":2015,"value":2487.74,"unit":"tonnes/year","metric":"Modeled floating macroplastic emissions","original_value":2487.74,"original_unit":"metric tons/year","source_row":12197,"estimated":true}},{"type":"Feature","id":"meijer-18840","geometry":{"type":"Point","coordinates":[113.40375,23.09875]},"properties":{"id":"meijer-18840","type":"river-plastic","name":"River outfall 18840","country":null,"source_id":"meijer-rivers-2021","year":2015,"value":2485.01,"unit":"tonnes/year","metric":"Modeled floating macroplastic emissions","original_value":2485.01,"original_unit":"metric tons/year","source_row":18840,"estimated":true}},{"type":"Feature","id":"meijer-12627","geometry":{"type":"Point","coordinates":[120.979583,14.522083]},"properties":{"id":"meijer-12627","type":"river-plastic","name":"River outfall 12627","country":null,"source_id":"meijer-rivers-2021","year":2015,"value":2475.05,"unit":"tonnes/year","metric":"Modeled floating macroplastic emissions","original_value":2475.05,"original_unit":"metric tons/year","source_row":12627,"estimated":true}},{"type":"Feature","id":"meijer-13615","geometry":{"type":"Point","coordinates":[102.244583,6.182083]},"properties":{"id":"meijer-13615","type":"river-plastic","name":"River outfall 13615","country":null,"source_id":"meijer-rivers-2021","year":2015,"value":2466.92,"unit":"tonnes/year","metric":"Modeled floating macroplastic emissions","original_value":2466.92,"original_unit":"metric tons/year","source_row":13615,"estimated":true}},{"type":"Feature","id":"meijer-10508","geometry":{"type":"Point","coordinates":[122.650417,10.782917]},"properties":{"id":"meijer-10508","type":"river-plastic","name":"River outfall 10508","country":null,"source_id":"meijer-rivers-2021","year":2015,"value":2348.15,"unit":"tonnes/year","metric":"Modeled floating macroplastic emissions","original_value":2348.15,"original_unit":"metric tons/year","source_row":10508,"estimated":true}},{"type":"Feature","id":"meijer-21029","geometry":{"type":"Point","coordinates":[9.675417,4.007083]},"properties":{"id":"meijer-21029","type":"river-plastic","name":"River outfall 21029","country":null,"source_id":"meijer-rivers-2021","year":2015,"value":2338.07,"unit":"tonnes/year","metric":"Modeled floating macroplastic emissions","original_value":2338.07,"original_unit":"metric tons/year","source_row":21029,"estimated":true}},{"type":"Feature","id":"meijer-14718","geometry":{"type":"Point","coordinates":[75.802917,11.162083]},"properties":{"id":"meijer-14718","type":"river-plastic","name":"River outfall 14718","country":null,"source_id":"meijer-rivers-2021","year":2015,"value":2315.39,"unit":"tonnes/year","metric":"Modeled floating macroplastic emissions","original_value":2315.39,"original_unit":"metric tons/year","source_row":14718,"estimated":true}},{"type":"Feature","id":"meijer-14424","geometry":{"type":"Point","coordinates":[76.194583,10.19375]},"properties":{"id":"meijer-14424","type":"river-plastic","name":"River outfall 14424","country":null,"source_id":"meijer-rivers-2021","year":2015,"value":2291.58,"unit":"tonnes/year","metric":"Modeled floating macroplastic emissions","original_value":2291.58,"original_unit":"metric tons/year","source_row":14424,"estimated":true}},{"type":"Feature","id":"meijer-13098","geometry":{"type":"Point","coordinates":[121.64375,18.327917]},"properties":{"id":"meijer-13098","type":"river-plastic","name":"River outfall 13098","country":null,"source_id":"meijer-rivers-2021","year":2015,"value":2273.07,"unit":"tonnes/year","metric":"Modeled floating macroplastic emissions","original_value":2273.07,"original_unit":"metric tons/year","source_row":13098,"estimated":true}},{"type":"Feature","id":"meijer-13414","geometry":{"type":"Point","coordinates":[103.342917,3.80625]},"properties":{"id":"meijer-13414","type":"river-plastic","name":"River outfall 13414","country":null,"source_id":"meijer-rivers-2021","year":2015,"value":2186.88,"unit":"tonnes/year","metric":"Modeled floating macroplastic emissions","original_value":2186.88,"original_unit":"metric tons/year","source_row":13414,"estimated":true}},{"type":"Feature","id":"meijer-16815","geometry":{"type":"Point","coordinates":[72.837917,19.04875]},"properties":{"id":"meijer-16815","type":"river-plastic","name":"River outfall 16815","country":null,"source_id":"meijer-rivers-2021","year":2015,"value":2181.52,"unit":"tonnes/year","metric":"Modeled floating macroplastic emissions","original_value":2181.52,"original_unit":"metric tons/year","source_row":16815,"estimated":true}},{"type":"Feature","id":"meijer-29182","geometry":{"type":"Point","coordinates":[-69.88125,18.467917]},"properties":{"id":"meijer-29182","type":"river-plastic","name":"River outfall 29182","country":null,"source_id":"meijer-rivers-2021","year":2015,"value":2180.02,"unit":"tonnes/year","metric":"Modeled floating macroplastic emissions","original_value":2180.02,"original_unit":"metric tons/year","source_row":29182,"estimated":true}},{"type":"Feature","id":"meijer-10927","geometry":{"type":"Point","coordinates":[122.864583,11.535417]},"properties":{"id":"meijer-10927","type":"river-plastic","name":"River outfall 10927","country":null,"source_id":"meijer-rivers-2021","year":2015,"value":2169.65,"unit":"tonnes/year","metric":"Modeled floating macroplastic emissions","original_value":2169.65,"original_unit":"metric tons/year","source_row":10927,"estimated":true}},{"type":"Feature","id":"meijer-21300","geometry":{"type":"Point","coordinates":[7.527917,4.547083]},"properties":{"id":"meijer-21300","type":"river-plastic","name":"River outfall 21300","country":null,"source_id":"meijer-rivers-2021","year":2015,"value":2159.72,"unit":"tonnes/year","metric":"Modeled floating macroplastic emissions","original_value":2159.72,"original_unit":"metric tons/year","source_row":21300,"estimated":true}},{"type":"Feature","id":"meijer-13241","geometry":{"type":"Point","coordinates":[103.7975,1.49625]},"properties":{"id":"meijer-13241","type":"river-plastic","name":"River outfall 13241","country":null,"source_id":"meijer-rivers-2021","year":2015,"value":2143.48,"unit":"tonnes/year","metric":"Modeled floating macroplastic emissions","original_value":2143.48,"original_unit":"metric tons/year","source_row":13241,"estimated":true}},{"type":"Feature","id":"meijer-18539","geometry":{"type":"Point","coordinates":[114.035833,22.505417]},"properties":{"id":"meijer-18539","type":"river-plastic","name":"River outfall 18539","country":null,"source_id":"meijer-rivers-2021","year":2015,"value":2134.82,"unit":"tonnes/year","metric":"Modeled floating macroplastic emissions","original_value":2134.82,"original_unit":"metric tons/year","source_row":18539,"estimated":true}},{"type":"Feature","id":"meijer-14541","geometry":{"type":"Point","coordinates":[76.019167,10.549583]},"properties":{"id":"meijer-14541","type":"river-plastic","name":"River outfall 14541","country":null,"source_id":"meijer-rivers-2021","year":2015,"value":2112.9,"unit":"tonnes/year","metric":"Modeled floating macroplastic emissions","original_value":2112.9,"original_unit":"metric tons/year","source_row":14541,"estimated":true}},{"type":"Feature","id":"meijer-26001","geometry":{"type":"Point","coordinates":[-43.260417,-22.760417]},"properties":{"id":"meijer-26001","type":"river-plastic","name":"River outfall 26001","country":null,"source_id":"meijer-rivers-2021","year":2015,"value":2068.53,"unit":"tonnes/year","metric":"Modeled floating macroplastic emissions","original_value":2068.53,"original_unit":"metric tons/year","source_row":26001,"estimated":true}},{"type":"Feature","id":"meijer-16829","geometry":{"type":"Point","coordinates":[72.827083,19.097917]},"properties":{"id":"meijer-16829","type":"river-plastic","name":"River outfall 16829","country":null,"source_id":"meijer-rivers-2021","year":2015,"value":2066.48,"unit":"tonnes/year","metric":"Modeled floating macroplastic emissions","original_value":2066.48,"original_unit":"metric tons/year","source_row":16829,"estimated":true}},{"type":"Feature","id":"meijer-16798","geometry":{"type":"Point","coordinates":[72.815,18.98375]},"properties":{"id":"meijer-16798","type":"river-plastic","name":"River outfall 16798","country":null,"source_id":"meijer-rivers-2021","year":2015,"value":2037.79,"unit":"tonnes/year","metric":"Modeled floating macroplastic emissions","original_value":2037.79,"original_unit":"metric tons/year","source_row":16798,"estimated":true}},{"type":"Feature","id":"meijer-12902","geometry":{"type":"Point","coordinates":[120.329583,16.06625]},"properties":{"id":"meijer-12902","type":"river-plastic","name":"River outfall 12902","country":null,"source_id":"meijer-rivers-2021","year":2015,"value":1948.66,"unit":"tonnes/year","metric":"Modeled floating macroplastic emissions","original_value":1948.66,"original_unit":"metric tons/year","source_row":12902,"estimated":true}},{"type":"Feature","id":"meijer-19075","geometry":{"type":"Point","coordinates":[119.509583,26.059167]},"properties":{"id":"meijer-19075","type":"river-plastic","name":"River outfall 19075","country":null,"source_id":"meijer-rivers-2021","year":2015,"value":1942.57,"unit":"tonnes/year","metric":"Modeled floating macroplastic emissions","original_value":1942.57,"original_unit":"metric tons/year","source_row":19075,"estimated":true}},{"type":"Feature","id":"meijer-13436","geometry":{"type":"Point","coordinates":[100.81875,4.02375]},"properties":{"id":"meijer-13436","type":"river-plastic","name":"River outfall 13436","country":null,"source_id":"meijer-rivers-2021","year":2015,"value":1893.82,"unit":"tonnes/year","metric":"Modeled floating macroplastic emissions","original_value":1893.82,"original_unit":"metric tons/year","source_row":13436,"estimated":true}},{"type":"Feature","id":"meijer-9098","geometry":{"type":"Point","coordinates":[124.167083,8.187083]},"properties":{"id":"meijer-9098","type":"river-plastic","name":"River outfall 9098","country":null,"source_id":"meijer-rivers-2021","year":2015,"value":1893.42,"unit":"tonnes/year","metric":"Modeled floating macroplastic emissions","original_value":1893.42,"original_unit":"metric tons/year","source_row":9098,"estimated":true}},{"type":"Feature","id":"meijer-12130","geometry":{"type":"Point","coordinates":[121.052917,13.737917]},"properties":{"id":"meijer-12130","type":"river-plastic","name":"River outfall 12130","country":null,"source_id":"meijer-rivers-2021","year":2015,"value":1885.45,"unit":"tonnes/year","metric":"Modeled floating macroplastic emissions","original_value":1885.45,"original_unit":"metric tons/year","source_row":12130,"estimated":true}},{"type":"Feature","id":"meijer-19406","geometry":{"type":"Point","coordinates":[120.23375,31.937917]},"properties":{"id":"meijer-19406","type":"river-plastic","name":"River outfall 19406","country":null,"source_id":"meijer-rivers-2021","year":2015,"value":1884.04,"unit":"tonnes/year","metric":"Modeled floating macroplastic emissions","original_value":1884.04,"original_unit":"metric tons/year","source_row":19406,"estimated":true}},{"type":"Feature","id":"meijer-12618","geometry":{"type":"Point","coordinates":[120.973333,14.47625]},"properties":{"id":"meijer-12618","type":"river-plastic","name":"River outfall 12618","country":null,"source_id":"meijer-rivers-2021","year":2015,"value":1839.96,"unit":"tonnes/year","metric":"Modeled floating macroplastic emissions","original_value":1839.96,"original_unit":"metric tons/year","source_row":12618,"estimated":true}},{"type":"Feature","id":"meijer-21301","geometry":{"type":"Point","coordinates":[7.988212,4.546545]},"properties":{"id":"meijer-21301","type":"river-plastic","name":"River outfall 21301","country":null,"source_id":"meijer-rivers-2021","year":2015,"value":1798.07,"unit":"tonnes/year","metric":"Modeled floating macroplastic emissions","original_value":1798.07,"original_unit":"metric tons/year","source_row":21301,"estimated":true}},{"type":"Feature","id":"meijer-8706","geometry":{"type":"Point","coordinates":[125.612083,7.057083]},"properties":{"id":"meijer-8706","type":"river-plastic","name":"River outfall 8706","country":null,"source_id":"meijer-rivers-2021","year":2015,"value":1776.4,"unit":"tonnes/year","metric":"Modeled floating macroplastic emissions","original_value":1776.4,"original_unit":"metric tons/year","source_row":8706,"estimated":true}},{"type":"Feature","id":"meijer-12751","geometry":{"type":"Point","coordinates":[120.269583,14.824583]},"properties":{"id":"meijer-12751","type":"river-plastic","name":"River outfall 12751","country":null,"source_id":"meijer-rivers-2021","year":2015,"value":1758.99,"unit":"tonnes/year","metric":"Modeled floating macroplastic emissions","original_value":1758.99,"original_unit":"metric tons/year","source_row":12751,"estimated":true}},{"type":"Feature","id":"meijer-12915","geometry":{"type":"Point","coordinates":[120.377917,16.112917]},"properties":{"id":"meijer-12915","type":"river-plastic","name":"River outfall 12915","country":null,"source_id":"meijer-rivers-2021","year":2015,"value":1719.73,"unit":"tonnes/year","metric":"Modeled floating macroplastic emissions","original_value":1719.73,"original_unit":"metric tons/year","source_row":12915,"estimated":true}},{"type":"Feature","id":"meijer-16804","geometry":{"type":"Point","coordinates":[73.02625,19.00125]},"properties":{"id":"meijer-16804","type":"river-plastic","name":"River outfall 16804","country":null,"source_id":"meijer-rivers-2021","year":2015,"value":1671.58,"unit":"tonnes/year","metric":"Modeled floating macroplastic emissions","original_value":1671.58,"original_unit":"metric tons/year","source_row":16804,"estimated":true}},{"type":"Feature","id":"meijer-14188","geometry":{"type":"Point","coordinates":[76.382083,9.312917]},"properties":{"id":"meijer-14188","type":"river-plastic","name":"River outfall 14188","country":null,"source_id":"meijer-rivers-2021","year":2015,"value":1646.63,"unit":"tonnes/year","metric":"Modeled floating macroplastic emissions","original_value":1646.63,"original_unit":"metric tons/year","source_row":14188,"estimated":true}},{"type":"Feature","id":"meijer-2855","geometry":{"type":"Point","coordinates":[106.82625,-6.122917]},"properties":{"id":"meijer-2855","type":"river-plastic","name":"River outfall 2855","country":null,"source_id":"meijer-rivers-2021","year":2015,"value":1646.16,"unit":"tonnes/year","metric":"Modeled floating macroplastic emissions","original_value":1646.16,"original_unit":"metric tons/year","source_row":2855,"estimated":true}},{"type":"Feature","id":"meijer-14679","geometry":{"type":"Point","coordinates":[75.85875,11.015417]},"properties":{"id":"meijer-14679","type":"river-plastic","name":"River outfall 14679","country":null,"source_id":"meijer-rivers-2021","year":2015,"value":1615.98,"unit":"tonnes/year","metric":"Modeled floating macroplastic emissions","original_value":1615.98,"original_unit":"metric tons/year","source_row":14679,"estimated":true}},{"type":"Feature","id":"meijer-13602","geometry":{"type":"Point","coordinates":[100.285417,6.107917]},"properties":{"id":"meijer-13602","type":"river-plastic","name":"River outfall 13602","country":null,"source_id":"meijer-rivers-2021","year":2015,"value":1605.37,"unit":"tonnes/year","metric":"Modeled floating macroplastic emissions","original_value":1605.37,"original_unit":"metric tons/year","source_row":13602,"estimated":true}},{"type":"Feature","id":"meijer-16475","geometry":{"type":"Point","coordinates":[96.922917,17.302917]},"properties":{"id":"meijer-16475","type":"river-plastic","name":"River outfall 16475","country":null,"source_id":"meijer-rivers-2021","year":2015,"value":1584.42,"unit":"tonnes/year","metric":"Modeled floating macroplastic emissions","original_value":1584.42,"original_unit":"metric tons/year","source_row":16475,"estimated":true}},{"type":"Feature","id":"meijer-21042","geometry":{"type":"Point","coordinates":[9.69875,4.069583]},"properties":{"id":"meijer-21042","type":"river-plastic","name":"River outfall 21042","country":null,"source_id":"meijer-rivers-2021","year":2015,"value":1576.93,"unit":"tonnes/year","metric":"Modeled floating macroplastic emissions","original_value":1576.93,"original_unit":"metric tons/year","source_row":21042,"estimated":true}},{"type":"Feature","id":"meijer-17680","geometry":{"type":"Point","coordinates":[110.745417,21.38875]},"properties":{"id":"meijer-17680","type":"river-plastic","name":"River outfall 17680","country":null,"source_id":"meijer-rivers-2021","year":2015,"value":1550.27,"unit":"tonnes/year","metric":"Modeled floating macroplastic emissions","original_value":1550.27,"original_unit":"metric tons/year","source_row":17680,"estimated":true}},{"type":"Feature","id":"meijer-12473","geometry":{"type":"Point","coordinates":[123.009167,14.099583]},"properties":{"id":"meijer-12473","type":"river-plastic","name":"River outfall 12473","country":null,"source_id":"meijer-rivers-2021","year":2015,"value":1542.05,"unit":"tonnes/year","metric":"Modeled floating macroplastic emissions","original_value":1542.05,"original_unit":"metric tons/year","source_row":12473,"estimated":true}},{"type":"Feature","id":"meijer-23463","geometry":{"type":"Point","coordinates":[28.95125,41.034583]},"properties":{"id":"meijer-23463","type":"river-plastic","name":"River outfall 23463","country":null,"source_id":"meijer-rivers-2021","year":2015,"value":1528.95,"unit":"tonnes/year","metric":"Modeled floating macroplastic emissions","original_value":1528.95,"original_unit":"metric tons/year","source_row":23463,"estimated":true}},{"type":"Feature","id":"meijer-18423","geometry":{"type":"Point","coordinates":[113.257083,22.397917]},"properties":{"id":"meijer-18423","type":"river-plastic","name":"River outfall 18423","country":null,"source_id":"meijer-rivers-2021","year":2015,"value":1485.81,"unit":"tonnes/year","metric":"Modeled floating macroplastic emissions","original_value":1485.81,"original_unit":"metric tons/year","source_row":18423,"estimated":true}},{"type":"Feature","id":"meijer-12277","geometry":{"type":"Point","coordinates":[121.617083,13.902917]},"properties":{"id":"meijer-12277","type":"river-plastic","name":"River outfall 12277","country":null,"source_id":"meijer-rivers-2021","year":2015,"value":1459.47,"unit":"tonnes/year","metric":"Modeled floating macroplastic emissions","original_value":1459.47,"original_unit":"metric tons/year","source_row":12277,"estimated":true}},{"type":"Feature","id":"meijer-18875","geometry":{"type":"Point","coordinates":[116.510126,23.440717]},"properties":{"id":"meijer-18875","type":"river-plastic","name":"River outfall 18875","country":null,"source_id":"meijer-rivers-2021","year":2015,"value":1437.59,"unit":"tonnes/year","metric":"Modeled floating macroplastic emissions","original_value":1437.59,"original_unit":"metric tons/year","source_row":18875,"estimated":true}},{"type":"Feature","id":"meijer-14238","geometry":{"type":"Point","coordinates":[76.38375,9.519583]},"properties":{"id":"meijer-14238","type":"river-plastic","name":"River outfall 14238","country":null,"source_id":"meijer-rivers-2021","year":2015,"value":1424.08,"unit":"tonnes/year","metric":"Modeled floating macroplastic emissions","original_value":1424.08,"original_unit":"metric tons/year","source_row":14238,"estimated":true}},{"type":"Feature","id":"meijer-14284","geometry":{"type":"Point","coordinates":[76.419583,9.642917]},"properties":{"id":"meijer-14284","type":"river-plastic","name":"River outfall 14284","country":null,"source_id":"meijer-rivers-2021","year":2015,"value":1391.45,"unit":"tonnes/year","metric":"Modeled floating macroplastic emissions","original_value":1391.45,"original_unit":"metric tons/year","source_row":14284,"estimated":true}},{"type":"Feature","id":"meijer-16411","geometry":{"type":"Point","coordinates":[96.362917,16.962917]},"properties":{"id":"meijer-16411","type":"river-plastic","name":"River outfall 16411","country":null,"source_id":"meijer-rivers-2021","year":2015,"value":1389.63,"unit":"tonnes/year","metric":"Modeled floating macroplastic emissions","original_value":1389.63,"original_unit":"metric tons/year","source_row":16411,"estimated":true}},{"type":"Feature","id":"meijer-27539","geometry":{"type":"Point","coordinates":[-65.98375,10.39125]},"properties":{"id":"meijer-27539","type":"river-plastic","name":"River outfall 27539","country":null,"source_id":"meijer-rivers-2021","year":2015,"value":1383.64,"unit":"tonnes/year","metric":"Modeled floating macroplastic emissions","original_value":1383.64,"original_unit":"metric tons/year","source_row":27539,"estimated":true}},{"type":"Feature","id":"meijer-19343","geometry":{"type":"Point","coordinates":[120.62125,30.38875]},"properties":{"id":"meijer-19343","type":"river-plastic","name":"River outfall 19343","country":null,"source_id":"meijer-rivers-2021","year":2015,"value":1348.48,"unit":"tonnes/year","metric":"Modeled floating macroplastic emissions","original_value":1348.48,"original_unit":"metric tons/year","source_row":19343,"estimated":true}},{"type":"Feature","id":"meijer-10204","geometry":{"type":"Point","coordinates":[123.974583,10.347917]},"properties":{"id":"meijer-10204","type":"river-plastic","name":"River outfall 10204","country":null,"source_id":"meijer-rivers-2021","year":2015,"value":1336.07,"unit":"tonnes/year","metric":"Modeled floating macroplastic emissions","original_value":1336.07,"original_unit":"metric tons/year","source_row":10204,"estimated":true}},{"type":"Feature","id":"meijer-15344","geometry":{"type":"Point","coordinates":[100.980417,13.49625]},"properties":{"id":"meijer-15344","type":"river-plastic","name":"River outfall 15344","country":null,"source_id":"meijer-rivers-2021","year":2015,"value":1334.8,"unit":"tonnes/year","metric":"Modeled floating macroplastic emissions","original_value":1334.8,"original_unit":"metric tons/year","source_row":15344,"estimated":true}},{"type":"Feature","id":"meijer-26711","geometry":{"type":"Point","coordinates":[-48.492917,-1.41875]},"properties":{"id":"meijer-26711","type":"river-plastic","name":"River outfall 26711","country":null,"source_id":"meijer-rivers-2021","year":2015,"value":1317.81,"unit":"tonnes/year","metric":"Modeled floating macroplastic emissions","original_value":1317.81,"original_unit":"metric tons/year","source_row":26711,"estimated":true}},{"type":"Feature","id":"meijer-10128","geometry":{"type":"Point","coordinates":[122.842083,10.22875]},"properties":{"id":"meijer-10128","type":"river-plastic","name":"River outfall 10128","country":null,"source_id":"meijer-rivers-2021","year":2015,"value":1309.93,"unit":"tonnes/year","metric":"Modeled floating macroplastic emissions","original_value":1309.93,"original_unit":"metric tons/year","source_row":10128,"estimated":true}},{"type":"Feature","id":"meijer-9998","geometry":{"type":"Point","coordinates":[122.730417,10.025417]},"properties":{"id":"meijer-9998","type":"river-plastic","name":"River outfall 9998","country":null,"source_id":"meijer-rivers-2021","year":2015,"value":1304.31,"unit":"tonnes/year","metric":"Modeled floating macroplastic emissions","original_value":1304.31,"original_unit":"metric tons/year","source_row":9998,"estimated":true}},{"type":"Feature","id":"meijer-9106","geometry":{"type":"Point","coordinates":[126.35625,8.192083]},"properties":{"id":"meijer-9106","type":"river-plastic","name":"River outfall 9106","country":null,"source_id":"meijer-rivers-2021","year":2015,"value":1301.69,"unit":"tonnes/year","metric":"Modeled floating macroplastic emissions","original_value":1301.69,"original_unit":"metric tons/year","source_row":9106,"estimated":true}},{"type":"Feature","id":"meijer-2864","geometry":{"type":"Point","coordinates":[106.94125,-6.09875]},"properties":{"id":"meijer-2864","type":"river-plastic","name":"River outfall 2864","country":null,"source_id":"meijer-rivers-2021","year":2015,"value":1301.65,"unit":"tonnes/year","metric":"Modeled floating macroplastic emissions","original_value":1301.65,"original_unit":"metric tons/year","source_row":2864,"estimated":true}},{"type":"Feature","id":"meijer-21576","geometry":{"type":"Point","coordinates":[-0.222917,5.53125]},"properties":{"id":"meijer-21576","type":"river-plastic","name":"River outfall 21576","country":null,"source_id":"meijer-rivers-2021","year":2015,"value":1300.01,"unit":"tonnes/year","metric":"Modeled floating macroplastic emissions","original_value":1300.01,"original_unit":"metric tons/year","source_row":21576,"estimated":true}},{"type":"Feature","id":"meijer-19310","geometry":{"type":"Point","coordinates":[121.720417,29.95125]},"properties":{"id":"meijer-19310","type":"river-plastic","name":"River outfall 19310","country":null,"source_id":"meijer-rivers-2021","year":2015,"value":1298.77,"unit":"tonnes/year","metric":"Modeled floating macroplastic emissions","original_value":1298.77,"original_unit":"metric tons/year","source_row":19310,"estimated":true}},{"type":"Feature","id":"meijer-18679","geometry":{"type":"Point","coordinates":[89.532083,22.742917]},"properties":{"id":"meijer-18679","type":"river-plastic","name":"River outfall 18679","country":null,"source_id":"meijer-rivers-2021","year":2015,"value":1297.19,"unit":"tonnes/year","metric":"Modeled floating macroplastic emissions","original_value":1297.19,"original_unit":"metric tons/year","source_row":18679,"estimated":true}},{"type":"Feature","id":"meijer-11025","geometry":{"type":"Point","coordinates":[122.3875,11.727917]},"properties":{"id":"meijer-11025","type":"river-plastic","name":"River outfall 11025","country":null,"source_id":"meijer-rivers-2021","year":2015,"value":1294.12,"unit":"tonnes/year","metric":"Modeled floating macroplastic emissions","original_value":1294.12,"original_unit":"metric tons/year","source_row":11025,"estimated":true}},{"type":"Feature","id":"meijer-12286","geometry":{"type":"Point","coordinates":[121.634583,13.909583]},"properties":{"id":"meijer-12286","type":"river-plastic","name":"River outfall 12286","country":null,"source_id":"meijer-rivers-2021","year":2015,"value":1290.58,"unit":"tonnes/year","metric":"Modeled floating macroplastic emissions","original_value":1290.58,"original_unit":"metric tons/year","source_row":12286,"estimated":true}},{"type":"Feature","id":"meijer-17615","geometry":{"type":"Point","coordinates":[72.709583,21.134583]},"properties":{"id":"meijer-17615","type":"river-plastic","name":"River outfall 17615","country":null,"source_id":"meijer-rivers-2021","year":2015,"value":1285.1,"unit":"tonnes/year","metric":"Modeled floating macroplastic emissions","original_value":1285.1,"original_unit":"metric tons/year","source_row":17615,"estimated":true}},{"type":"Feature","id":"meijer-13314","geometry":{"type":"Point","coordinates":[101.975417,2.390417]},"properties":{"id":"meijer-13314","type":"river-plastic","name":"River outfall 13314","country":null,"source_id":"meijer-rivers-2021","year":2015,"value":1274.15,"unit":"tonnes/year","metric":"Modeled floating macroplastic emissions","original_value":1274.15,"original_unit":"metric tons/year","source_row":13314,"estimated":true}},{"type":"Feature","id":"meijer-13045","geometry":{"type":"Point","coordinates":[120.412083,17.507917]},"properties":{"id":"meijer-13045","type":"river-plastic","name":"River outfall 13045","country":null,"source_id":"meijer-rivers-2021","year":2015,"value":1271.29,"unit":"tonnes/year","metric":"Modeled floating macroplastic emissions","original_value":1271.29,"original_unit":"metric tons/year","source_row":13045,"estimated":true}},{"type":"Feature","id":"meijer-2873","geometry":{"type":"Point","coordinates":[107.015417,-6.07625]},"properties":{"id":"meijer-2873","type":"river-plastic","name":"River outfall 2873","country":null,"source_id":"meijer-rivers-2021","year":2015,"value":1269.81,"unit":"tonnes/year","metric":"Modeled floating macroplastic emissions","original_value":1269.81,"original_unit":"metric tons/year","source_row":2873,"estimated":true}},{"type":"Feature","id":"meijer-10173","geometry":{"type":"Point","coordinates":[123.887083,10.28625]},"properties":{"id":"meijer-10173","type":"river-plastic","name":"River outfall 10173","country":null,"source_id":"meijer-rivers-2021","year":2015,"value":1252.56,"unit":"tonnes/year","metric":"Modeled floating macroplastic emissions","original_value":1252.56,"original_unit":"metric tons/year","source_row":10173,"estimated":true}},{"type":"Feature","id":"meijer-25561","geometry":{"type":"Point","coordinates":[-58.345417,-34.632083]},"properties":{"id":"meijer-25561","type":"river-plastic","name":"River outfall 25561","country":null,"source_id":"meijer-rivers-2021","year":2015,"value":1251.71,"unit":"tonnes/year","metric":"Modeled floating macroplastic emissions","original_value":1251.71,"original_unit":"metric tons/year","source_row":25561,"estimated":true}},{"type":"Feature","id":"meijer-18853","geometry":{"type":"Point","coordinates":[116.604583,23.197917]},"properties":{"id":"meijer-18853","type":"river-plastic","name":"River outfall 18853","country":null,"source_id":"meijer-rivers-2021","year":2015,"value":1249.58,"unit":"tonnes/year","metric":"Modeled floating macroplastic emissions","original_value":1249.58,"original_unit":"metric tons/year","source_row":18853,"estimated":true}},{"type":"Feature","id":"meijer-2920","geometry":{"type":"Point","coordinates":[106.632917,-6.007083]},"properties":{"id":"meijer-2920","type":"river-plastic","name":"River outfall 2920","country":null,"source_id":"meijer-rivers-2021","year":2015,"value":1248.71,"unit":"tonnes/year","metric":"Modeled floating macroplastic emissions","original_value":1248.71,"original_unit":"metric tons/year","source_row":2920,"estimated":true}},{"type":"Feature","id":"meijer-13380","geometry":{"type":"Point","coordinates":[101.232917,3.337917]},"properties":{"id":"meijer-13380","type":"river-plastic","name":"River outfall 13380","country":null,"source_id":"meijer-rivers-2021","year":2015,"value":1246.79,"unit":"tonnes/year","metric":"Modeled floating macroplastic emissions","original_value":1246.79,"original_unit":"metric tons/year","source_row":13380,"estimated":true}},{"type":"Feature","id":"meijer-17596","geometry":{"type":"Point","coordinates":[72.79625,21.06375]},"properties":{"id":"meijer-17596","type":"river-plastic","name":"River outfall 17596","country":null,"source_id":"meijer-rivers-2021","year":2015,"value":1243.28,"unit":"tonnes/year","metric":"Modeled floating macroplastic emissions","original_value":1243.28,"original_unit":"metric tons/year","source_row":17596,"estimated":true}},{"type":"Feature","id":"meijer-12994","geometry":{"type":"Point","coordinates":[120.31125,16.522083]},"properties":{"id":"meijer-12994","type":"river-plastic","name":"River outfall 12994","country":null,"source_id":"meijer-rivers-2021","year":2015,"value":1239.71,"unit":"tonnes/year","metric":"Modeled floating macroplastic emissions","original_value":1239.71,"original_unit":"metric tons/year","source_row":12994,"estimated":true}},{"type":"Feature","id":"meijer-27113","geometry":{"type":"Point","coordinates":[-55.10125,5.847917]},"properties":{"id":"meijer-27113","type":"river-plastic","name":"River outfall 27113","country":null,"source_id":"meijer-rivers-2021","year":2015,"value":1239.25,"unit":"tonnes/year","metric":"Modeled floating macroplastic emissions","original_value":1239.25,"original_unit":"metric tons/year","source_row":27113,"estimated":true}},{"type":"Feature","id":"meijer-27615","geometry":{"type":"Point","coordinates":[-61.494583,10.622083]},"properties":{"id":"meijer-27615","type":"river-plastic","name":"River outfall 27615","country":null,"source_id":"meijer-rivers-2021","year":2015,"value":1236.87,"unit":"tonnes/year","metric":"Modeled floating macroplastic emissions","original_value":1236.87,"original_unit":"metric tons/year","source_row":27615,"estimated":true}},{"type":"Feature","id":"meijer-19329","geometry":{"type":"Point","coordinates":[120.65875,30.14375]},"properties":{"id":"meijer-19329","type":"river-plastic","name":"River outfall 19329","country":null,"source_id":"meijer-rivers-2021","year":2015,"value":1232.71,"unit":"tonnes/year","metric":"Modeled floating macroplastic emissions","original_value":1232.71,"original_unit":"metric tons/year","source_row":19329,"estimated":true}},{"type":"Feature","id":"meijer-14326","geometry":{"type":"Point","coordinates":[76.388333,9.83625]},"properties":{"id":"meijer-14326","type":"river-plastic","name":"River outfall 14326","country":null,"source_id":"meijer-rivers-2021","year":2015,"value":1227.69,"unit":"tonnes/year","metric":"Modeled floating macroplastic emissions","original_value":1227.69,"original_unit":"metric tons/year","source_row":14326,"estimated":true}},{"type":"Feature","id":"meijer-12644","geometry":{"type":"Point","coordinates":[120.957917,14.612083]},"properties":{"id":"meijer-12644","type":"river-plastic","name":"River outfall 12644","country":null,"source_id":"meijer-rivers-2021","year":2015,"value":1225.32,"unit":"tonnes/year","metric":"Modeled floating macroplastic emissions","original_value":1225.32,"original_unit":"metric tons/year","source_row":12644,"estimated":true}},{"type":"Feature","id":"meijer-13235","geometry":{"type":"Point","coordinates":[103.71125,1.479583]},"properties":{"id":"meijer-13235","type":"river-plastic","name":"River outfall 13235","country":null,"source_id":"meijer-rivers-2021","year":2015,"value":1218.03,"unit":"tonnes/year","metric":"Modeled floating macroplastic emissions","original_value":1218.03,"original_unit":"metric tons/year","source_row":13235,"estimated":true}},{"type":"Feature","id":"meijer-12529","geometry":{"type":"Point","coordinates":[122.92125,14.212083]},"properties":{"id":"meijer-12529","type":"river-plastic","name":"River outfall 12529","country":null,"source_id":"meijer-rivers-2021","year":2015,"value":1216.04,"unit":"tonnes/year","metric":"Modeled floating macroplastic emissions","original_value":1216.04,"original_unit":"metric tons/year","source_row":12529,"estimated":true}},{"type":"Feature","id":"meijer-9011","geometry":{"type":"Point","coordinates":[123.64375,7.98875]},"properties":{"id":"meijer-9011","type":"river-plastic","name":"River outfall 9011","country":null,"source_id":"meijer-rivers-2021","year":2015,"value":1215.04,"unit":"tonnes/year","metric":"Modeled floating macroplastic emissions","original_value":1215.04,"original_unit":"metric tons/year","source_row":9011,"estimated":true}},{"type":"Feature","id":"meijer-12747","geometry":{"type":"Point","coordinates":[120.584583,14.817917]},"properties":{"id":"meijer-12747","type":"river-plastic","name":"River outfall 12747","country":null,"source_id":"meijer-rivers-2021","year":2015,"value":1211.77,"unit":"tonnes/year","metric":"Modeled floating macroplastic emissions","original_value":1211.77,"original_unit":"metric tons/year","source_row":12747,"estimated":true}},{"type":"Feature","id":"meijer-13552","geometry":{"type":"Point","coordinates":[100.377917,5.672083]},"properties":{"id":"meijer-13552","type":"river-plastic","name":"River outfall 13552","country":null,"source_id":"meijer-rivers-2021","year":2015,"value":1206.27,"unit":"tonnes/year","metric":"Modeled floating macroplastic emissions","original_value":1206.27,"original_unit":"metric tons/year","source_row":13552,"estimated":true}},{"type":"Feature","id":"meijer-12596","geometry":{"type":"Point","coordinates":[120.846667,14.412917]},"properties":{"id":"meijer-12596","type":"river-plastic","name":"River outfall 12596","country":null,"source_id":"meijer-rivers-2021","year":2015,"value":1204.81,"unit":"tonnes/year","metric":"Modeled floating macroplastic emissions","original_value":1204.81,"original_unit":"metric tons/year","source_row":12596,"estimated":true}},{"type":"Feature","id":"meijer-8718","geometry":{"type":"Point","coordinates":[125.627083,7.080417]},"properties":{"id":"meijer-8718","type":"river-plastic","name":"River outfall 8718","country":null,"source_id":"meijer-rivers-2021","year":2015,"value":1169.49,"unit":"tonnes/year","metric":"Modeled floating macroplastic emissions","original_value":1169.49,"original_unit":"metric tons/year","source_row":8718,"estimated":true}},{"type":"Feature","id":"meijer-16333","geometry":{"type":"Point","coordinates":[94.712917,16.762083]},"properties":{"id":"meijer-16333","type":"river-plastic","name":"River outfall 16333","country":null,"source_id":"meijer-rivers-2021","year":2015,"value":1163.42,"unit":"tonnes/year","metric":"Modeled floating macroplastic emissions","original_value":1163.42,"original_unit":"metric tons/year","source_row":16333,"estimated":true}},{"type":"Feature","id":"meijer-13536","geometry":{"type":"Point","coordinates":[100.370833,5.382083]},"properties":{"id":"meijer-13536","type":"river-plastic","name":"River outfall 13536","country":null,"source_id":"meijer-rivers-2021","year":2015,"value":1158.93,"unit":"tonnes/year","metric":"Modeled floating macroplastic emissions","original_value":1158.93,"original_unit":"metric tons/year","source_row":13536,"estimated":true}},{"type":"Feature","id":"meijer-25984","geometry":{"type":"Point","coordinates":[-43.782083,-22.927917]},"properties":{"id":"meijer-25984","type":"river-plastic","name":"River outfall 25984","country":null,"source_id":"meijer-rivers-2021","year":2015,"value":1152.65,"unit":"tonnes/year","metric":"Modeled floating macroplastic emissions","original_value":1152.65,"original_unit":"metric tons/year","source_row":25984,"estimated":true}},{"type":"Feature","id":"meijer-13537","geometry":{"type":"Point","coordinates":[100.330833,5.40125]},"properties":{"id":"meijer-13537","type":"river-plastic","name":"River outfall 13537","country":null,"source_id":"meijer-rivers-2021","year":2015,"value":1144.54,"unit":"tonnes/year","metric":"Modeled floating macroplastic emissions","original_value":1144.54,"original_unit":"metric tons/year","source_row":13537,"estimated":true}},{"type":"Feature","id":"meijer-22157","geometry":{"type":"Point","coordinates":[29.870417,31.185417]},"properties":{"id":"meijer-22157","type":"river-plastic","name":"River outfall 22157","country":null,"source_id":"meijer-rivers-2021","year":2015,"value":1143.99,"unit":"tonnes/year","metric":"Modeled floating macroplastic emissions","original_value":1143.99,"original_unit":"metric tons/year","source_row":22157,"estimated":true}},{"type":"Feature","id":"meijer-13084","geometry":{"type":"Point","coordinates":[120.5325,18.199583]},"properties":{"id":"meijer-13084","type":"river-plastic","name":"River outfall 13084","country":null,"source_id":"meijer-rivers-2021","year":2015,"value":1136.73,"unit":"tonnes/year","metric":"Modeled floating macroplastic emissions","original_value":1136.73,"original_unit":"metric tons/year","source_row":13084,"estimated":true}},{"type":"Feature","id":"meijer-14730","geometry":{"type":"Point","coordinates":[75.779583,11.22875]},"properties":{"id":"meijer-14730","type":"river-plastic","name":"River outfall 14730","country":null,"source_id":"meijer-rivers-2021","year":2015,"value":1135.79,"unit":"tonnes/year","metric":"Modeled floating macroplastic emissions","original_value":1135.79,"original_unit":"metric tons/year","source_row":14730,"estimated":true}},{"type":"Feature","id":"meijer-21685","geometry":{"type":"Point","coordinates":[2.437378,6.368455]},"properties":{"id":"meijer-21685","type":"river-plastic","name":"River outfall 21685","country":null,"source_id":"meijer-rivers-2021","year":2015,"value":1126.5,"unit":"tonnes/year","metric":"Modeled floating macroplastic emissions","original_value":1126.5,"original_unit":"metric tons/year","source_row":21685,"estimated":true}},{"type":"Feature","id":"meijer-10192","geometry":{"type":"Point","coordinates":[123.93375,10.317083]},"properties":{"id":"meijer-10192","type":"river-plastic","name":"River outfall 10192","country":null,"source_id":"meijer-rivers-2021","year":2015,"value":1122.92,"unit":"tonnes/year","metric":"Modeled floating macroplastic emissions","original_value":1122.92,"original_unit":"metric tons/year","source_row":10192,"estimated":true}},{"type":"Feature","id":"meijer-17170","geometry":{"type":"Point","coordinates":[106.112083,20.032083]},"properties":{"id":"meijer-17170","type":"river-plastic","name":"River outfall 17170","country":null,"source_id":"meijer-rivers-2021","year":2015,"value":1113.47,"unit":"tonnes/year","metric":"Modeled floating macroplastic emissions","original_value":1113.47,"original_unit":"metric tons/year","source_row":17170,"estimated":true}},{"type":"Feature","id":"meijer-10200","geometry":{"type":"Point","coordinates":[123.96,10.336667]},"properties":{"id":"meijer-10200","type":"river-plastic","name":"River outfall 10200","country":null,"source_id":"meijer-rivers-2021","year":2015,"value":1111.65,"unit":"tonnes/year","metric":"Modeled floating macroplastic emissions","original_value":1111.65,"original_unit":"metric tons/year","source_row":10200,"estimated":true}},{"type":"Feature","id":"meijer-7269","geometry":{"type":"Point","coordinates":[111.51625,2.352083]},"properties":{"id":"meijer-7269","type":"river-plastic","name":"River outfall 7269","country":null,"source_id":"meijer-rivers-2021","year":2015,"value":1103.89,"unit":"tonnes/year","metric":"Modeled floating macroplastic emissions","original_value":1103.89,"original_unit":"metric tons/year","source_row":7269,"estimated":true}},{"type":"Feature","id":"meijer-18675","geometry":{"type":"Point","coordinates":[113.757083,22.740417]},"properties":{"id":"meijer-18675","type":"river-plastic","name":"River outfall 18675","country":null,"source_id":"meijer-rivers-2021","year":2015,"value":1100.2,"unit":"tonnes/year","metric":"Modeled floating macroplastic emissions","original_value":1100.2,"original_unit":"metric tons/year","source_row":18675,"estimated":true}},{"type":"Feature","id":"meijer-11769","geometry":{"type":"Point","coordinates":[123.75625,13.157083]},"properties":{"id":"meijer-11769","type":"river-plastic","name":"River outfall 11769","country":null,"source_id":"meijer-rivers-2021","year":2015,"value":1098.01,"unit":"tonnes/year","metric":"Modeled floating macroplastic emissions","original_value":1098.01,"original_unit":"metric tons/year","source_row":11769,"estimated":true}},{"type":"Feature","id":"meijer-21644","geometry":{"type":"Point","coordinates":[5.29375,5.915417]},"properties":{"id":"meijer-21644","type":"river-plastic","name":"River outfall 21644","country":null,"source_id":"meijer-rivers-2021","year":2015,"value":1085.32,"unit":"tonnes/year","metric":"Modeled floating macroplastic emissions","original_value":1085.32,"original_unit":"metric tons/year","source_row":21644,"estimated":true}},{"type":"Feature","id":"meijer-16234","geometry":{"type":"Point","coordinates":[97.657917,16.55125]},"properties":{"id":"meijer-16234","type":"river-plastic","name":"River outfall 16234","country":null,"source_id":"meijer-rivers-2021","year":2015,"value":1084.15,"unit":"tonnes/year","metric":"Modeled floating macroplastic emissions","original_value":1084.15,"original_unit":"metric tons/year","source_row":16234,"estimated":true}},{"type":"Feature","id":"meijer-19188","geometry":{"type":"Point","coordinates":[120.705417,28.02875]},"properties":{"id":"meijer-19188","type":"river-plastic","name":"River outfall 19188","country":null,"source_id":"meijer-rivers-2021","year":2015,"value":1073.29,"unit":"tonnes/year","metric":"Modeled floating macroplastic emissions","original_value":1073.29,"original_unit":"metric tons/year","source_row":19188,"estimated":true}},{"type":"Feature","id":"meijer-9273","geometry":{"type":"Point","coordinates":[123.3375,8.592083]},"properties":{"id":"meijer-9273","type":"river-plastic","name":"River outfall 9273","country":null,"source_id":"meijer-rivers-2021","year":2015,"value":1068.37,"unit":"tonnes/year","metric":"Modeled floating macroplastic emissions","original_value":1068.37,"original_unit":"metric tons/year","source_row":9273,"estimated":true}},{"type":"Feature","id":"meijer-14752","geometry":{"type":"Point","coordinates":[75.739583,11.355417]},"properties":{"id":"meijer-14752","type":"river-plastic","name":"River outfall 14752","country":null,"source_id":"meijer-rivers-2021","year":2015,"value":1067.58,"unit":"tonnes/year","metric":"Modeled floating macroplastic emissions","original_value":1067.58,"original_unit":"metric tons/year","source_row":14752,"estimated":true}},{"type":"Feature","id":"meijer-11647","geometry":{"type":"Point","coordinates":[123.682083,12.92125]},"properties":{"id":"meijer-11647","type":"river-plastic","name":"River outfall 11647","country":null,"source_id":"meijer-rivers-2021","year":2015,"value":1064.9,"unit":"tonnes/year","metric":"Modeled floating macroplastic emissions","original_value":1064.9,"original_unit":"metric tons/year","source_row":11647,"estimated":true}},{"type":"Feature","id":"meijer-18994","geometry":{"type":"Point","coordinates":[118.616667,24.872917]},"properties":{"id":"meijer-18994","type":"river-plastic","name":"River outfall 18994","country":null,"source_id":"meijer-rivers-2021","year":2015,"value":1049.87,"unit":"tonnes/year","metric":"Modeled floating macroplastic emissions","original_value":1049.87,"original_unit":"metric tons/year","source_row":18994,"estimated":true}},{"type":"Feature","id":"meijer-16235","geometry":{"type":"Point","coordinates":[97.666448,16.552659]},"properties":{"id":"meijer-16235","type":"river-plastic","name":"River outfall 16235","country":null,"source_id":"meijer-rivers-2021","year":2015,"value":1049.64,"unit":"tonnes/year","metric":"Modeled floating macroplastic emissions","original_value":1049.64,"original_unit":"metric tons/year","source_row":16235,"estimated":true}},{"type":"Feature","id":"meijer-28397","geometry":{"type":"Point","coordinates":[-90.7125,13.92875]},"properties":{"id":"meijer-28397","type":"river-plastic","name":"River outfall 28397","country":null,"source_id":"meijer-rivers-2021","year":2015,"value":1043.81,"unit":"tonnes/year","metric":"Modeled floating macroplastic emissions","original_value":1043.81,"original_unit":"metric tons/year","source_row":28397,"estimated":true}},{"type":"Feature","id":"meijer-16807","geometry":{"type":"Point","coordinates":[72.877083,19.007917]},"properties":{"id":"meijer-16807","type":"river-plastic","name":"River outfall 16807","country":null,"source_id":"meijer-rivers-2021","year":2015,"value":1043.52,"unit":"tonnes/year","metric":"Modeled floating macroplastic emissions","original_value":1043.52,"original_unit":"metric tons/year","source_row":16807,"estimated":true}},{"type":"Feature","id":"meijer-10422","geometry":{"type":"Point","coordinates":[122.942083,10.677917]},"properties":{"id":"meijer-10422","type":"river-plastic","name":"River outfall 10422","country":null,"source_id":"meijer-rivers-2021","year":2015,"value":1040.81,"unit":"tonnes/year","metric":"Modeled floating macroplastic emissions","original_value":1040.81,"original_unit":"metric tons/year","source_row":10422,"estimated":true}},{"type":"Feature","id":"meijer-17047","geometry":{"type":"Point","coordinates":[105.854167,19.77375]},"properties":{"id":"meijer-17047","type":"river-plastic","name":"River outfall 17047","country":null,"source_id":"meijer-rivers-2021","year":2015,"value":1035.13,"unit":"tonnes/year","metric":"Modeled floating macroplastic emissions","original_value":1035.13,"original_unit":"metric tons/year","source_row":17047,"estimated":true}},{"type":"Feature","id":"meijer-9508","geometry":{"type":"Point","coordinates":[125.52125,9.16125]},"properties":{"id":"meijer-9508","type":"river-plastic","name":"River outfall 9508","country":null,"source_id":"meijer-rivers-2021","year":2015,"value":1029.6,"unit":"tonnes/year","metric":"Modeled floating macroplastic emissions","original_value":1029.6,"original_unit":"metric tons/year","source_row":9508,"estimated":true}},{"type":"Feature","id":"meijer-10435","geometry":{"type":"Point","coordinates":[122.95125,10.68875]},"properties":{"id":"meijer-10435","type":"river-plastic","name":"River outfall 10435","country":null,"source_id":"meijer-rivers-2021","year":2015,"value":1019.66,"unit":"tonnes/year","metric":"Modeled floating macroplastic emissions","original_value":1019.66,"original_unit":"metric tons/year","source_row":10435,"estimated":true}},{"type":"Feature","id":"meijer-9439","geometry":{"type":"Point","coordinates":[126.237917,9.014583]},"properties":{"id":"meijer-9439","type":"river-plastic","name":"River outfall 9439","country":null,"source_id":"meijer-rivers-2021","year":2015,"value":1011.46,"unit":"tonnes/year","metric":"Modeled floating macroplastic emissions","original_value":1011.46,"original_unit":"metric tons/year","source_row":9439,"estimated":true}},{"type":"Feature","id":"meijer-16849","geometry":{"type":"Point","coordinates":[72.805417,19.20875]},"properties":{"id":"meijer-16849","type":"river-plastic","name":"River outfall 16849","country":null,"source_id":"meijer-rivers-2021","year":2015,"value":1010.21,"unit":"tonnes/year","metric":"Modeled floating macroplastic emissions","original_value":1010.21,"original_unit":"metric tons/year","source_row":16849,"estimated":true}},{"type":"Feature","id":"meijer-11484","geometry":{"type":"Point","coordinates":[125.022917,12.547083]},"properties":{"id":"meijer-11484","type":"river-plastic","name":"River outfall 11484","country":null,"source_id":"meijer-rivers-2021","year":2015,"value":1005.87,"unit":"tonnes/year","metric":"Modeled floating macroplastic emissions","original_value":1005.87,"original_unit":"metric tons/year","source_row":11484,"estimated":true}},{"type":"Feature","id":"meijer-12737","geometry":{"type":"Point","coordinates":[120.554583,14.79875]},"properties":{"id":"meijer-12737","type":"river-plastic","name":"River outfall 12737","country":null,"source_id":"meijer-rivers-2021","year":2015,"value":1004.82,"unit":"tonnes/year","metric":"Modeled floating macroplastic emissions","original_value":1004.82,"original_unit":"metric tons/year","source_row":12737,"estimated":true}},{"type":"Feature","id":"meijer-13305","geometry":{"type":"Point","coordinates":[102.25625,2.184583]},"properties":{"id":"meijer-13305","type":"river-plastic","name":"River outfall 13305","country":null,"source_id":"meijer-rivers-2021","year":2015,"value":995.888,"unit":"tonnes/year","metric":"Modeled floating macroplastic emissions","original_value":995.888,"original_unit":"metric tons/year","source_row":13305,"estimated":true}},{"type":"Feature","id":"meijer-25693","geometry":{"type":"Point","coordinates":[-51.215417,-30.012917]},"properties":{"id":"meijer-25693","type":"river-plastic","name":"River outfall 25693","country":null,"source_id":"meijer-rivers-2021","year":2015,"value":990.705,"unit":"tonnes/year","metric":"Modeled floating macroplastic emissions","original_value":990.705,"original_unit":"metric tons/year","source_row":25693,"estimated":true}},{"type":"Feature","id":"meijer-15556","geometry":{"type":"Point","coordinates":[73.9525,15.146667]},"properties":{"id":"meijer-15556","type":"river-plastic","name":"River outfall 15556","country":null,"source_id":"meijer-rivers-2021","year":2015,"value":976.934,"unit":"tonnes/year","metric":"Modeled floating macroplastic emissions","original_value":976.934,"original_unit":"metric tons/year","source_row":15556,"estimated":true}},{"type":"Feature","id":"meijer-9846","geometry":{"type":"Point","coordinates":[125.479167,9.795]},"properties":{"id":"meijer-9846","type":"river-plastic","name":"River outfall 9846","country":null,"source_id":"meijer-rivers-2021","year":2015,"value":976.483,"unit":"tonnes/year","metric":"Modeled floating macroplastic emissions","original_value":976.483,"original_unit":"metric tons/year","source_row":9846,"estimated":true}},{"type":"Feature","id":"meijer-13676","geometry":{"type":"Point","coordinates":[79.957083,6.58625]},"properties":{"id":"meijer-13676","type":"river-plastic","name":"River outfall 13676","country":null,"source_id":"meijer-rivers-2021","year":2015,"value":973.455,"unit":"tonnes/year","metric":"Modeled floating macroplastic emissions","original_value":973.455,"original_unit":"metric tons/year","source_row":13676,"estimated":true}},{"type":"Feature","id":"meijer-14352","geometry":{"type":"Point","coordinates":[76.30625,9.929167]},"properties":{"id":"meijer-14352","type":"river-plastic","name":"River outfall 14352","country":null,"source_id":"meijer-rivers-2021","year":2015,"value":973.143,"unit":"tonnes/year","metric":"Modeled floating macroplastic emissions","original_value":973.143,"original_unit":"metric tons/year","source_row":14352,"estimated":true}},{"type":"Feature","id":"meijer-7840","geometry":{"type":"Point","coordinates":[113.986667,4.405417]},"properties":{"id":"meijer-7840","type":"river-plastic","name":"River outfall 7840","country":null,"source_id":"meijer-rivers-2021","year":2015,"value":970.794,"unit":"tonnes/year","metric":"Modeled floating macroplastic emissions","original_value":970.794,"original_unit":"metric tons/year","source_row":7840,"estimated":true}},{"type":"Feature","id":"meijer-2305","geometry":{"type":"Point","coordinates":[112.735417,-7.19625]},"properties":{"id":"meijer-2305","type":"river-plastic","name":"River outfall 2305","country":null,"source_id":"meijer-rivers-2021","year":2015,"value":970.727,"unit":"tonnes/year","metric":"Modeled floating macroplastic emissions","original_value":970.727,"original_unit":"metric tons/year","source_row":2305,"estimated":true}},{"type":"Feature","id":"meijer-15254","geometry":{"type":"Point","coordinates":[80.287917,13.067917]},"properties":{"id":"meijer-15254","type":"river-plastic","name":"River outfall 15254","country":null,"source_id":"meijer-rivers-2021","year":2015,"value":967.585,"unit":"tonnes/year","metric":"Modeled floating macroplastic emissions","original_value":967.585,"original_unit":"metric tons/year","source_row":15254,"estimated":true}},{"type":"Feature","id":"meijer-14087","geometry":{"type":"Point","coordinates":[76.53875,8.932917]},"properties":{"id":"meijer-14087","type":"river-plastic","name":"River outfall 14087","country":null,"source_id":"meijer-rivers-2021","year":2015,"value":961.72,"unit":"tonnes/year","metric":"Modeled floating macroplastic emissions","original_value":961.72,"original_unit":"metric tons/year","source_row":14087,"estimated":true}},{"type":"Feature","id":"meijer-25694","geometry":{"type":"Point","coordinates":[-51.222917,-30.00625]},"properties":{"id":"meijer-25694","type":"river-plastic","name":"River outfall 25694","country":null,"source_id":"meijer-rivers-2021","year":2015,"value":961.492,"unit":"tonnes/year","metric":"Modeled floating macroplastic emissions","original_value":961.492,"original_unit":"metric tons/year","source_row":25694,"estimated":true}},{"type":"Feature","id":"meijer-19897","geometry":{"type":"Point","coordinates":[18.485417,-33.890417]},"properties":{"id":"meijer-19897","type":"river-plastic","name":"River outfall 19897","country":null,"source_id":"meijer-rivers-2021","year":2015,"value":957.405,"unit":"tonnes/year","metric":"Modeled floating macroplastic emissions","original_value":957.405,"original_unit":"metric tons/year","source_row":19897,"estimated":true}},{"type":"Feature","id":"meijer-14918","geometry":{"type":"Point","coordinates":[75.352083,11.931667]},"properties":{"id":"meijer-14918","type":"river-plastic","name":"River outfall 14918","country":null,"source_id":"meijer-rivers-2021","year":2015,"value":949.985,"unit":"tonnes/year","metric":"Modeled floating macroplastic emissions","original_value":949.985,"original_unit":"metric tons/year","source_row":14918,"estimated":true}},{"type":"Feature","id":"meijer-13279","geometry":{"type":"Point","coordinates":[102.894583,1.81875]},"properties":{"id":"meijer-13279","type":"river-plastic","name":"River outfall 13279","country":null,"source_id":"meijer-rivers-2021","year":2015,"value":933.459,"unit":"tonnes/year","metric":"Modeled floating macroplastic emissions","original_value":933.459,"original_unit":"metric tons/year","source_row":13279,"estimated":true}},{"type":"Feature","id":"meijer-21577","geometry":{"type":"Point","coordinates":[5.674583,5.535417]},"properties":{"id":"meijer-21577","type":"river-plastic","name":"River outfall 21577","country":null,"source_id":"meijer-rivers-2021","year":2015,"value":932.708,"unit":"tonnes/year","metric":"Modeled floating macroplastic emissions","original_value":932.708,"original_unit":"metric tons/year","source_row":21577,"estimated":true}},{"type":"Feature","id":"meijer-2191","geometry":{"type":"Point","coordinates":[112.867083,-7.56125]},"properties":{"id":"meijer-2191","type":"river-plastic","name":"River outfall 2191","country":null,"source_id":"meijer-rivers-2021","year":2015,"value":928.959,"unit":"tonnes/year","metric":"Modeled floating macroplastic emissions","original_value":928.959,"original_unit":"metric tons/year","source_row":2191,"estimated":true}},{"type":"Feature","id":"meijer-12670","geometry":{"type":"Point","coordinates":[120.567083,14.682083]},"properties":{"id":"meijer-12670","type":"river-plastic","name":"River outfall 12670","country":null,"source_id":"meijer-rivers-2021","year":2015,"value":918.136,"unit":"tonnes/year","metric":"Modeled floating macroplastic emissions","original_value":918.136,"original_unit":"metric tons/year","source_row":12670,"estimated":true}},{"type":"Feature","id":"meijer-18151","geometry":{"type":"Point","coordinates":[91.885417,22.125417]},"properties":{"id":"meijer-18151","type":"river-plastic","name":"River outfall 18151","country":null,"source_id":"meijer-rivers-2021","year":2015,"value":912.834,"unit":"tonnes/year","metric":"Modeled floating macroplastic emissions","original_value":912.834,"original_unit":"metric tons/year","source_row":18151,"estimated":true}},{"type":"Feature","id":"meijer-16964","geometry":{"type":"Point","coordinates":[72.780417,19.505417]},"properties":{"id":"meijer-16964","type":"river-plastic","name":"River outfall 16964","country":null,"source_id":"meijer-rivers-2021","year":2015,"value":910.108,"unit":"tonnes/year","metric":"Modeled floating macroplastic emissions","original_value":910.108,"original_unit":"metric tons/year","source_row":16964,"estimated":true}},{"type":"Feature","id":"meijer-14063","geometry":{"type":"Point","coordinates":[76.64625,8.819583]},"properties":{"id":"meijer-14063","type":"river-plastic","name":"River outfall 14063","country":null,"source_id":"meijer-rivers-2021","year":2015,"value":902.986,"unit":"tonnes/year","metric":"Modeled floating macroplastic emissions","original_value":902.986,"original_unit":"metric tons/year","source_row":14063,"estimated":true}},{"type":"Feature","id":"meijer-2144","geometry":{"type":"Point","coordinates":[109.11875,-7.675417]},"properties":{"id":"meijer-2144","type":"river-plastic","name":"River outfall 2144","country":null,"source_id":"meijer-rivers-2021","year":2015,"value":890.112,"unit":"tonnes/year","metric":"Modeled floating macroplastic emissions","original_value":890.112,"original_unit":"metric tons/year","source_row":2144,"estimated":true}},{"type":"Feature","id":"meijer-13297","geometry":{"type":"Point","coordinates":[102.55125,2.052083]},"properties":{"id":"meijer-13297","type":"river-plastic","name":"River outfall 13297","country":null,"source_id":"meijer-rivers-2021","year":2015,"value":887.015,"unit":"tonnes/year","metric":"Modeled floating macroplastic emissions","original_value":887.015,"original_unit":"metric tons/year","source_row":13297,"estimated":true}},{"type":"Feature","id":"meijer-2968","geometry":{"type":"Point","coordinates":[107.00125,-5.932083]},"properties":{"id":"meijer-2968","type":"river-plastic","name":"River outfall 2968","country":null,"source_id":"meijer-rivers-2021","year":2015,"value":883.201,"unit":"tonnes/year","metric":"Modeled floating macroplastic emissions","original_value":883.201,"original_unit":"metric tons/year","source_row":2968,"estimated":true}},{"type":"Feature","id":"meijer-21034","geometry":{"type":"Point","coordinates":[9.68923,4.049562]},"properties":{"id":"meijer-21034","type":"river-plastic","name":"River outfall 21034","country":null,"source_id":"meijer-rivers-2021","year":2015,"value":879.299,"unit":"tonnes/year","metric":"Modeled floating macroplastic emissions","original_value":879.299,"original_unit":"metric tons/year","source_row":21034,"estimated":true}},{"type":"Feature","id":"meijer-15277","geometry":{"type":"Point","coordinates":[80.327917,13.222083]},"properties":{"id":"meijer-15277","type":"river-plastic","name":"River outfall 15277","country":null,"source_id":"meijer-rivers-2021","year":2015,"value":878.936,"unit":"tonnes/year","metric":"Modeled floating macroplastic emissions","original_value":878.936,"original_unit":"metric tons/year","source_row":15277,"estimated":true}},{"type":"Feature","id":"meijer-10626","geometry":{"type":"Point","coordinates":[124.55625,10.989583]},"properties":{"id":"meijer-10626","type":"river-plastic","name":"River outfall 10626","country":null,"source_id":"meijer-rivers-2021","year":2015,"value":873.536,"unit":"tonnes/year","metric":"Modeled floating macroplastic emissions","original_value":873.536,"original_unit":"metric tons/year","source_row":10626,"estimated":true}},{"type":"Feature","id":"meijer-9254","geometry":{"type":"Point","coordinates":[124.742083,8.555417]},"properties":{"id":"meijer-9254","type":"river-plastic","name":"River outfall 9254","country":null,"source_id":"meijer-rivers-2021","year":2015,"value":868.508,"unit":"tonnes/year","metric":"Modeled floating macroplastic emissions","original_value":868.508,"original_unit":"metric tons/year","source_row":9254,"estimated":true}},{"type":"Feature","id":"meijer-12952","geometry":{"type":"Point","coordinates":[119.925417,16.24625]},"properties":{"id":"meijer-12952","type":"river-plastic","name":"River outfall 12952","country":null,"source_id":"meijer-rivers-2021","year":2015,"value":867.083,"unit":"tonnes/year","metric":"Modeled floating macroplastic emissions","original_value":867.083,"original_unit":"metric tons/year","source_row":12952,"estimated":true}},{"type":"Feature","id":"meijer-18705","geometry":{"type":"Point","coordinates":[91.352917,22.78125]},"properties":{"id":"meijer-18705","type":"river-plastic","name":"River outfall 18705","country":null,"source_id":"meijer-rivers-2021","year":2015,"value":865.383,"unit":"tonnes/year","metric":"Modeled floating macroplastic emissions","original_value":865.383,"original_unit":"metric tons/year","source_row":18705,"estimated":true}},{"type":"Feature","id":"meijer-19228","geometry":{"type":"Point","coordinates":[121.412917,28.695833]},"properties":{"id":"meijer-19228","type":"river-plastic","name":"River outfall 19228","country":null,"source_id":"meijer-rivers-2021","year":2015,"value":858.777,"unit":"tonnes/year","metric":"Modeled floating macroplastic emissions","original_value":858.777,"original_unit":"metric tons/year","source_row":19228,"estimated":true}},{"type":"Feature","id":"meijer-2143","geometry":{"type":"Point","coordinates":[108.794167,-7.675417]},"properties":{"id":"meijer-2143","type":"river-plastic","name":"River outfall 2143","country":null,"source_id":"meijer-rivers-2021","year":2015,"value":855.801,"unit":"tonnes/year","metric":"Modeled floating macroplastic emissions","original_value":855.801,"original_unit":"metric tons/year","source_row":2143,"estimated":true}},{"type":"Feature","id":"meijer-16200","geometry":{"type":"Point","coordinates":[97.660417,16.51875]},"properties":{"id":"meijer-16200","type":"river-plastic","name":"River outfall 16200","country":null,"source_id":"meijer-rivers-2021","year":2015,"value":842.358,"unit":"tonnes/year","metric":"Modeled floating macroplastic emissions","original_value":842.358,"original_unit":"metric tons/year","source_row":16200,"estimated":true}},{"type":"Feature","id":"meijer-13770","geometry":{"type":"Point","coordinates":[79.827917,7.20875]},"properties":{"id":"meijer-13770","type":"river-plastic","name":"River outfall 13770","country":null,"source_id":"meijer-rivers-2021","year":2015,"value":834.341,"unit":"tonnes/year","metric":"Modeled floating macroplastic emissions","original_value":834.341,"original_unit":"metric tons/year","source_row":13770,"estimated":true}},{"type":"Feature","id":"meijer-11137","geometry":{"type":"Point","coordinates":[124.697083,11.954583]},"properties":{"id":"meijer-11137","type":"river-plastic","name":"River outfall 11137","country":null,"source_id":"meijer-rivers-2021","year":2015,"value":833.985,"unit":"tonnes/year","metric":"Modeled floating macroplastic emissions","original_value":833.985,"original_unit":"metric tons/year","source_row":11137,"estimated":true}},{"type":"Feature","id":"meijer-26178","geometry":{"type":"Point","coordinates":[-38.447917,-12.999583]},"properties":{"id":"meijer-26178","type":"river-plastic","name":"River outfall 26178","country":null,"source_id":"meijer-rivers-2021","year":2015,"value":827.524,"unit":"tonnes/year","metric":"Modeled floating macroplastic emissions","original_value":827.524,"original_unit":"metric tons/year","source_row":26178,"estimated":true}},{"type":"Feature","id":"meijer-15223","geometry":{"type":"Point","coordinates":[74.830417,12.852083]},"properties":{"id":"meijer-15223","type":"river-plastic","name":"River outfall 15223","country":null,"source_id":"meijer-rivers-2021","year":2015,"value":826.961,"unit":"tonnes/year","metric":"Modeled floating macroplastic emissions","original_value":826.961,"original_unit":"metric tons/year","source_row":15223,"estimated":true}},{"type":"Feature","id":"meijer-26703","geometry":{"type":"Point","coordinates":[-48.49375,-1.48625]},"properties":{"id":"meijer-26703","type":"river-plastic","name":"River outfall 26703","country":null,"source_id":"meijer-rivers-2021","year":2015,"value":823.63,"unit":"tonnes/year","metric":"Modeled floating macroplastic emissions","original_value":823.63,"original_unit":"metric tons/year","source_row":26703,"estimated":true}},{"type":"Feature","id":"meijer-21278","geometry":{"type":"Point","coordinates":[6.24875,4.527083]},"properties":{"id":"meijer-21278","type":"river-plastic","name":"River outfall 21278","country":null,"source_id":"meijer-rivers-2021","year":2015,"value":822.424,"unit":"tonnes/year","metric":"Modeled floating macroplastic emissions","original_value":822.424,"original_unit":"metric tons/year","source_row":21278,"estimated":true}},{"type":"Feature","id":"meijer-15245","geometry":{"type":"Point","coordinates":[80.270833,13.01375]},"properties":{"id":"meijer-15245","type":"river-plastic","name":"River outfall 15245","country":null,"source_id":"meijer-rivers-2021","year":2015,"value":819.744,"unit":"tonnes/year","metric":"Modeled floating macroplastic emissions","original_value":819.744,"original_unit":"metric tons/year","source_row":15245,"estimated":true}},{"type":"Feature","id":"meijer-13698","geometry":{"type":"Point","coordinates":[79.893333,6.740833]},"properties":{"id":"meijer-13698","type":"river-plastic","name":"River outfall 13698","country":null,"source_id":"meijer-rivers-2021","year":2015,"value":818.488,"unit":"tonnes/year","metric":"Modeled floating macroplastic emissions","original_value":818.488,"original_unit":"metric tons/year","source_row":13698,"estimated":true}},{"type":"Feature","id":"meijer-18408","geometry":{"type":"Point","coordinates":[72.37875,22.38625]},"properties":{"id":"meijer-18408","type":"river-plastic","name":"River outfall 18408","country":null,"source_id":"meijer-rivers-2021","year":2015,"value":817.952,"unit":"tonnes/year","metric":"Modeled floating macroplastic emissions","original_value":817.952,"original_unit":"metric tons/year","source_row":18408,"estimated":true}},{"type":"Feature","id":"meijer-21414","geometry":{"type":"Point","coordinates":[7.062083,4.770417]},"properties":{"id":"meijer-21414","type":"river-plastic","name":"River outfall 21414","country":null,"source_id":"meijer-rivers-2021","year":2015,"value":817.018,"unit":"tonnes/year","metric":"Modeled floating macroplastic emissions","original_value":817.018,"original_unit":"metric tons/year","source_row":21414,"estimated":true}},{"type":"Feature","id":"meijer-18949","geometry":{"type":"Point","coordinates":[117.843333,24.432083]},"properties":{"id":"meijer-18949","type":"river-plastic","name":"River outfall 18949","country":null,"source_id":"meijer-rivers-2021","year":2015,"value":816.444,"unit":"tonnes/year","metric":"Modeled floating macroplastic emissions","original_value":816.444,"original_unit":"metric tons/year","source_row":18949,"estimated":true}},{"type":"Feature","id":"meijer-17373","geometry":{"type":"Point","coordinates":[72.831773,20.411217]},"properties":{"id":"meijer-17373","type":"river-plastic","name":"River outfall 17373","country":null,"source_id":"meijer-rivers-2021","year":2015,"value":808.123,"unit":"tonnes/year","metric":"Modeled floating macroplastic emissions","original_value":808.123,"original_unit":"metric tons/year","source_row":17373,"estimated":true}},{"type":"Feature","id":"meijer-15430","geometry":{"type":"Point","coordinates":[98.21,13.975417]},"properties":{"id":"meijer-15430","type":"river-plastic","name":"River outfall 15430","country":null,"source_id":"meijer-rivers-2021","year":2015,"value":805.096,"unit":"tonnes/year","metric":"Modeled floating macroplastic emissions","original_value":805.096,"original_unit":"metric tons/year","source_row":15430,"estimated":true}},{"type":"Feature","id":"meijer-16740","geometry":{"type":"Point","coordinates":[73.002917,18.807917]},"properties":{"id":"meijer-16740","type":"river-plastic","name":"River outfall 16740","country":null,"source_id":"meijer-rivers-2021","year":2015,"value":802.618,"unit":"tonnes/year","metric":"Modeled floating macroplastic emissions","original_value":802.618,"original_unit":"metric tons/year","source_row":16740,"estimated":true}},{"type":"Feature","id":"meijer-15220","geometry":{"type":"Point","coordinates":[74.855417,12.84125]},"properties":{"id":"meijer-15220","type":"river-plastic","name":"River outfall 15220","country":null,"source_id":"meijer-rivers-2021","year":2015,"value":800.502,"unit":"tonnes/year","metric":"Modeled floating macroplastic emissions","original_value":800.502,"original_unit":"metric tons/year","source_row":15220,"estimated":true}},{"type":"Feature","id":"meijer-7004","geometry":{"type":"Point","coordinates":[110.39875,1.552083]},"properties":{"id":"meijer-7004","type":"river-plastic","name":"River outfall 7004","country":null,"source_id":"meijer-rivers-2021","year":2015,"value":797.853,"unit":"tonnes/year","metric":"Modeled floating macroplastic emissions","original_value":797.853,"original_unit":"metric tons/year","source_row":7004,"estimated":true}},{"type":"Feature","id":"meijer-17321","geometry":{"type":"Point","coordinates":[106.530417,20.314583]},"properties":{"id":"meijer-17321","type":"river-plastic","name":"River outfall 17321","country":null,"source_id":"meijer-rivers-2021","year":2015,"value":797.112,"unit":"tonnes/year","metric":"Modeled floating macroplastic emissions","original_value":797.112,"original_unit":"metric tons/year","source_row":17321,"estimated":true}},{"type":"Feature","id":"meijer-23035","geometry":{"type":"Point","coordinates":[27.168333,38.439583]},"properties":{"id":"meijer-23035","type":"river-plastic","name":"River outfall 23035","country":null,"source_id":"meijer-rivers-2021","year":2015,"value":794.001,"unit":"tonnes/year","metric":"Modeled floating macroplastic emissions","original_value":794.001,"original_unit":"metric tons/year","source_row":23035,"estimated":true}},{"type":"Feature","id":"meijer-16707","geometry":{"type":"Point","coordinates":[105.75625,18.720417]},"properties":{"id":"meijer-16707","type":"river-plastic","name":"River outfall 16707","country":null,"source_id":"meijer-rivers-2021","year":2015,"value":792.891,"unit":"tonnes/year","metric":"Modeled floating macroplastic emissions","original_value":792.891,"original_unit":"metric tons/year","source_row":16707,"estimated":true}},{"type":"Feature","id":"meijer-12713","geometry":{"type":"Point","coordinates":[120.835417,14.76625]},"properties":{"id":"meijer-12713","type":"river-plastic","name":"River outfall 12713","country":null,"source_id":"meijer-rivers-2021","year":2015,"value":781.485,"unit":"tonnes/year","metric":"Modeled floating macroplastic emissions","original_value":781.485,"original_unit":"metric tons/year","source_row":12713,"estimated":true}},{"type":"Feature","id":"meijer-12257","geometry":{"type":"Point","coordinates":[120.904583,13.887917]},"properties":{"id":"meijer-12257","type":"river-plastic","name":"River outfall 12257","country":null,"source_id":"meijer-rivers-2021","year":2015,"value":770.881,"unit":"tonnes/year","metric":"Modeled floating macroplastic emissions","original_value":770.881,"original_unit":"metric tons/year","source_row":12257,"estimated":true}},{"type":"Feature","id":"meijer-14785","geometry":{"type":"Point","coordinates":[75.590417,11.569583]},"properties":{"id":"meijer-14785","type":"river-plastic","name":"River outfall 14785","country":null,"source_id":"meijer-rivers-2021","year":2015,"value":768.914,"unit":"tonnes/year","metric":"Modeled floating macroplastic emissions","original_value":768.914,"original_unit":"metric tons/year","source_row":14785,"estimated":true}},{"type":"Feature","id":"meijer-14153","geometry":{"type":"Point","coordinates":[99.36875,9.184583]},"properties":{"id":"meijer-14153","type":"river-plastic","name":"River outfall 14153","country":null,"source_id":"meijer-rivers-2021","year":2015,"value":765.756,"unit":"tonnes/year","metric":"Modeled floating macroplastic emissions","original_value":765.756,"original_unit":"metric tons/year","source_row":14153,"estimated":true}},{"type":"Feature","id":"meijer-26302","geometry":{"type":"Point","coordinates":[-34.88875,-8.082083]},"properties":{"id":"meijer-26302","type":"river-plastic","name":"River outfall 26302","country":null,"source_id":"meijer-rivers-2021","year":2015,"value":764.867,"unit":"tonnes/year","metric":"Modeled floating macroplastic emissions","original_value":764.867,"original_unit":"metric tons/year","source_row":26302,"estimated":true}},{"type":"Feature","id":"meijer-8390","geometry":{"type":"Point","coordinates":[125.164583,6.104583]},"properties":{"id":"meijer-8390","type":"river-plastic","name":"River outfall 8390","country":null,"source_id":"meijer-rivers-2021","year":2015,"value":764.762,"unit":"tonnes/year","metric":"Modeled floating macroplastic emissions","original_value":764.762,"original_unit":"metric tons/year","source_row":8390,"estimated":true}},{"type":"Feature","id":"meijer-26398","geometry":{"type":"Point","coordinates":[-38.592917,-3.702083]},"properties":{"id":"meijer-26398","type":"river-plastic","name":"River outfall 26398","country":null,"source_id":"meijer-rivers-2021","year":2015,"value":760.377,"unit":"tonnes/year","metric":"Modeled floating macroplastic emissions","original_value":760.377,"original_unit":"metric tons/year","source_row":26398,"estimated":true}},{"type":"Feature","id":"meijer-22347","geometry":{"type":"Point","coordinates":[3.12625,36.74125]},"properties":{"id":"meijer-22347","type":"river-plastic","name":"River outfall 22347","country":null,"source_id":"meijer-rivers-2021","year":2015,"value":759.652,"unit":"tonnes/year","metric":"Modeled floating macroplastic emissions","original_value":759.652,"original_unit":"metric tons/year","source_row":22347,"estimated":true}},{"type":"Feature","id":"meijer-9123","geometry":{"type":"Point","coordinates":[124.23375,8.225417]},"properties":{"id":"meijer-9123","type":"river-plastic","name":"River outfall 9123","country":null,"source_id":"meijer-rivers-2021","year":2015,"value":757.338,"unit":"tonnes/year","metric":"Modeled floating macroplastic emissions","original_value":757.338,"original_unit":"metric tons/year","source_row":9123,"estimated":true}},{"type":"Feature","id":"meijer-18479","geometry":{"type":"Point","coordinates":[113.000417,22.449583]},"properties":{"id":"meijer-18479","type":"river-plastic","name":"River outfall 18479","country":null,"source_id":"meijer-rivers-2021","year":2015,"value":756.502,"unit":"tonnes/year","metric":"Modeled floating macroplastic emissions","original_value":756.502,"original_unit":"metric tons/year","source_row":18479,"estimated":true}},{"type":"Feature","id":"meijer-25990","geometry":{"type":"Point","coordinates":[-43.212083,-22.867083]},"properties":{"id":"meijer-25990","type":"river-plastic","name":"River outfall 25990","country":null,"source_id":"meijer-rivers-2021","year":2015,"value":752.386,"unit":"tonnes/year","metric":"Modeled floating macroplastic emissions","original_value":752.386,"original_unit":"metric tons/year","source_row":25990,"estimated":true}},{"type":"Feature","id":"meijer-25575","geometry":{"type":"Point","coordinates":[-58.521667,-34.44375]},"properties":{"id":"meijer-25575","type":"river-plastic","name":"River outfall 25575","country":null,"source_id":"meijer-rivers-2021","year":2015,"value":747.337,"unit":"tonnes/year","metric":"Modeled floating macroplastic emissions","original_value":747.337,"original_unit":"metric tons/year","source_row":25575,"estimated":true}},{"type":"Feature","id":"meijer-8321","geometry":{"type":"Point","coordinates":[116.065417,5.974583]},"properties":{"id":"meijer-8321","type":"river-plastic","name":"River outfall 8321","country":null,"source_id":"meijer-rivers-2021","year":2015,"value":744.993,"unit":"tonnes/year","metric":"Modeled floating macroplastic emissions","original_value":744.993,"original_unit":"metric tons/year","source_row":8321,"estimated":true}},{"type":"Feature","id":"meijer-19164","geometry":{"type":"Point","coordinates":[120.58125,27.587917]},"properties":{"id":"meijer-19164","type":"river-plastic","name":"River outfall 19164","country":null,"source_id":"meijer-rivers-2021","year":2015,"value":732.166,"unit":"tonnes/year","metric":"Modeled floating macroplastic emissions","original_value":732.166,"original_unit":"metric tons/year","source_row":19164,"estimated":true}},{"type":"Feature","id":"meijer-18993","geometry":{"type":"Point","coordinates":[66.967917,24.870417]},"properties":{"id":"meijer-18993","type":"river-plastic","name":"River outfall 18993","country":null,"source_id":"meijer-rivers-2021","year":2015,"value":730.319,"unit":"tonnes/year","metric":"Modeled floating macroplastic emissions","original_value":730.319,"original_unit":"metric tons/year","source_row":18993,"estimated":true}},{"type":"Feature","id":"meijer-16152","geometry":{"type":"Point","coordinates":[95.879583,16.41875]},"properties":{"id":"meijer-16152","type":"river-plastic","name":"River outfall 16152","country":null,"source_id":"meijer-rivers-2021","year":2015,"value":729.726,"unit":"tonnes/year","metric":"Modeled floating macroplastic emissions","original_value":729.726,"original_unit":"metric tons/year","source_row":16152,"estimated":true}},{"type":"Feature","id":"meijer-15355","geometry":{"type":"Point","coordinates":[100.267083,13.529583]},"properties":{"id":"meijer-15355","type":"river-plastic","name":"River outfall 15355","country":null,"source_id":"meijer-rivers-2021","year":2015,"value":728.149,"unit":"tonnes/year","metric":"Modeled floating macroplastic emissions","original_value":728.149,"original_unit":"metric tons/year","source_row":15355,"estimated":true}},{"type":"Feature","id":"meijer-19699","geometry":{"type":"Point","coordinates":[117.717083,38.970417]},"properties":{"id":"meijer-19699","type":"river-plastic","name":"River outfall 19699","country":null,"source_id":"meijer-rivers-2021","year":2015,"value":728.098,"unit":"tonnes/year","metric":"Modeled floating macroplastic emissions","original_value":728.098,"original_unit":"metric tons/year","source_row":19699,"estimated":true}},{"type":"Feature","id":"meijer-18662","geometry":{"type":"Point","coordinates":[91.207083,22.717917]},"properties":{"id":"meijer-18662","type":"river-plastic","name":"River outfall 18662","country":null,"source_id":"meijer-rivers-2021","year":2015,"value":726.778,"unit":"tonnes/year","metric":"Modeled floating macroplastic emissions","original_value":726.778,"original_unit":"metric tons/year","source_row":18662,"estimated":true}},{"type":"Feature","id":"meijer-9007","geometry":{"type":"Point","coordinates":[123.689583,7.97125]},"properties":{"id":"meijer-9007","type":"river-plastic","name":"River outfall 9007","country":null,"source_id":"meijer-rivers-2021","year":2015,"value":723.559,"unit":"tonnes/year","metric":"Modeled floating macroplastic emissions","original_value":723.559,"original_unit":"metric tons/year","source_row":9007,"estimated":true}},{"type":"Feature","id":"meijer-14515","geometry":{"type":"Point","coordinates":[106.71625,10.47375]},"properties":{"id":"meijer-14515","type":"river-plastic","name":"River outfall 14515","country":null,"source_id":"meijer-rivers-2021","year":2015,"value":719.837,"unit":"tonnes/year","metric":"Modeled floating macroplastic emissions","original_value":719.837,"original_unit":"metric tons/year","source_row":14515,"estimated":true}},{"type":"Feature","id":"meijer-11915","geometry":{"type":"Point","coordinates":[123.712917,13.414583]},"properties":{"id":"meijer-11915","type":"river-plastic","name":"River outfall 11915","country":null,"source_id":"meijer-rivers-2021","year":2015,"value":718.666,"unit":"tonnes/year","metric":"Modeled floating macroplastic emissions","original_value":718.666,"original_unit":"metric tons/year","source_row":11915,"estimated":true}},{"type":"Feature","id":"meijer-15324","geometry":{"type":"Point","coordinates":[74.697083,13.417917]},"properties":{"id":"meijer-15324","type":"river-plastic","name":"River outfall 15324","country":null,"source_id":"meijer-rivers-2021","year":2015,"value":716.782,"unit":"tonnes/year","metric":"Modeled floating macroplastic emissions","original_value":716.782,"original_unit":"metric tons/year","source_row":15324,"estimated":true}},{"type":"Feature","id":"meijer-8702","geometry":{"type":"Point","coordinates":[125.572917,7.040417]},"properties":{"id":"meijer-8702","type":"river-plastic","name":"River outfall 8702","country":null,"source_id":"meijer-rivers-2021","year":2015,"value":716.261,"unit":"tonnes/year","metric":"Modeled floating macroplastic emissions","original_value":716.261,"original_unit":"metric tons/year","source_row":8702,"estimated":true}},{"type":"Feature","id":"meijer-1943","geometry":{"type":"Point","coordinates":[110.29125,-8.00875]},"properties":{"id":"meijer-1943","type":"river-plastic","name":"River outfall 1943","country":null,"source_id":"meijer-rivers-2021","year":2015,"value":714.107,"unit":"tonnes/year","metric":"Modeled floating macroplastic emissions","original_value":714.107,"original_unit":"metric tons/year","source_row":1943,"estimated":true}},{"type":"Feature","id":"meijer-17502","geometry":{"type":"Point","coordinates":[86.942917,20.77125]},"properties":{"id":"meijer-17502","type":"river-plastic","name":"River outfall 17502","country":null,"source_id":"meijer-rivers-2021","year":2015,"value":713.489,"unit":"tonnes/year","metric":"Modeled floating macroplastic emissions","original_value":713.489,"original_unit":"metric tons/year","source_row":17502,"estimated":true}},{"type":"Feature","id":"meijer-18389","geometry":{"type":"Point","coordinates":[88.95875,22.36375]},"properties":{"id":"meijer-18389","type":"river-plastic","name":"River outfall 18389","country":null,"source_id":"meijer-rivers-2021","year":2015,"value":711.686,"unit":"tonnes/year","metric":"Modeled floating macroplastic emissions","original_value":711.686,"original_unit":"metric tons/year","source_row":18389,"estimated":true}},{"type":"Feature","id":"meijer-17478","geometry":{"type":"Point","coordinates":[106.64875,20.70625]},"properties":{"id":"meijer-17478","type":"river-plastic","name":"River outfall 17478","country":null,"source_id":"meijer-rivers-2021","year":2015,"value":709.616,"unit":"tonnes/year","metric":"Modeled floating macroplastic emissions","original_value":709.616,"original_unit":"metric tons/year","source_row":17478,"estimated":true}},{"type":"Feature","id":"meijer-10403","geometry":{"type":"Point","coordinates":[122.927083,10.65125]},"properties":{"id":"meijer-10403","type":"river-plastic","name":"River outfall 10403","country":null,"source_id":"meijer-rivers-2021","year":2015,"value":703.421,"unit":"tonnes/year","metric":"Modeled floating macroplastic emissions","original_value":703.421,"original_unit":"metric tons/year","source_row":10403,"estimated":true}},{"type":"Feature","id":"meijer-21684","geometry":{"type":"Point","coordinates":[-10.80125,6.329583]},"properties":{"id":"meijer-21684","type":"river-plastic","name":"River outfall 21684","country":null,"source_id":"meijer-rivers-2021","year":2015,"value":701.38,"unit":"tonnes/year","metric":"Modeled floating macroplastic emissions","original_value":701.38,"original_unit":"metric tons/year","source_row":21684,"estimated":true}},{"type":"Feature","id":"meijer-10467","geometry":{"type":"Point","coordinates":[122.962917,10.73125]},"properties":{"id":"meijer-10467","type":"river-plastic","name":"River outfall 10467","country":null,"source_id":"meijer-rivers-2021","year":2015,"value":696.709,"unit":"tonnes/year","metric":"Modeled floating macroplastic emissions","original_value":696.709,"original_unit":"metric tons/year","source_row":10467,"estimated":true}},{"type":"Feature","id":"meijer-13800","geometry":{"type":"Point","coordinates":[99.509583,7.394167]},"properties":{"id":"meijer-13800","type":"river-plastic","name":"River outfall 13800","country":null,"source_id":"meijer-rivers-2021","year":2015,"value":693.443,"unit":"tonnes/year","metric":"Modeled floating macroplastic emissions","original_value":693.443,"original_unit":"metric tons/year","source_row":13800,"estimated":true}},{"type":"Feature","id":"meijer-8704","geometry":{"type":"Point","coordinates":[125.552083,7.047083]},"properties":{"id":"meijer-8704","type":"river-plastic","name":"River outfall 8704","country":null,"source_id":"meijer-rivers-2021","year":2015,"value":693.373,"unit":"tonnes/year","metric":"Modeled floating macroplastic emissions","original_value":693.373,"original_unit":"metric tons/year","source_row":8704,"estimated":true}},{"type":"Feature","id":"meijer-16833","geometry":{"type":"Point","coordinates":[72.82125,19.120417]},"properties":{"id":"meijer-16833","type":"river-plastic","name":"River outfall 16833","country":null,"source_id":"meijer-rivers-2021","year":2015,"value":691.625,"unit":"tonnes/year","metric":"Modeled floating macroplastic emissions","original_value":691.625,"original_unit":"metric tons/year","source_row":16833,"estimated":true}},{"type":"Feature","id":"meijer-19187","geometry":{"type":"Point","coordinates":[120.705,28.026667]},"properties":{"id":"meijer-19187","type":"river-plastic","name":"River outfall 19187","country":null,"source_id":"meijer-rivers-2021","year":2015,"value":687.581,"unit":"tonnes/year","metric":"Modeled floating macroplastic emissions","original_value":687.581,"original_unit":"metric tons/year","source_row":19187,"estimated":true}},{"type":"Feature","id":"meijer-14275","geometry":{"type":"Point","coordinates":[106.251667,9.61625]},"properties":{"id":"meijer-14275","type":"river-plastic","name":"River outfall 14275","country":null,"source_id":"meijer-rivers-2021","year":2015,"value":683.982,"unit":"tonnes/year","metric":"Modeled floating macroplastic emissions","original_value":683.982,"original_unit":"metric tons/year","source_row":14275,"estimated":true}},{"type":"Feature","id":"meijer-10332","geometry":{"type":"Point","coordinates":[122.829583,10.55125]},"properties":{"id":"meijer-10332","type":"river-plastic","name":"River outfall 10332","country":null,"source_id":"meijer-rivers-2021","year":2015,"value":682.846,"unit":"tonnes/year","metric":"Modeled floating macroplastic emissions","original_value":682.846,"original_unit":"metric tons/year","source_row":10332,"estimated":true}},{"type":"Feature","id":"meijer-7654","geometry":{"type":"Point","coordinates":[98.707083,3.77125]},"properties":{"id":"meijer-7654","type":"river-plastic","name":"River outfall 7654","country":null,"source_id":"meijer-rivers-2021","year":2015,"value":681.001,"unit":"tonnes/year","metric":"Modeled floating macroplastic emissions","original_value":681.001,"original_unit":"metric tons/year","source_row":7654,"estimated":true}},{"type":"Feature","id":"meijer-26298","geometry":{"type":"Point","coordinates":[-34.935,-8.240417]},"properties":{"id":"meijer-26298","type":"river-plastic","name":"River outfall 26298","country":null,"source_id":"meijer-rivers-2021","year":2015,"value":679.601,"unit":"tonnes/year","metric":"Modeled floating macroplastic emissions","original_value":679.601,"original_unit":"metric tons/year","source_row":26298,"estimated":true}},{"type":"Feature","id":"meijer-13374","geometry":{"type":"Point","coordinates":[101.299583,3.255417]},"properties":{"id":"meijer-13374","type":"river-plastic","name":"River outfall 13374","country":null,"source_id":"meijer-rivers-2021","year":2015,"value":675.637,"unit":"tonnes/year","metric":"Modeled floating macroplastic emissions","original_value":675.637,"original_unit":"metric tons/year","source_row":13374,"estimated":true}},{"type":"Feature","id":"meijer-13491","geometry":{"type":"Point","coordinates":[100.625417,4.790417]},"properties":{"id":"meijer-13491","type":"river-plastic","name":"River outfall 13491","country":null,"source_id":"meijer-rivers-2021","year":2015,"value":670.968,"unit":"tonnes/year","metric":"Modeled floating macroplastic emissions","original_value":670.968,"original_unit":"metric tons/year","source_row":13491,"estimated":true}},{"type":"Feature","id":"meijer-9206","geometry":{"type":"Point","coordinates":[124.66375,8.49625]},"properties":{"id":"meijer-9206","type":"river-plastic","name":"River outfall 9206","country":null,"source_id":"meijer-rivers-2021","year":2015,"value":667.9,"unit":"tonnes/year","metric":"Modeled floating macroplastic emissions","original_value":667.9,"original_unit":"metric tons/year","source_row":9206,"estimated":true}},{"type":"Feature","id":"meijer-25998","geometry":{"type":"Point","coordinates":[-43.06625,-22.80125]},"properties":{"id":"meijer-25998","type":"river-plastic","name":"River outfall 25998","country":null,"source_id":"meijer-rivers-2021","year":2015,"value":666.377,"unit":"tonnes/year","metric":"Modeled floating macroplastic emissions","original_value":666.377,"original_unit":"metric tons/year","source_row":25998,"estimated":true}},{"type":"Feature","id":"meijer-25569","geometry":{"type":"Point","coordinates":[-58.415417,-34.554583]},"properties":{"id":"meijer-25569","type":"river-plastic","name":"River outfall 25569","country":null,"source_id":"meijer-rivers-2021","year":2015,"value":665.657,"unit":"tonnes/year","metric":"Modeled floating macroplastic emissions","original_value":665.657,"original_unit":"metric tons/year","source_row":25569,"estimated":true}},{"type":"Feature","id":"meijer-21512","geometry":{"type":"Point","coordinates":[5.467083,5.147083]},"properties":{"id":"meijer-21512","type":"river-plastic","name":"River outfall 21512","country":null,"source_id":"meijer-rivers-2021","year":2015,"value":663.246,"unit":"tonnes/year","metric":"Modeled floating macroplastic emissions","original_value":663.246,"original_unit":"metric tons/year","source_row":21512,"estimated":true}},{"type":"Feature","id":"meijer-13757","geometry":{"type":"Point","coordinates":[100.462917,7.14375]},"properties":{"id":"meijer-13757","type":"river-plastic","name":"River outfall 13757","country":null,"source_id":"meijer-rivers-2021","year":2015,"value":659.186,"unit":"tonnes/year","metric":"Modeled floating macroplastic emissions","original_value":659.186,"original_unit":"metric tons/year","source_row":13757,"estimated":true}},{"type":"Feature","id":"meijer-26304","geometry":{"type":"Point","coordinates":[-34.862083,-8.032083]},"properties":{"id":"meijer-26304","type":"river-plastic","name":"River outfall 26304","country":null,"source_id":"meijer-rivers-2021","year":2015,"value":653.799,"unit":"tonnes/year","metric":"Modeled floating macroplastic emissions","original_value":653.799,"original_unit":"metric tons/year","source_row":26304,"estimated":true}},{"type":"Feature","id":"meijer-18758","geometry":{"type":"Point","coordinates":[91.432625,22.838217]},"properties":{"id":"meijer-18758","type":"river-plastic","name":"River outfall 18758","country":null,"source_id":"meijer-rivers-2021","year":2015,"value":652.757,"unit":"tonnes/year","metric":"Modeled floating macroplastic emissions","original_value":652.757,"original_unit":"metric tons/year","source_row":18758,"estimated":true}},{"type":"Feature","id":"meijer-16520","geometry":{"type":"Point","coordinates":[73.2,17.587917]},"properties":{"id":"meijer-16520","type":"river-plastic","name":"River outfall 16520","country":null,"source_id":"meijer-rivers-2021","year":2015,"value":651.93,"unit":"tonnes/year","metric":"Modeled floating macroplastic emissions","original_value":651.93,"original_unit":"metric tons/year","source_row":16520,"estimated":true}},{"type":"Feature","id":"meijer-10157","geometry":{"type":"Point","coordinates":[123.87875,10.267083]},"properties":{"id":"meijer-10157","type":"river-plastic","name":"River outfall 10157","country":null,"source_id":"meijer-rivers-2021","year":2015,"value":651.373,"unit":"tonnes/year","metric":"Modeled floating macroplastic emissions","original_value":651.373,"original_unit":"metric tons/year","source_row":10157,"estimated":true}},{"type":"Feature","id":"meijer-21416","geometry":{"type":"Point","coordinates":[7.070417,4.777917]},"properties":{"id":"meijer-21416","type":"river-plastic","name":"River outfall 21416","country":null,"source_id":"meijer-rivers-2021","year":2015,"value":646.419,"unit":"tonnes/year","metric":"Modeled floating macroplastic emissions","original_value":646.419,"original_unit":"metric tons/year","source_row":21416,"estimated":true}},{"type":"Feature","id":"meijer-20784","geometry":{"type":"Point","coordinates":[39.300417,-6.840417]},"properties":{"id":"meijer-20784","type":"river-plastic","name":"River outfall 20784","country":null,"source_id":"meijer-rivers-2021","year":2015,"value":645.462,"unit":"tonnes/year","metric":"Modeled floating macroplastic emissions","original_value":645.462,"original_unit":"metric tons/year","source_row":20784,"estimated":true}},{"type":"Feature","id":"meijer-26730","geometry":{"type":"Point","coordinates":[-48.480417,-1.287917]},"properties":{"id":"meijer-26730","type":"river-plastic","name":"River outfall 26730","country":null,"source_id":"meijer-rivers-2021","year":2015,"value":642.48,"unit":"tonnes/year","metric":"Modeled floating macroplastic emissions","original_value":642.48,"original_unit":"metric tons/year","source_row":26730,"estimated":true}},{"type":"Feature","id":"meijer-25771","geometry":{"type":"Point","coordinates":[-48.650417,-26.907083]},"properties":{"id":"meijer-25771","type":"river-plastic","name":"River outfall 25771","country":null,"source_id":"meijer-rivers-2021","year":2015,"value":641.768,"unit":"tonnes/year","metric":"Modeled floating macroplastic emissions","original_value":641.768,"original_unit":"metric tons/year","source_row":25771,"estimated":true}},{"type":"Feature","id":"meijer-8635","geometry":{"type":"Point","coordinates":[122.154167,6.929583]},"properties":{"id":"meijer-8635","type":"river-plastic","name":"River outfall 8635","country":null,"source_id":"meijer-rivers-2021","year":2015,"value":641.62,"unit":"tonnes/year","metric":"Modeled floating macroplastic emissions","original_value":641.62,"original_unit":"metric tons/year","source_row":8635,"estimated":true}},{"type":"Feature","id":"meijer-13724","geometry":{"type":"Point","coordinates":[101.27375,6.892083]},"properties":{"id":"meijer-13724","type":"river-plastic","name":"River outfall 13724","country":null,"source_id":"meijer-rivers-2021","year":2015,"value":640.923,"unit":"tonnes/year","metric":"Modeled floating macroplastic emissions","original_value":640.923,"original_unit":"metric tons/year","source_row":13724,"estimated":true}},{"type":"Feature","id":"meijer-13998","geometry":{"type":"Point","coordinates":[76.913333,8.479167]},"properties":{"id":"meijer-13998","type":"river-plastic","name":"River outfall 13998","country":null,"source_id":"meijer-rivers-2021","year":2015,"value":637.293,"unit":"tonnes/year","metric":"Modeled floating macroplastic emissions","original_value":637.293,"original_unit":"metric tons/year","source_row":13998,"estimated":true}},{"type":"Feature","id":"meijer-8805","geometry":{"type":"Point","coordinates":[125.842083,7.36375]},"properties":{"id":"meijer-8805","type":"river-plastic","name":"River outfall 8805","country":null,"source_id":"meijer-rivers-2021","year":2015,"value":635.644,"unit":"tonnes/year","metric":"Modeled floating macroplastic emissions","original_value":635.644,"original_unit":"metric tons/year","source_row":8805,"estimated":true}},{"type":"Feature","id":"meijer-13629","geometry":{"type":"Point","coordinates":[102.090712,6.242378]},"properties":{"id":"meijer-13629","type":"river-plastic","name":"River outfall 13629","country":null,"source_id":"meijer-rivers-2021","year":2015,"value":632.996,"unit":"tonnes/year","metric":"Modeled floating macroplastic emissions","original_value":632.996,"original_unit":"metric tons/year","source_row":13629,"estimated":true}},{"type":"Feature","id":"meijer-13548","geometry":{"type":"Point","coordinates":[100.345417,5.567917]},"properties":{"id":"meijer-13548","type":"river-plastic","name":"River outfall 13548","country":null,"source_id":"meijer-rivers-2021","year":2015,"value":630.687,"unit":"tonnes/year","metric":"Modeled floating macroplastic emissions","original_value":630.687,"original_unit":"metric tons/year","source_row":13548,"estimated":true}},{"type":"Feature","id":"meijer-8906","geometry":{"type":"Point","coordinates":[123.38375,7.60625]},"properties":{"id":"meijer-8906","type":"river-plastic","name":"River outfall 8906","country":null,"source_id":"meijer-rivers-2021","year":2015,"value":623.239,"unit":"tonnes/year","metric":"Modeled floating macroplastic emissions","original_value":623.239,"original_unit":"metric tons/year","source_row":8906,"estimated":true}},{"type":"Feature","id":"meijer-12447","geometry":{"type":"Point","coordinates":[120.625417,14.055417]},"properties":{"id":"meijer-12447","type":"river-plastic","name":"River outfall 12447","country":null,"source_id":"meijer-rivers-2021","year":2015,"value":623.133,"unit":"tonnes/year","metric":"Modeled floating macroplastic emissions","original_value":623.133,"original_unit":"metric tons/year","source_row":12447,"estimated":true}},{"type":"Feature","id":"meijer-12327","geometry":{"type":"Point","coordinates":[120.717917,13.92875]},"properties":{"id":"meijer-12327","type":"river-plastic","name":"River outfall 12327","country":null,"source_id":"meijer-rivers-2021","year":2015,"value":623.029,"unit":"tonnes/year","metric":"Modeled floating macroplastic emissions","original_value":623.029,"original_unit":"metric tons/year","source_row":12327,"estimated":true}},{"type":"Feature","id":"meijer-12982","geometry":{"type":"Point","coordinates":[120.324583,16.39375]},"properties":{"id":"meijer-12982","type":"river-plastic","name":"River outfall 12982","country":null,"source_id":"meijer-rivers-2021","year":2015,"value":622.53,"unit":"tonnes/year","metric":"Modeled floating macroplastic emissions","original_value":622.53,"original_unit":"metric tons/year","source_row":12982,"estimated":true}},{"type":"Feature","id":"meijer-13392","geometry":{"type":"Point","coordinates":[103.44625,3.517083]},"properties":{"id":"meijer-13392","type":"river-plastic","name":"River outfall 13392","country":null,"source_id":"meijer-rivers-2021","year":2015,"value":618.021,"unit":"tonnes/year","metric":"Modeled floating macroplastic emissions","original_value":618.021,"original_unit":"metric tons/year","source_row":13392,"estimated":true}},{"type":"Feature","id":"meijer-13391","geometry":{"type":"Point","coordinates":[103.444583,3.51625]},"properties":{"id":"meijer-13391","type":"river-plastic","name":"River outfall 13391","country":null,"source_id":"meijer-rivers-2021","year":2015,"value":618.018,"unit":"tonnes/year","metric":"Modeled floating macroplastic emissions","original_value":618.018,"original_unit":"metric tons/year","source_row":13391,"estimated":true}},{"type":"Feature","id":"meijer-10518","geometry":{"type":"Point","coordinates":[121.947917,10.81125]},"properties":{"id":"meijer-10518","type":"river-plastic","name":"River outfall 10518","country":null,"source_id":"meijer-rivers-2021","year":2015,"value":612.429,"unit":"tonnes/year","metric":"Modeled floating macroplastic emissions","original_value":612.429,"original_unit":"metric tons/year","source_row":10518,"estimated":true}},{"type":"Feature","id":"meijer-12674","geometry":{"type":"Point","coordinates":[120.920833,14.689583]},"properties":{"id":"meijer-12674","type":"river-plastic","name":"River outfall 12674","country":null,"source_id":"meijer-rivers-2021","year":2015,"value":608.108,"unit":"tonnes/year","metric":"Modeled floating macroplastic emissions","original_value":608.108,"original_unit":"metric tons/year","source_row":12674,"estimated":true}},{"type":"Feature","id":"meijer-16716","geometry":{"type":"Point","coordinates":[72.98625,18.745833]},"properties":{"id":"meijer-16716","type":"river-plastic","name":"River outfall 16716","country":null,"source_id":"meijer-rivers-2021","year":2015,"value":607.224,"unit":"tonnes/year","metric":"Modeled floating macroplastic emissions","original_value":607.224,"original_unit":"metric tons/year","source_row":16716,"estimated":true}},{"type":"Feature","id":"meijer-21279","geometry":{"type":"Point","coordinates":[6.674583,4.527083]},"properties":{"id":"meijer-21279","type":"river-plastic","name":"River outfall 21279","country":null,"source_id":"meijer-rivers-2021","year":2015,"value":605.62,"unit":"tonnes/year","metric":"Modeled floating macroplastic emissions","original_value":605.62,"original_unit":"metric tons/year","source_row":21279,"estimated":true}},{"type":"Feature","id":"meijer-16570","geometry":{"type":"Point","coordinates":[73.069583,17.987917]},"properties":{"id":"meijer-16570","type":"river-plastic","name":"River outfall 16570","country":null,"source_id":"meijer-rivers-2021","year":2015,"value":602.733,"unit":"tonnes/year","metric":"Modeled floating macroplastic emissions","original_value":602.733,"original_unit":"metric tons/year","source_row":16570,"estimated":true}},{"type":"Feature","id":"meijer-29380","geometry":{"type":"Point","coordinates":[-69.624583,19.197917]},"properties":{"id":"meijer-29380","type":"river-plastic","name":"River outfall 29380","country":null,"source_id":"meijer-rivers-2021","year":2015,"value":602.419,"unit":"tonnes/year","metric":"Modeled floating macroplastic emissions","original_value":602.419,"original_unit":"metric tons/year","source_row":29380,"estimated":true}},{"type":"Feature","id":"meijer-12118","geometry":{"type":"Point","coordinates":[123.184583,13.727917]},"properties":{"id":"meijer-12118","type":"river-plastic","name":"River outfall 12118","country":null,"source_id":"meijer-rivers-2021","year":2015,"value":601.491,"unit":"tonnes/year","metric":"Modeled floating macroplastic emissions","original_value":601.491,"original_unit":"metric tons/year","source_row":12118,"estimated":true}},{"type":"Feature","id":"meijer-10377","geometry":{"type":"Point","coordinates":[122.92125,10.620417]},"properties":{"id":"meijer-10377","type":"river-plastic","name":"River outfall 10377","country":null,"source_id":"meijer-rivers-2021","year":2015,"value":601.372,"unit":"tonnes/year","metric":"Modeled floating macroplastic emissions","original_value":601.372,"original_unit":"metric tons/year","source_row":10377,"estimated":true}},{"type":"Feature","id":"meijer-28426","geometry":{"type":"Point","coordinates":[-91.78375,14.192083]},"properties":{"id":"meijer-28426","type":"river-plastic","name":"River outfall 28426","country":null,"source_id":"meijer-rivers-2021","year":2015,"value":600.438,"unit":"tonnes/year","metric":"Modeled floating macroplastic emissions","original_value":600.438,"original_unit":"metric tons/year","source_row":28426,"estimated":true}},{"type":"Feature","id":"meijer-7489","geometry":{"type":"Point","coordinates":[113.042917,3.167083]},"properties":{"id":"meijer-7489","type":"river-plastic","name":"River outfall 7489","country":null,"source_id":"meijer-rivers-2021","year":2015,"value":600.22,"unit":"tonnes/year","metric":"Modeled floating macroplastic emissions","original_value":600.22,"original_unit":"metric tons/year","source_row":7489,"estimated":true}},{"type":"Feature","id":"meijer-13051","geometry":{"type":"Point","coordinates":[120.3525,17.612917]},"properties":{"id":"meijer-13051","type":"river-plastic","name":"River outfall 13051","country":null,"source_id":"meijer-rivers-2021","year":2015,"value":599.845,"unit":"tonnes/year","metric":"Modeled floating macroplastic emissions","original_value":599.845,"original_unit":"metric tons/year","source_row":13051,"estimated":true}},{"type":"Feature","id":"meijer-6181","geometry":{"type":"Point","coordinates":[109.249583,0.024583]},"properties":{"id":"meijer-6181","type":"river-plastic","name":"River outfall 6181","country":null,"source_id":"meijer-rivers-2021","year":2015,"value":598.376,"unit":"tonnes/year","metric":"Modeled floating macroplastic emissions","original_value":598.376,"original_unit":"metric tons/year","source_row":6181,"estimated":true}},{"type":"Feature","id":"meijer-11439","geometry":{"type":"Point","coordinates":[124.652083,12.50875]},"properties":{"id":"meijer-11439","type":"river-plastic","name":"River outfall 11439","country":null,"source_id":"meijer-rivers-2021","year":2015,"value":591.91,"unit":"tonnes/year","metric":"Modeled floating macroplastic emissions","original_value":591.91,"original_unit":"metric tons/year","source_row":11439,"estimated":true}},{"type":"Feature","id":"meijer-17943","geometry":{"type":"Point","coordinates":[111.97625,21.792917]},"properties":{"id":"meijer-17943","type":"river-plastic","name":"River outfall 17943","country":null,"source_id":"meijer-rivers-2021","year":2015,"value":590.662,"unit":"tonnes/year","metric":"Modeled floating macroplastic emissions","original_value":590.662,"original_unit":"metric tons/year","source_row":17943,"estimated":true}},{"type":"Feature","id":"meijer-15664","geometry":{"type":"Point","coordinates":[108.349583,15.864583]},"properties":{"id":"meijer-15664","type":"river-plastic","name":"River outfall 15664","country":null,"source_id":"meijer-rivers-2021","year":2015,"value":590.05,"unit":"tonnes/year","metric":"Modeled floating macroplastic emissions","original_value":590.05,"original_unit":"metric tons/year","source_row":15664,"estimated":true}},{"type":"Feature","id":"meijer-17262","geometry":{"type":"Point","coordinates":[93.30375,20.205833]},"properties":{"id":"meijer-17262","type":"river-plastic","name":"River outfall 17262","country":null,"source_id":"meijer-rivers-2021","year":2015,"value":585.334,"unit":"tonnes/year","metric":"Modeled floating macroplastic emissions","original_value":585.334,"original_unit":"metric tons/year","source_row":17262,"estimated":true}},{"type":"Feature","id":"meijer-17463","geometry":{"type":"Point","coordinates":[93.005417,20.64625]},"properties":{"id":"meijer-17463","type":"river-plastic","name":"River outfall 17463","country":null,"source_id":"meijer-rivers-2021","year":2015,"value":583.424,"unit":"tonnes/year","metric":"Modeled floating macroplastic emissions","original_value":583.424,"original_unit":"metric tons/year","source_row":17463,"estimated":true}},{"type":"Feature","id":"meijer-16819","geometry":{"type":"Point","coordinates":[72.995,19.057917]},"properties":{"id":"meijer-16819","type":"river-plastic","name":"River outfall 16819","country":null,"source_id":"meijer-rivers-2021","year":2015,"value":578.743,"unit":"tonnes/year","metric":"Modeled floating macroplastic emissions","original_value":578.743,"original_unit":"metric tons/year","source_row":16819,"estimated":true}},{"type":"Feature","id":"meijer-14002","geometry":{"type":"Point","coordinates":[76.887083,8.509583]},"properties":{"id":"meijer-14002","type":"river-plastic","name":"River outfall 14002","country":null,"source_id":"meijer-rivers-2021","year":2015,"value":578.471,"unit":"tonnes/year","metric":"Modeled floating macroplastic emissions","original_value":578.471,"original_unit":"metric tons/year","source_row":14002,"estimated":true}},{"type":"Feature","id":"meijer-21124","geometry":{"type":"Point","coordinates":[9.55875,4.040417]},"properties":{"id":"meijer-21124","type":"river-plastic","name":"River outfall 21124","country":null,"source_id":"meijer-rivers-2021","year":2015,"value":576.082,"unit":"tonnes/year","metric":"Modeled floating macroplastic emissions","original_value":576.082,"original_unit":"metric tons/year","source_row":21124,"estimated":true}},{"type":"Feature","id":"meijer-16983","geometry":{"type":"Point","coordinates":[105.797917,19.59875]},"properties":{"id":"meijer-16983","type":"river-plastic","name":"River outfall 16983","country":null,"source_id":"meijer-rivers-2021","year":2015,"value":575.862,"unit":"tonnes/year","metric":"Modeled floating macroplastic emissions","original_value":575.862,"original_unit":"metric tons/year","source_row":16983,"estimated":true}},{"type":"Feature","id":"meijer-5087","geometry":{"type":"Point","coordinates":[105.022917,-2.40125]},"properties":{"id":"meijer-5087","type":"river-plastic","name":"River outfall 5087","country":null,"source_id":"meijer-rivers-2021","year":2015,"value":575.525,"unit":"tonnes/year","metric":"Modeled floating macroplastic emissions","original_value":575.525,"original_unit":"metric tons/year","source_row":5087,"estimated":true}},{"type":"Feature","id":"meijer-15096","geometry":{"type":"Point","coordinates":[80.155833,12.467917]},"properties":{"id":"meijer-15096","type":"river-plastic","name":"River outfall 15096","country":null,"source_id":"meijer-rivers-2021","year":2015,"value":575.232,"unit":"tonnes/year","metric":"Modeled floating macroplastic emissions","original_value":575.232,"original_unit":"metric tons/year","source_row":15096,"estimated":true}},{"type":"Feature","id":"meijer-22376","geometry":{"type":"Point","coordinates":[6.100417,36.875417]},"properties":{"id":"meijer-22376","type":"river-plastic","name":"River outfall 22376","country":null,"source_id":"meijer-rivers-2021","year":2015,"value":573.137,"unit":"tonnes/year","metric":"Modeled floating macroplastic emissions","original_value":573.137,"original_unit":"metric tons/year","source_row":22376,"estimated":true}},{"type":"Feature","id":"meijer-16860","geometry":{"type":"Point","coordinates":[72.82625,19.237917]},"properties":{"id":"meijer-16860","type":"river-plastic","name":"River outfall 16860","country":null,"source_id":"meijer-rivers-2021","year":2015,"value":571.177,"unit":"tonnes/year","metric":"Modeled floating macroplastic emissions","original_value":571.177,"original_unit":"metric tons/year","source_row":16860,"estimated":true}},{"type":"Feature","id":"meijer-20849","geometry":{"type":"Point","coordinates":[11.854583,-4.762917]},"properties":{"id":"meijer-20849","type":"river-plastic","name":"River outfall 20849","country":null,"source_id":"meijer-rivers-2021","year":2015,"value":571.013,"unit":"tonnes/year","metric":"Modeled floating macroplastic emissions","original_value":571.013,"original_unit":"metric tons/year","source_row":20849,"estimated":true}},{"type":"Feature","id":"meijer-11770","geometry":{"type":"Point","coordinates":[123.75625,13.160417]},"properties":{"id":"meijer-11770","type":"river-plastic","name":"River outfall 11770","country":null,"source_id":"meijer-rivers-2021","year":2015,"value":570.279,"unit":"tonnes/year","metric":"Modeled floating macroplastic emissions","original_value":570.279,"original_unit":"metric tons/year","source_row":11770,"estimated":true}},{"type":"Feature","id":"meijer-16318","geometry":{"type":"Point","coordinates":[97.322917,16.71125]},"properties":{"id":"meijer-16318","type":"river-plastic","name":"River outfall 16318","country":null,"source_id":"meijer-rivers-2021","year":2015,"value":566.159,"unit":"tonnes/year","metric":"Modeled floating macroplastic emissions","original_value":566.159,"original_unit":"metric tons/year","source_row":16318,"estimated":true}},{"type":"Feature","id":"meijer-8361","geometry":{"type":"Point","coordinates":[120.99375,6.05375]},"properties":{"id":"meijer-8361","type":"river-plastic","name":"River outfall 8361","country":null,"source_id":"meijer-rivers-2021","year":2015,"value":564.941,"unit":"tonnes/year","metric":"Modeled floating macroplastic emissions","original_value":564.941,"original_unit":"metric tons/year","source_row":8361,"estimated":true}},{"type":"Feature","id":"meijer-11848","geometry":{"type":"Point","coordinates":[121.347917,13.292917]},"properties":{"id":"meijer-11848","type":"river-plastic","name":"River outfall 11848","country":null,"source_id":"meijer-rivers-2021","year":2015,"value":563.048,"unit":"tonnes/year","metric":"Modeled floating macroplastic emissions","original_value":563.048,"original_unit":"metric tons/year","source_row":11848,"estimated":true}},{"type":"Feature","id":"meijer-15593","geometry":{"type":"Point","coordinates":[73.825417,15.50375]},"properties":{"id":"meijer-15593","type":"river-plastic","name":"River outfall 15593","country":null,"source_id":"meijer-rivers-2021","year":2015,"value":561.859,"unit":"tonnes/year","metric":"Modeled floating macroplastic emissions","original_value":561.859,"original_unit":"metric tons/year","source_row":15593,"estimated":true}},{"type":"Feature","id":"meijer-13493","geometry":{"type":"Point","coordinates":[100.582917,4.847083]},"properties":{"id":"meijer-13493","type":"river-plastic","name":"River outfall 13493","country":null,"source_id":"meijer-rivers-2021","year":2015,"value":561.141,"unit":"tonnes/year","metric":"Modeled floating macroplastic emissions","original_value":561.141,"original_unit":"metric tons/year","source_row":13493,"estimated":true}},{"type":"Feature","id":"meijer-8539","geometry":{"type":"Point","coordinates":[125.380417,6.685833]},"properties":{"id":"meijer-8539","type":"river-plastic","name":"River outfall 8539","country":null,"source_id":"meijer-rivers-2021","year":2015,"value":560.313,"unit":"tonnes/year","metric":"Modeled floating macroplastic emissions","original_value":560.313,"original_unit":"metric tons/year","source_row":8539,"estimated":true}},{"type":"Feature","id":"meijer-19048","geometry":{"type":"Point","coordinates":[119.122083,25.407917]},"properties":{"id":"meijer-19048","type":"river-plastic","name":"River outfall 19048","country":null,"source_id":"meijer-rivers-2021","year":2015,"value":559.203,"unit":"tonnes/year","metric":"Modeled floating macroplastic emissions","original_value":559.203,"original_unit":"metric tons/year","source_row":19048,"estimated":true}},{"type":"Feature","id":"meijer-10724","geometry":{"type":"Point","coordinates":[125.007917,11.15375]},"properties":{"id":"meijer-10724","type":"river-plastic","name":"River outfall 10724","country":null,"source_id":"meijer-rivers-2021","year":2015,"value":552.471,"unit":"tonnes/year","metric":"Modeled floating macroplastic emissions","original_value":552.471,"original_unit":"metric tons/year","source_row":10724,"estimated":true}},{"type":"Feature","id":"meijer-8949","geometry":{"type":"Point","coordinates":[122.800417,7.71875]},"properties":{"id":"meijer-8949","type":"river-plastic","name":"River outfall 8949","country":null,"source_id":"meijer-rivers-2021","year":2015,"value":552.338,"unit":"tonnes/year","metric":"Modeled floating macroplastic emissions","original_value":552.338,"original_unit":"metric tons/year","source_row":8949,"estimated":true}},{"type":"Feature","id":"meijer-10722","geometry":{"type":"Point","coordinates":[125.007917,11.152083]},"properties":{"id":"meijer-10722","type":"river-plastic","name":"River outfall 10722","country":null,"source_id":"meijer-rivers-2021","year":2015,"value":552.316,"unit":"tonnes/year","metric":"Modeled floating macroplastic emissions","original_value":552.316,"original_unit":"metric tons/year","source_row":10722,"estimated":true}},{"type":"Feature","id":"meijer-10715","geometry":{"type":"Point","coordinates":[125.012917,11.145417]},"properties":{"id":"meijer-10715","type":"river-plastic","name":"River outfall 10715","country":null,"source_id":"meijer-rivers-2021","year":2015,"value":551.452,"unit":"tonnes/year","metric":"Modeled floating macroplastic emissions","original_value":551.452,"original_unit":"metric tons/year","source_row":10715,"estimated":true}},{"type":"Feature","id":"meijer-2799","geometry":{"type":"Point","coordinates":[108.22125,-6.249583]},"properties":{"id":"meijer-2799","type":"river-plastic","name":"River outfall 2799","country":null,"source_id":"meijer-rivers-2021","year":2015,"value":546.048,"unit":"tonnes/year","metric":"Modeled floating macroplastic emissions","original_value":546.048,"original_unit":"metric tons/year","source_row":2799,"estimated":true}},{"type":"Feature","id":"meijer-17794","geometry":{"type":"Point","coordinates":[87.30875,21.592083]},"properties":{"id":"meijer-17794","type":"river-plastic","name":"River outfall 17794","country":null,"source_id":"meijer-rivers-2021","year":2015,"value":545.068,"unit":"tonnes/year","metric":"Modeled floating macroplastic emissions","original_value":545.068,"original_unit":"metric tons/year","source_row":17794,"estimated":true}},{"type":"Feature","id":"meijer-28446","geometry":{"type":"Point","coordinates":[-92.185417,14.507083]},"properties":{"id":"meijer-28446","type":"river-plastic","name":"River outfall 28446","country":null,"source_id":"meijer-rivers-2021","year":2015,"value":544.998,"unit":"tonnes/year","metric":"Modeled floating macroplastic emissions","original_value":544.998,"original_unit":"metric tons/year","source_row":28446,"estimated":true}},{"type":"Feature","id":"meijer-17709","geometry":{"type":"Point","coordinates":[91.97125,21.455417]},"properties":{"id":"meijer-17709","type":"river-plastic","name":"River outfall 17709","country":null,"source_id":"meijer-rivers-2021","year":2015,"value":544.962,"unit":"tonnes/year","metric":"Modeled floating macroplastic emissions","original_value":544.962,"original_unit":"metric tons/year","source_row":17709,"estimated":true}},{"type":"Feature","id":"meijer-15833","geometry":{"type":"Point","coordinates":[97.59625,16.092917]},"properties":{"id":"meijer-15833","type":"river-plastic","name":"River outfall 15833","country":null,"source_id":"meijer-rivers-2021","year":2015,"value":543.926,"unit":"tonnes/year","metric":"Modeled floating macroplastic emissions","original_value":543.926,"original_unit":"metric tons/year","source_row":15833,"estimated":true}},{"type":"Feature","id":"meijer-8690","geometry":{"type":"Point","coordinates":[125.507083,7.007083]},"properties":{"id":"meijer-8690","type":"river-plastic","name":"River outfall 8690","country":null,"source_id":"meijer-rivers-2021","year":2015,"value":542.028,"unit":"tonnes/year","metric":"Modeled floating macroplastic emissions","original_value":542.028,"original_unit":"metric tons/year","source_row":8690,"estimated":true}},{"type":"Feature","id":"meijer-10602","geometry":{"type":"Point","coordinates":[123.40125,10.95125]},"properties":{"id":"meijer-10602","type":"river-plastic","name":"River outfall 10602","country":null,"source_id":"meijer-rivers-2021","year":2015,"value":540.444,"unit":"tonnes/year","metric":"Modeled floating macroplastic emissions","original_value":540.444,"original_unit":"metric tons/year","source_row":10602,"estimated":true}},{"type":"Feature","id":"meijer-28886","geometry":{"type":"Point","coordinates":[-76.852917,17.992083]},"properties":{"id":"meijer-28886","type":"river-plastic","name":"River outfall 28886","country":null,"source_id":"meijer-rivers-2021","year":2015,"value":538.713,"unit":"tonnes/year","metric":"Modeled floating macroplastic emissions","original_value":538.713,"original_unit":"metric tons/year","source_row":28886,"estimated":true}},{"type":"Feature","id":"meijer-26184","geometry":{"type":"Point","coordinates":[-38.27625,-12.87625]},"properties":{"id":"meijer-26184","type":"river-plastic","name":"River outfall 26184","country":null,"source_id":"meijer-rivers-2021","year":2015,"value":536.355,"unit":"tonnes/year","metric":"Modeled floating macroplastic emissions","original_value":536.355,"original_unit":"metric tons/year","source_row":26184,"estimated":true}},{"type":"Feature","id":"meijer-16821","geometry":{"type":"Point","coordinates":[72.97875,19.062917]},"properties":{"id":"meijer-16821","type":"river-plastic","name":"River outfall 16821","country":null,"source_id":"meijer-rivers-2021","year":2015,"value":534.299,"unit":"tonnes/year","metric":"Modeled floating macroplastic emissions","original_value":534.299,"original_unit":"metric tons/year","source_row":16821,"estimated":true}},{"type":"Feature","id":"meijer-28638","geometry":{"type":"Point","coordinates":[-87.79125,15.895417]},"properties":{"id":"meijer-28638","type":"river-plastic","name":"River outfall 28638","country":null,"source_id":"meijer-rivers-2021","year":2015,"value":531.513,"unit":"tonnes/year","metric":"Modeled floating macroplastic emissions","original_value":531.513,"original_unit":"metric tons/year","source_row":28638,"estimated":true}},{"type":"Feature","id":"meijer-13513","geometry":{"type":"Point","coordinates":[100.427917,5.167917]},"properties":{"id":"meijer-13513","type":"river-plastic","name":"River outfall 13513","country":null,"source_id":"meijer-rivers-2021","year":2015,"value":529.281,"unit":"tonnes/year","metric":"Modeled floating macroplastic emissions","original_value":529.281,"original_unit":"metric tons/year","source_row":13513,"estimated":true}},{"type":"Feature","id":"meijer-23420","geometry":{"type":"Point","coordinates":[29.034583,40.98125]},"properties":{"id":"meijer-23420","type":"river-plastic","name":"River outfall 23420","country":null,"source_id":"meijer-rivers-2021","year":2015,"value":528.402,"unit":"tonnes/year","metric":"Modeled floating macroplastic emissions","original_value":528.402,"original_unit":"metric tons/year","source_row":23420,"estimated":true}},{"type":"Feature","id":"meijer-18004","geometry":{"type":"Point","coordinates":[88.460417,21.898333]},"properties":{"id":"meijer-18004","type":"river-plastic","name":"River outfall 18004","country":null,"source_id":"meijer-rivers-2021","year":2015,"value":526.09,"unit":"tonnes/year","metric":"Modeled floating macroplastic emissions","original_value":526.09,"original_unit":"metric tons/year","source_row":18004,"estimated":true}},{"type":"Feature","id":"meijer-17457","geometry":{"type":"Point","coordinates":[106.645417,20.622083]},"properties":{"id":"meijer-17457","type":"river-plastic","name":"River outfall 17457","country":null,"source_id":"meijer-rivers-2021","year":2015,"value":524.457,"unit":"tonnes/year","metric":"Modeled floating macroplastic emissions","original_value":524.457,"original_unit":"metric tons/year","source_row":17457,"estimated":true}},{"type":"Feature","id":"meijer-25950","geometry":{"type":"Point","coordinates":[-43.297917,-23.014583]},"properties":{"id":"meijer-25950","type":"river-plastic","name":"River outfall 25950","country":null,"source_id":"meijer-rivers-2021","year":2015,"value":524.343,"unit":"tonnes/year","metric":"Modeled floating macroplastic emissions","original_value":524.343,"original_unit":"metric tons/year","source_row":25950,"estimated":true}},{"type":"Feature","id":"meijer-23417","geometry":{"type":"Point","coordinates":[28.88875,40.979583]},"properties":{"id":"meijer-23417","type":"river-plastic","name":"River outfall 23417","country":null,"source_id":"meijer-rivers-2021","year":2015,"value":520.854,"unit":"tonnes/year","metric":"Modeled floating macroplastic emissions","original_value":520.854,"original_unit":"metric tons/year","source_row":23417,"estimated":true}},{"type":"Feature","id":"meijer-18877","geometry":{"type":"Point","coordinates":[116.852917,23.455417]},"properties":{"id":"meijer-18877","type":"river-plastic","name":"River outfall 18877","country":null,"source_id":"meijer-rivers-2021","year":2015,"value":519.363,"unit":"tonnes/year","metric":"Modeled floating macroplastic emissions","original_value":519.363,"original_unit":"metric tons/year","source_row":18877,"estimated":true}},{"type":"Feature","id":"meijer-10414","geometry":{"type":"Point","coordinates":[122.93375,10.66375]},"properties":{"id":"meijer-10414","type":"river-plastic","name":"River outfall 10414","country":null,"source_id":"meijer-rivers-2021","year":2015,"value":517.807,"unit":"tonnes/year","metric":"Modeled floating macroplastic emissions","original_value":517.807,"original_unit":"metric tons/year","source_row":10414,"estimated":true}},{"type":"Feature","id":"meijer-16915","geometry":{"type":"Point","coordinates":[85.062083,19.372083]},"properties":{"id":"meijer-16915","type":"river-plastic","name":"River outfall 16915","country":null,"source_id":"meijer-rivers-2021","year":2015,"value":516.646,"unit":"tonnes/year","metric":"Modeled floating macroplastic emissions","original_value":516.646,"original_unit":"metric tons/year","source_row":16915,"estimated":true}},{"type":"Feature","id":"meijer-5826","geometry":{"type":"Point","coordinates":[100.35125,-0.935417]},"properties":{"id":"meijer-5826","type":"river-plastic","name":"River outfall 5826","country":null,"source_id":"meijer-rivers-2021","year":2015,"value":515.329,"unit":"tonnes/year","metric":"Modeled floating macroplastic emissions","original_value":515.329,"original_unit":"metric tons/year","source_row":5826,"estimated":true}},{"type":"Feature","id":"meijer-10430","geometry":{"type":"Point","coordinates":[122.95125,10.684583]},"properties":{"id":"meijer-10430","type":"river-plastic","name":"River outfall 10430","country":null,"source_id":"meijer-rivers-2021","year":2015,"value":513.719,"unit":"tonnes/year","metric":"Modeled floating macroplastic emissions","original_value":513.719,"original_unit":"metric tons/year","source_row":10430,"estimated":true}},{"type":"Feature","id":"meijer-7782","geometry":{"type":"Point","coordinates":[117.90875,4.241667]},"properties":{"id":"meijer-7782","type":"river-plastic","name":"River outfall 7782","country":null,"source_id":"meijer-rivers-2021","year":2015,"value":513.312,"unit":"tonnes/year","metric":"Modeled floating macroplastic emissions","original_value":513.312,"original_unit":"metric tons/year","source_row":7782,"estimated":true}},{"type":"Feature","id":"meijer-29115","geometry":{"type":"Point","coordinates":[-70.017917,18.4175]},"properties":{"id":"meijer-29115","type":"river-plastic","name":"River outfall 29115","country":null,"source_id":"meijer-rivers-2021","year":2015,"value":510.824,"unit":"tonnes/year","metric":"Modeled floating macroplastic emissions","original_value":510.824,"original_unit":"metric tons/year","source_row":29115,"estimated":true}},{"type":"Feature","id":"meijer-8336","geometry":{"type":"Point","coordinates":[116.110417,6.004583]},"properties":{"id":"meijer-8336","type":"river-plastic","name":"River outfall 8336","country":null,"source_id":"meijer-rivers-2021","year":2015,"value":510.535,"unit":"tonnes/year","metric":"Modeled floating macroplastic emissions","original_value":510.535,"original_unit":"metric tons/year","source_row":8336,"estimated":true}},{"type":"Feature","id":"meijer-14126","geometry":{"type":"Point","coordinates":[105.50375,9.097083]},"properties":{"id":"meijer-14126","type":"river-plastic","name":"River outfall 14126","country":null,"source_id":"meijer-rivers-2021","year":2015,"value":509.26,"unit":"tonnes/year","metric":"Modeled floating macroplastic emissions","original_value":509.26,"original_unit":"metric tons/year","source_row":14126,"estimated":true}},{"type":"Feature","id":"meijer-19170","geometry":{"type":"Point","coordinates":[120.649583,27.734583]},"properties":{"id":"meijer-19170","type":"river-plastic","name":"River outfall 19170","country":null,"source_id":"meijer-rivers-2021","year":2015,"value":508.488,"unit":"tonnes/year","metric":"Modeled floating macroplastic emissions","original_value":508.488,"original_unit":"metric tons/year","source_row":19170,"estimated":true}},{"type":"Feature","id":"meijer-10514","geometry":{"type":"Point","coordinates":[122.962917,10.804583]},"properties":{"id":"meijer-10514","type":"river-plastic","name":"River outfall 10514","country":null,"source_id":"meijer-rivers-2021","year":2015,"value":508.202,"unit":"tonnes/year","metric":"Modeled floating macroplastic emissions","original_value":508.202,"original_unit":"metric tons/year","source_row":10514,"estimated":true}},{"type":"Feature","id":"meijer-28415","geometry":{"type":"Point","coordinates":[-91.537917,14.049583]},"properties":{"id":"meijer-28415","type":"river-plastic","name":"River outfall 28415","country":null,"source_id":"meijer-rivers-2021","year":2015,"value":507.329,"unit":"tonnes/year","metric":"Modeled floating macroplastic emissions","original_value":507.329,"original_unit":"metric tons/year","source_row":28415,"estimated":true}},{"type":"Feature","id":"meijer-14031","geometry":{"type":"Point","coordinates":[76.770417,8.65625]},"properties":{"id":"meijer-14031","type":"river-plastic","name":"River outfall 14031","country":null,"source_id":"meijer-rivers-2021","year":2015,"value":504.545,"unit":"tonnes/year","metric":"Modeled floating macroplastic emissions","original_value":504.545,"original_unit":"metric tons/year","source_row":14031,"estimated":true}},{"type":"Feature","id":"meijer-23682","geometry":{"type":"Point","coordinates":[19.56375,41.582917]},"properties":{"id":"meijer-23682","type":"river-plastic","name":"River outfall 23682","country":null,"source_id":"meijer-rivers-2021","year":2015,"value":503.592,"unit":"tonnes/year","metric":"Modeled floating macroplastic emissions","original_value":503.592,"original_unit":"metric tons/year","source_row":23682,"estimated":true}},{"type":"Feature","id":"meijer-17487","geometry":{"type":"Point","coordinates":[72.89,20.740417]},"properties":{"id":"meijer-17487","type":"river-plastic","name":"River outfall 17487","country":null,"source_id":"meijer-rivers-2021","year":2015,"value":501.533,"unit":"tonnes/year","metric":"Modeled floating macroplastic emissions","original_value":501.533,"original_unit":"metric tons/year","source_row":17487,"estimated":true}},{"type":"Feature","id":"meijer-26303","geometry":{"type":"Point","coordinates":[-34.889583,-8.07625]},"properties":{"id":"meijer-26303","type":"river-plastic","name":"River outfall 26303","country":null,"source_id":"meijer-rivers-2021","year":2015,"value":501.496,"unit":"tonnes/year","metric":"Modeled floating macroplastic emissions","original_value":501.496,"original_unit":"metric tons/year","source_row":26303,"estimated":true}},{"type":"Feature","id":"meijer-18127","geometry":{"type":"Point","coordinates":[87.95875,22.099167]},"properties":{"id":"meijer-18127","type":"river-plastic","name":"River outfall 18127","country":null,"source_id":"meijer-rivers-2021","year":2015,"value":500.516,"unit":"tonnes/year","metric":"Modeled floating macroplastic emissions","original_value":500.516,"original_unit":"metric tons/year","source_row":18127,"estimated":true}},{"type":"Feature","id":"meijer-18360","geometry":{"type":"Point","coordinates":[88.897917,22.337083]},"properties":{"id":"meijer-18360","type":"river-plastic","name":"River outfall 18360","country":null,"source_id":"meijer-rivers-2021","year":2015,"value":497.424,"unit":"tonnes/year","metric":"Modeled floating macroplastic emissions","original_value":497.424,"original_unit":"metric tons/year","source_row":18360,"estimated":true}},{"type":"Feature","id":"meijer-17017","geometry":{"type":"Point","coordinates":[85.57125,19.694583]},"properties":{"id":"meijer-17017","type":"river-plastic","name":"River outfall 17017","country":null,"source_id":"meijer-rivers-2021","year":2015,"value":497.107,"unit":"tonnes/year","metric":"Modeled floating macroplastic emissions","original_value":497.107,"original_unit":"metric tons/year","source_row":17017,"estimated":true}},{"type":"Feature","id":"meijer-16465","geometry":{"type":"Point","coordinates":[73.297083,17.274583]},"properties":{"id":"meijer-16465","type":"river-plastic","name":"River outfall 16465","country":null,"source_id":"meijer-rivers-2021","year":2015,"value":496.225,"unit":"tonnes/year","metric":"Modeled floating macroplastic emissions","original_value":496.225,"original_unit":"metric tons/year","source_row":16465,"estimated":true}},{"type":"Feature","id":"meijer-16110","geometry":{"type":"Point","coordinates":[95.04,16.3625]},"properties":{"id":"meijer-16110","type":"river-plastic","name":"River outfall 16110","country":null,"source_id":"meijer-rivers-2021","year":2015,"value":494.302,"unit":"tonnes/year","metric":"Modeled floating macroplastic emissions","original_value":494.302,"original_unit":"metric tons/year","source_row":16110,"estimated":true}},{"type":"Feature","id":"meijer-17396","geometry":{"type":"Point","coordinates":[106.572917,20.478333]},"properties":{"id":"meijer-17396","type":"river-plastic","name":"River outfall 17396","country":null,"source_id":"meijer-rivers-2021","year":2015,"value":494.095,"unit":"tonnes/year","metric":"Modeled floating macroplastic emissions","original_value":494.095,"original_unit":"metric tons/year","source_row":17396,"estimated":true}},{"type":"Feature","id":"meijer-10028","geometry":{"type":"Point","coordinates":[124.074583,10.07375]},"properties":{"id":"meijer-10028","type":"river-plastic","name":"River outfall 10028","country":null,"source_id":"meijer-rivers-2021","year":2015,"value":492.192,"unit":"tonnes/year","metric":"Modeled floating macroplastic emissions","original_value":492.192,"original_unit":"metric tons/year","source_row":10028,"estimated":true}},{"type":"Feature","id":"meijer-8977","geometry":{"type":"Point","coordinates":[123.432083,7.8175]},"properties":{"id":"meijer-8977","type":"river-plastic","name":"River outfall 8977","country":null,"source_id":"meijer-rivers-2021","year":2015,"value":485.282,"unit":"tonnes/year","metric":"Modeled floating macroplastic emissions","original_value":485.282,"original_unit":"metric tons/year","source_row":8977,"estimated":true}},{"type":"Feature","id":"meijer-14838","geometry":{"type":"Point","coordinates":[75.530833,11.704167]},"properties":{"id":"meijer-14838","type":"river-plastic","name":"River outfall 14838","country":null,"source_id":"meijer-rivers-2021","year":2015,"value":484.738,"unit":"tonnes/year","metric":"Modeled floating macroplastic emissions","original_value":484.738,"original_unit":"metric tons/year","source_row":14838,"estimated":true}},{"type":"Feature","id":"meijer-21422","geometry":{"type":"Point","coordinates":[8.402917,4.789583]},"properties":{"id":"meijer-21422","type":"river-plastic","name":"River outfall 21422","country":null,"source_id":"meijer-rivers-2021","year":2015,"value":483.84,"unit":"tonnes/year","metric":"Modeled floating macroplastic emissions","original_value":483.84,"original_unit":"metric tons/year","source_row":21422,"estimated":true}},{"type":"Feature","id":"meijer-16232","geometry":{"type":"Point","coordinates":[107.60875,16.549583]},"properties":{"id":"meijer-16232","type":"river-plastic","name":"River outfall 16232","country":null,"source_id":"meijer-rivers-2021","year":2015,"value":483.423,"unit":"tonnes/year","metric":"Modeled floating macroplastic emissions","original_value":483.423,"original_unit":"metric tons/year","source_row":16232,"estimated":true}},{"type":"Feature","id":"meijer-12594","geometry":{"type":"Point","coordinates":[120.84125,14.399583]},"properties":{"id":"meijer-12594","type":"river-plastic","name":"River outfall 12594","country":null,"source_id":"meijer-rivers-2021","year":2015,"value":482.578,"unit":"tonnes/year","metric":"Modeled floating macroplastic emissions","original_value":482.578,"original_unit":"metric tons/year","source_row":12594,"estimated":true}},{"type":"Feature","id":"meijer-16441","geometry":{"type":"Point","coordinates":[97.14321,17.110714]},"properties":{"id":"meijer-16441","type":"river-plastic","name":"River outfall 16441","country":null,"source_id":"meijer-rivers-2021","year":2015,"value":481.608,"unit":"tonnes/year","metric":"Modeled floating macroplastic emissions","original_value":481.608,"original_unit":"metric tons/year","source_row":16441,"estimated":true}},{"type":"Feature","id":"meijer-25873","geometry":{"type":"Point","coordinates":[-46.387917,-23.974583]},"properties":{"id":"meijer-25873","type":"river-plastic","name":"River outfall 25873","country":null,"source_id":"meijer-rivers-2021","year":2015,"value":481.356,"unit":"tonnes/year","metric":"Modeled floating macroplastic emissions","original_value":481.356,"original_unit":"metric tons/year","source_row":25873,"estimated":true}},{"type":"Feature","id":"meijer-11895","geometry":{"type":"Point","coordinates":[121.227917,13.388333]},"properties":{"id":"meijer-11895","type":"river-plastic","name":"River outfall 11895","country":null,"source_id":"meijer-rivers-2021","year":2015,"value":480.417,"unit":"tonnes/year","metric":"Modeled floating macroplastic emissions","original_value":480.417,"original_unit":"metric tons/year","source_row":11895,"estimated":true}},{"type":"Feature","id":"meijer-10408","geometry":{"type":"Point","coordinates":[122.319583,10.657917]},"properties":{"id":"meijer-10408","type":"river-plastic","name":"River outfall 10408","country":null,"source_id":"meijer-rivers-2021","year":2015,"value":479.513,"unit":"tonnes/year","metric":"Modeled floating macroplastic emissions","original_value":479.513,"original_unit":"metric tons/year","source_row":10408,"estimated":true}},{"type":"Feature","id":"meijer-22614","geometry":{"type":"Point","coordinates":[35.96375,36.047917]},"properties":{"id":"meijer-22614","type":"river-plastic","name":"River outfall 22614","country":null,"source_id":"meijer-rivers-2021","year":2015,"value":479.303,"unit":"tonnes/year","metric":"Modeled floating macroplastic emissions","original_value":479.303,"original_unit":"metric tons/year","source_row":22614,"estimated":true}},{"type":"Feature","id":"meijer-16606","geometry":{"type":"Point","coordinates":[83.937083,18.214583]},"properties":{"id":"meijer-16606","type":"river-plastic","name":"River outfall 16606","country":null,"source_id":"meijer-rivers-2021","year":2015,"value":478.87,"unit":"tonnes/year","metric":"Modeled floating macroplastic emissions","original_value":478.87,"original_unit":"metric tons/year","source_row":16606,"estimated":true}},{"type":"Feature","id":"meijer-25789","geometry":{"type":"Point","coordinates":[-48.7975,-26.29375]},"properties":{"id":"meijer-25789","type":"river-plastic","name":"River outfall 25789","country":null,"source_id":"meijer-rivers-2021","year":2015,"value":472.103,"unit":"tonnes/year","metric":"Modeled floating macroplastic emissions","original_value":472.103,"original_unit":"metric tons/year","source_row":25789,"estimated":true}},{"type":"Feature","id":"meijer-10473","geometry":{"type":"Point","coordinates":[125.022917,10.73625]},"properties":{"id":"meijer-10473","type":"river-plastic","name":"River outfall 10473","country":null,"source_id":"meijer-rivers-2021","year":2015,"value":471.337,"unit":"tonnes/year","metric":"Modeled floating macroplastic emissions","original_value":471.337,"original_unit":"metric tons/year","source_row":10473,"estimated":true}},{"type":"Feature","id":"meijer-14860","geometry":{"type":"Point","coordinates":[75.475417,11.76625]},"properties":{"id":"meijer-14860","type":"river-plastic","name":"River outfall 14860","country":null,"source_id":"meijer-rivers-2021","year":2015,"value":471.12,"unit":"tonnes/year","metric":"Modeled floating macroplastic emissions","original_value":471.12,"original_unit":"metric tons/year","source_row":14860,"estimated":true}},{"type":"Feature","id":"meijer-13568","geometry":{"type":"Point","coordinates":[102.51375,5.86625]},"properties":{"id":"meijer-13568","type":"river-plastic","name":"River outfall 13568","country":null,"source_id":"meijer-rivers-2021","year":2015,"value":468.036,"unit":"tonnes/year","metric":"Modeled floating macroplastic emissions","original_value":468.036,"original_unit":"metric tons/year","source_row":13568,"estimated":true}},{"type":"Feature","id":"meijer-11637","geometry":{"type":"Point","coordinates":[123.5925,12.905417]},"properties":{"id":"meijer-11637","type":"river-plastic","name":"River outfall 11637","country":null,"source_id":"meijer-rivers-2021","year":2015,"value":467.476,"unit":"tonnes/year","metric":"Modeled floating macroplastic emissions","original_value":467.476,"original_unit":"metric tons/year","source_row":11637,"estimated":true}},{"type":"Feature","id":"meijer-17326","geometry":{"type":"Point","coordinates":[86.656791,20.329882]},"properties":{"id":"meijer-17326","type":"river-plastic","name":"River outfall 17326","country":null,"source_id":"meijer-rivers-2021","year":2015,"value":464.75,"unit":"tonnes/year","metric":"Modeled floating macroplastic emissions","original_value":464.75,"original_unit":"metric tons/year","source_row":17326,"estimated":true}},{"type":"Feature","id":"meijer-8985","geometry":{"type":"Point","coordinates":[123.51375,7.83375]},"properties":{"id":"meijer-8985","type":"river-plastic","name":"River outfall 8985","country":null,"source_id":"meijer-rivers-2021","year":2015,"value":462.057,"unit":"tonnes/year","metric":"Modeled floating macroplastic emissions","original_value":462.057,"original_unit":"metric tons/year","source_row":8985,"estimated":true}},{"type":"Feature","id":"meijer-13267","geometry":{"type":"Point","coordinates":[103.96125,1.63875]},"properties":{"id":"meijer-13267","type":"river-plastic","name":"River outfall 13267","country":null,"source_id":"meijer-rivers-2021","year":2015,"value":461.861,"unit":"tonnes/year","metric":"Modeled floating macroplastic emissions","original_value":461.861,"original_unit":"metric tons/year","source_row":13267,"estimated":true}},{"type":"Feature","id":"meijer-18585","geometry":{"type":"Point","coordinates":[89.40094,22.565449]},"properties":{"id":"meijer-18585","type":"river-plastic","name":"River outfall 18585","country":null,"source_id":"meijer-rivers-2021","year":2015,"value":461.253,"unit":"tonnes/year","metric":"Modeled floating macroplastic emissions","original_value":461.253,"original_unit":"metric tons/year","source_row":18585,"estimated":true}},{"type":"Feature","id":"meijer-26396","geometry":{"type":"Point","coordinates":[-38.435417,-3.769167]},"properties":{"id":"meijer-26396","type":"river-plastic","name":"River outfall 26396","country":null,"source_id":"meijer-rivers-2021","year":2015,"value":454.028,"unit":"tonnes/year","metric":"Modeled floating macroplastic emissions","original_value":454.028,"original_unit":"metric tons/year","source_row":26396,"estimated":true}},{"type":"Feature","id":"meijer-29390","geometry":{"type":"Point","coordinates":[-72.774583,19.247917]},"properties":{"id":"meijer-29390","type":"river-plastic","name":"River outfall 29390","country":null,"source_id":"meijer-rivers-2021","year":2015,"value":452.857,"unit":"tonnes/year","metric":"Modeled floating macroplastic emissions","original_value":452.857,"original_unit":"metric tons/year","source_row":29390,"estimated":true}},{"type":"Feature","id":"meijer-13360","geometry":{"type":"Point","coordinates":[101.392917,2.997083]},"properties":{"id":"meijer-13360","type":"river-plastic","name":"River outfall 13360","country":null,"source_id":"meijer-rivers-2021","year":2015,"value":452.325,"unit":"tonnes/year","metric":"Modeled floating macroplastic emissions","original_value":452.325,"original_unit":"metric tons/year","source_row":13360,"estimated":true}},{"type":"Feature","id":"meijer-17721","geometry":{"type":"Point","coordinates":[87.05875,21.47625]},"properties":{"id":"meijer-17721","type":"river-plastic","name":"River outfall 17721","country":null,"source_id":"meijer-rivers-2021","year":2015,"value":448.949,"unit":"tonnes/year","metric":"Modeled floating macroplastic emissions","original_value":448.949,"original_unit":"metric tons/year","source_row":17721,"estimated":true}},{"type":"Feature","id":"meijer-10641","geometry":{"type":"Point","coordinates":[124.597083,11.012917]},"properties":{"id":"meijer-10641","type":"river-plastic","name":"River outfall 10641","country":null,"source_id":"meijer-rivers-2021","year":2015,"value":447.577,"unit":"tonnes/year","metric":"Modeled floating macroplastic emissions","original_value":447.577,"original_unit":"metric tons/year","source_row":10641,"estimated":true}},{"type":"Feature","id":"meijer-11619","geometry":{"type":"Point","coordinates":[123.992083,12.867917]},"properties":{"id":"meijer-11619","type":"river-plastic","name":"River outfall 11619","country":null,"source_id":"meijer-rivers-2021","year":2015,"value":446.522,"unit":"tonnes/year","metric":"Modeled floating macroplastic emissions","original_value":446.522,"original_unit":"metric tons/year","source_row":11619,"estimated":true}},{"type":"Feature","id":"meijer-9729","geometry":{"type":"Point","coordinates":[123.999583,9.604583]},"properties":{"id":"meijer-9729","type":"river-plastic","name":"River outfall 9729","country":null,"source_id":"meijer-rivers-2021","year":2015,"value":442.005,"unit":"tonnes/year","metric":"Modeled floating macroplastic emissions","original_value":442.005,"original_unit":"metric tons/year","source_row":9729,"estimated":true}},{"type":"Feature","id":"meijer-28388","geometry":{"type":"Point","coordinates":[-90.960417,13.915417]},"properties":{"id":"meijer-28388","type":"river-plastic","name":"River outfall 28388","country":null,"source_id":"meijer-rivers-2021","year":2015,"value":441.871,"unit":"tonnes/year","metric":"Modeled floating macroplastic emissions","original_value":441.871,"original_unit":"metric tons/year","source_row":28388,"estimated":true}},{"type":"Feature","id":"meijer-7655","geometry":{"type":"Point","coordinates":[98.67375,3.772917]},"properties":{"id":"meijer-7655","type":"river-plastic","name":"River outfall 7655","country":null,"source_id":"meijer-rivers-2021","year":2015,"value":439.04,"unit":"tonnes/year","metric":"Modeled floating macroplastic emissions","original_value":439.04,"original_unit":"metric tons/year","source_row":7655,"estimated":true}},{"type":"Feature","id":"meijer-22181","geometry":{"type":"Point","coordinates":[31.845662,31.524121]},"properties":{"id":"meijer-22181","type":"river-plastic","name":"River outfall 22181","country":null,"source_id":"meijer-rivers-2021","year":2015,"value":437.726,"unit":"tonnes/year","metric":"Modeled floating macroplastic emissions","original_value":437.726,"original_unit":"metric tons/year","source_row":22181,"estimated":true}},{"type":"Feature","id":"meijer-13593","geometry":{"type":"Point","coordinates":[80.175417,6.06375]},"properties":{"id":"meijer-13593","type":"river-plastic","name":"River outfall 13593","country":null,"source_id":"meijer-rivers-2021","year":2015,"value":437.099,"unit":"tonnes/year","metric":"Modeled floating macroplastic emissions","original_value":437.099,"original_unit":"metric tons/year","source_row":13593,"estimated":true}},{"type":"Feature","id":"meijer-8282","geometry":{"type":"Point","coordinates":[116.04375,5.912917]},"properties":{"id":"meijer-8282","type":"river-plastic","name":"River outfall 8282","country":null,"source_id":"meijer-rivers-2021","year":2015,"value":435.995,"unit":"tonnes/year","metric":"Modeled floating macroplastic emissions","original_value":435.995,"original_unit":"metric tons/year","source_row":8282,"estimated":true}},{"type":"Feature","id":"meijer-10582","geometry":{"type":"Point","coordinates":[125.030417,10.927083]},"properties":{"id":"meijer-10582","type":"river-plastic","name":"River outfall 10582","country":null,"source_id":"meijer-rivers-2021","year":2015,"value":434.835,"unit":"tonnes/year","metric":"Modeled floating macroplastic emissions","original_value":434.835,"original_unit":"metric tons/year","source_row":10582,"estimated":true}},{"type":"Feature","id":"meijer-17697","geometry":{"type":"Point","coordinates":[109.920417,21.42375]},"properties":{"id":"meijer-17697","type":"river-plastic","name":"River outfall 17697","country":null,"source_id":"meijer-rivers-2021","year":2015,"value":434.455,"unit":"tonnes/year","metric":"Modeled floating macroplastic emissions","original_value":434.455,"original_unit":"metric tons/year","source_row":17697,"estimated":true}},{"type":"Feature","id":"meijer-12558","geometry":{"type":"Point","coordinates":[120.710417,14.292083]},"properties":{"id":"meijer-12558","type":"river-plastic","name":"River outfall 12558","country":null,"source_id":"meijer-rivers-2021","year":2015,"value":430.057,"unit":"tonnes/year","metric":"Modeled floating macroplastic emissions","original_value":430.057,"original_unit":"metric tons/year","source_row":12558,"estimated":true}},{"type":"Feature","id":"meijer-10754","geometry":{"type":"Point","coordinates":[125.007917,11.21625]},"properties":{"id":"meijer-10754","type":"river-plastic","name":"River outfall 10754","country":null,"source_id":"meijer-rivers-2021","year":2015,"value":429.821,"unit":"tonnes/year","metric":"Modeled floating macroplastic emissions","original_value":429.821,"original_unit":"metric tons/year","source_row":10754,"estimated":true}},{"type":"Feature","id":"meijer-13521","geometry":{"type":"Point","coordinates":[100.422917,5.282917]},"properties":{"id":"meijer-13521","type":"river-plastic","name":"River outfall 13521","country":null,"source_id":"meijer-rivers-2021","year":2015,"value":429.672,"unit":"tonnes/year","metric":"Modeled floating macroplastic emissions","original_value":429.672,"original_unit":"metric tons/year","source_row":13521,"estimated":true}},{"type":"Feature","id":"meijer-19222","geometry":{"type":"Point","coordinates":[121.580417,28.492917]},"properties":{"id":"meijer-19222","type":"river-plastic","name":"River outfall 19222","country":null,"source_id":"meijer-rivers-2021","year":2015,"value":429.495,"unit":"tonnes/year","metric":"Modeled floating macroplastic emissions","original_value":429.495,"original_unit":"metric tons/year","source_row":19222,"estimated":true}},{"type":"Feature","id":"meijer-1957","geometry":{"type":"Point","coordinates":[110.21375,-7.97625]},"properties":{"id":"meijer-1957","type":"river-plastic","name":"River outfall 1957","country":null,"source_id":"meijer-rivers-2021","year":2015,"value":427.872,"unit":"tonnes/year","metric":"Modeled floating macroplastic emissions","original_value":427.872,"original_unit":"metric tons/year","source_row":1957,"estimated":true}},{"type":"Feature","id":"meijer-11173","geometry":{"type":"Point","coordinates":[124.53625,12.062917]},"properties":{"id":"meijer-11173","type":"river-plastic","name":"River outfall 11173","country":null,"source_id":"meijer-rivers-2021","year":2015,"value":425.557,"unit":"tonnes/year","metric":"Modeled floating macroplastic emissions","original_value":425.557,"original_unit":"metric tons/year","source_row":11173,"estimated":true}},{"type":"Feature","id":"meijer-15555","geometry":{"type":"Point","coordinates":[108.87125,15.144583]},"properties":{"id":"meijer-15555","type":"river-plastic","name":"River outfall 15555","country":null,"source_id":"meijer-rivers-2021","year":2015,"value":425.025,"unit":"tonnes/year","metric":"Modeled floating macroplastic emissions","original_value":425.025,"original_unit":"metric tons/year","source_row":15555,"estimated":true}},{"type":"Feature","id":"meijer-17859","geometry":{"type":"Point","coordinates":[91.96375,21.667083]},"properties":{"id":"meijer-17859","type":"river-plastic","name":"River outfall 17859","country":null,"source_id":"meijer-rivers-2021","year":2015,"value":424.742,"unit":"tonnes/year","metric":"Modeled floating macroplastic emissions","original_value":424.742,"original_unit":"metric tons/year","source_row":17859,"estimated":true}},{"type":"Feature","id":"meijer-10131","geometry":{"type":"Point","coordinates":[123.83875,10.23625]},"properties":{"id":"meijer-10131","type":"river-plastic","name":"River outfall 10131","country":null,"source_id":"meijer-rivers-2021","year":2015,"value":424.054,"unit":"tonnes/year","metric":"Modeled floating macroplastic emissions","original_value":424.054,"original_unit":"metric tons/year","source_row":10131,"estimated":true}},{"type":"Feature","id":"meijer-15170","geometry":{"type":"Point","coordinates":[101.244583,12.66375]},"properties":{"id":"meijer-15170","type":"river-plastic","name":"River outfall 15170","country":null,"source_id":"meijer-rivers-2021","year":2015,"value":423.519,"unit":"tonnes/year","metric":"Modeled floating macroplastic emissions","original_value":423.519,"original_unit":"metric tons/year","source_row":15170,"estimated":true}},{"type":"Feature","id":"meijer-25690","geometry":{"type":"Point","coordinates":[-51.23375,-30.047083]},"properties":{"id":"meijer-25690","type":"river-plastic","name":"River outfall 25690","country":null,"source_id":"meijer-rivers-2021","year":2015,"value":422.595,"unit":"tonnes/year","metric":"Modeled floating macroplastic emissions","original_value":422.595,"original_unit":"metric tons/year","source_row":25690,"estimated":true}},{"type":"Feature","id":"meijer-18347","geometry":{"type":"Point","coordinates":[88.672083,22.32625]},"properties":{"id":"meijer-18347","type":"river-plastic","name":"River outfall 18347","country":null,"source_id":"meijer-rivers-2021","year":2015,"value":421.39,"unit":"tonnes/year","metric":"Modeled floating macroplastic emissions","original_value":421.39,"original_unit":"metric tons/year","source_row":18347,"estimated":true}},{"type":"Feature","id":"meijer-4322","geometry":{"type":"Point","coordinates":[114.552917,-3.337917]},"properties":{"id":"meijer-4322","type":"river-plastic","name":"River outfall 4322","country":null,"source_id":"meijer-rivers-2021","year":2015,"value":419.829,"unit":"tonnes/year","metric":"Modeled floating macroplastic emissions","original_value":419.829,"original_unit":"metric tons/year","source_row":4322,"estimated":true}},{"type":"Feature","id":"meijer-19118","geometry":{"type":"Point","coordinates":[119.707083,26.772083]},"properties":{"id":"meijer-19118","type":"river-plastic","name":"River outfall 19118","country":null,"source_id":"meijer-rivers-2021","year":2015,"value":419.403,"unit":"tonnes/year","metric":"Modeled floating macroplastic emissions","original_value":419.403,"original_unit":"metric tons/year","source_row":19118,"estimated":true}},{"type":"Feature","id":"meijer-16089","geometry":{"type":"Point","coordinates":[81.40375,16.345417]},"properties":{"id":"meijer-16089","type":"river-plastic","name":"River outfall 16089","country":null,"source_id":"meijer-rivers-2021","year":2015,"value":417.953,"unit":"tonnes/year","metric":"Modeled floating macroplastic emissions","original_value":417.953,"original_unit":"metric tons/year","source_row":16089,"estimated":true}},{"type":"Feature","id":"meijer-21117","geometry":{"type":"Point","coordinates":[9.322917,4.009583]},"properties":{"id":"meijer-21117","type":"river-plastic","name":"River outfall 21117","country":null,"source_id":"meijer-rivers-2021","year":2015,"value":417.373,"unit":"tonnes/year","metric":"Modeled floating macroplastic emissions","original_value":417.373,"original_unit":"metric tons/year","source_row":21117,"estimated":true}},{"type":"Feature","id":"meijer-16029","geometry":{"type":"Point","coordinates":[97.636667,16.275833]},"properties":{"id":"meijer-16029","type":"river-plastic","name":"River outfall 16029","country":null,"source_id":"meijer-rivers-2021","year":2015,"value":417.193,"unit":"tonnes/year","metric":"Modeled floating macroplastic emissions","original_value":417.193,"original_unit":"metric tons/year","source_row":16029,"estimated":true}},{"type":"Feature","id":"meijer-16904","geometry":{"type":"Point","coordinates":[72.85875,19.342083]},"properties":{"id":"meijer-16904","type":"river-plastic","name":"River outfall 16904","country":null,"source_id":"meijer-rivers-2021","year":2015,"value":416.78,"unit":"tonnes/year","metric":"Modeled floating macroplastic emissions","original_value":416.78,"original_unit":"metric tons/year","source_row":16904,"estimated":true}},{"type":"Feature","id":"meijer-9607","geometry":{"type":"Point","coordinates":[122.817083,9.354583]},"properties":{"id":"meijer-9607","type":"river-plastic","name":"River outfall 9607","country":null,"source_id":"meijer-rivers-2021","year":2015,"value":416.418,"unit":"tonnes/year","metric":"Modeled floating macroplastic emissions","original_value":416.418,"original_unit":"metric tons/year","source_row":9607,"estimated":true}},{"type":"Feature","id":"meijer-12788","geometry":{"type":"Point","coordinates":[120.05875,14.94625]},"properties":{"id":"meijer-12788","type":"river-plastic","name":"River outfall 12788","country":null,"source_id":"meijer-rivers-2021","year":2015,"value":415.854,"unit":"tonnes/year","metric":"Modeled floating macroplastic emissions","original_value":415.854,"original_unit":"metric tons/year","source_row":12788,"estimated":true}},{"type":"Feature","id":"meijer-15599","geometry":{"type":"Point","coordinates":[108.548333,15.596667]},"properties":{"id":"meijer-15599","type":"river-plastic","name":"River outfall 15599","country":null,"source_id":"meijer-rivers-2021","year":2015,"value":415.797,"unit":"tonnes/year","metric":"Modeled floating macroplastic emissions","original_value":415.797,"original_unit":"metric tons/year","source_row":15599,"estimated":true}},{"type":"Feature","id":"meijer-22382","geometry":{"type":"Point","coordinates":[6.936667,36.8825]},"properties":{"id":"meijer-22382","type":"river-plastic","name":"River outfall 22382","country":null,"source_id":"meijer-rivers-2021","year":2015,"value":415.275,"unit":"tonnes/year","metric":"Modeled floating macroplastic emissions","original_value":415.275,"original_unit":"metric tons/year","source_row":22382,"estimated":true}},{"type":"Feature","id":"meijer-14104","geometry":{"type":"Point","coordinates":[76.51875,9.01875]},"properties":{"id":"meijer-14104","type":"river-plastic","name":"River outfall 14104","country":null,"source_id":"meijer-rivers-2021","year":2015,"value":415.157,"unit":"tonnes/year","metric":"Modeled floating macroplastic emissions","original_value":415.157,"original_unit":"metric tons/year","source_row":14104,"estimated":true}},{"type":"Feature","id":"meijer-8618","geometry":{"type":"Point","coordinates":[122.08375,6.899583]},"properties":{"id":"meijer-8618","type":"river-plastic","name":"River outfall 8618","country":null,"source_id":"meijer-rivers-2021","year":2015,"value":414.582,"unit":"tonnes/year","metric":"Modeled floating macroplastic emissions","original_value":414.582,"original_unit":"metric tons/year","source_row":8618,"estimated":true}},{"type":"Feature","id":"meijer-28402","geometry":{"type":"Point","coordinates":[-91.31125,13.955417]},"properties":{"id":"meijer-28402","type":"river-plastic","name":"River outfall 28402","country":null,"source_id":"meijer-rivers-2021","year":2015,"value":413.851,"unit":"tonnes/year","metric":"Modeled floating macroplastic emissions","original_value":413.851,"original_unit":"metric tons/year","source_row":28402,"estimated":true}},{"type":"Feature","id":"meijer-12682","geometry":{"type":"Point","coordinates":[120.55625,14.702083]},"properties":{"id":"meijer-12682","type":"river-plastic","name":"River outfall 12682","country":null,"source_id":"meijer-rivers-2021","year":2015,"value":413.494,"unit":"tonnes/year","metric":"Modeled floating macroplastic emissions","original_value":413.494,"original_unit":"metric tons/year","source_row":12682,"estimated":true}},{"type":"Feature","id":"meijer-28447","geometry":{"type":"Point","coordinates":[-92.22375,14.534583]},"properties":{"id":"meijer-28447","type":"river-plastic","name":"River outfall 28447","country":null,"source_id":"meijer-rivers-2021","year":2015,"value":413.326,"unit":"tonnes/year","metric":"Modeled floating macroplastic emissions","original_value":413.326,"original_unit":"metric tons/year","source_row":28447,"estimated":true}},{"type":"Feature","id":"meijer-9121","geometry":{"type":"Point","coordinates":[122.99625,8.215417]},"properties":{"id":"meijer-9121","type":"river-plastic","name":"River outfall 9121","country":null,"source_id":"meijer-rivers-2021","year":2015,"value":413.205,"unit":"tonnes/year","metric":"Modeled floating macroplastic emissions","original_value":413.205,"original_unit":"metric tons/year","source_row":9121,"estimated":true}},{"type":"Feature","id":"meijer-13120","geometry":{"type":"Point","coordinates":[121.434583,18.44125]},"properties":{"id":"meijer-13120","type":"river-plastic","name":"River outfall 13120","country":null,"source_id":"meijer-rivers-2021","year":2015,"value":413.151,"unit":"tonnes/year","metric":"Modeled floating macroplastic emissions","original_value":413.151,"original_unit":"metric tons/year","source_row":13120,"estimated":true}},{"type":"Feature","id":"meijer-17393","geometry":{"type":"Point","coordinates":[72.85875,20.46625]},"properties":{"id":"meijer-17393","type":"river-plastic","name":"River outfall 17393","country":null,"source_id":"meijer-rivers-2021","year":2015,"value":412.766,"unit":"tonnes/year","metric":"Modeled floating macroplastic emissions","original_value":412.766,"original_unit":"metric tons/year","source_row":17393,"estimated":true}},{"type":"Feature","id":"meijer-14869","geometry":{"type":"Point","coordinates":[75.455417,11.777917]},"properties":{"id":"meijer-14869","type":"river-plastic","name":"River outfall 14869","country":null,"source_id":"meijer-rivers-2021","year":2015,"value":412.572,"unit":"tonnes/year","metric":"Modeled floating macroplastic emissions","original_value":412.572,"original_unit":"metric tons/year","source_row":14869,"estimated":true}},{"type":"Feature","id":"meijer-10839","geometry":{"type":"Point","coordinates":[124.799583,11.377917]},"properties":{"id":"meijer-10839","type":"river-plastic","name":"River outfall 10839","country":null,"source_id":"meijer-rivers-2021","year":2015,"value":411.525,"unit":"tonnes/year","metric":"Modeled floating macroplastic emissions","original_value":411.525,"original_unit":"metric tons/year","source_row":10839,"estimated":true}},{"type":"Feature","id":"meijer-16886","geometry":{"type":"Point","coordinates":[72.88625,19.298333]},"properties":{"id":"meijer-16886","type":"river-plastic","name":"River outfall 16886","country":null,"source_id":"meijer-rivers-2021","year":2015,"value":410.717,"unit":"tonnes/year","metric":"Modeled floating macroplastic emissions","original_value":410.717,"original_unit":"metric tons/year","source_row":16886,"estimated":true}},{"type":"Feature","id":"meijer-9196","geometry":{"type":"Point","coordinates":[124.665711,8.483212]},"properties":{"id":"meijer-9196","type":"river-plastic","name":"River outfall 9196","country":null,"source_id":"meijer-rivers-2021","year":2015,"value":410.522,"unit":"tonnes/year","metric":"Modeled floating macroplastic emissions","original_value":410.522,"original_unit":"metric tons/year","source_row":9196,"estimated":true}},{"type":"Feature","id":"meijer-27499","geometry":{"type":"Point","coordinates":[-64.709583,10.165417]},"properties":{"id":"meijer-27499","type":"river-plastic","name":"River outfall 27499","country":null,"source_id":"meijer-rivers-2021","year":2015,"value":409.57,"unit":"tonnes/year","metric":"Modeled floating macroplastic emissions","original_value":409.57,"original_unit":"metric tons/year","source_row":27499,"estimated":true}},{"type":"Feature","id":"meijer-21803","geometry":{"type":"Point","coordinates":[-13.240122,8.488212]},"properties":{"id":"meijer-21803","type":"river-plastic","name":"River outfall 21803","country":null,"source_id":"meijer-rivers-2021","year":2015,"value":409.513,"unit":"tonnes/year","metric":"Modeled floating macroplastic emissions","original_value":409.513,"original_unit":"metric tons/year","source_row":21803,"estimated":true}},{"type":"Feature","id":"meijer-17592","geometry":{"type":"Point","coordinates":[72.797083,21.059583]},"properties":{"id":"meijer-17592","type":"river-plastic","name":"River outfall 17592","country":null,"source_id":"meijer-rivers-2021","year":2015,"value":409.463,"unit":"tonnes/year","metric":"Modeled floating macroplastic emissions","original_value":409.463,"original_unit":"metric tons/year","source_row":17592,"estimated":true}},{"type":"Feature","id":"meijer-14928","geometry":{"type":"Point","coordinates":[75.279583,11.97125]},"properties":{"id":"meijer-14928","type":"river-plastic","name":"River outfall 14928","country":null,"source_id":"meijer-rivers-2021","year":2015,"value":409.175,"unit":"tonnes/year","metric":"Modeled floating macroplastic emissions","original_value":409.175,"original_unit":"metric tons/year","source_row":14928,"estimated":true}},{"type":"Feature","id":"meijer-21668","geometry":{"type":"Point","coordinates":[-10.377083,6.139583]},"properties":{"id":"meijer-21668","type":"river-plastic","name":"River outfall 21668","country":null,"source_id":"meijer-rivers-2021","year":2015,"value":406.359,"unit":"tonnes/year","metric":"Modeled floating macroplastic emissions","original_value":406.359,"original_unit":"metric tons/year","source_row":21668,"estimated":true}},{"type":"Feature","id":"meijer-14961","geometry":{"type":"Point","coordinates":[75.179583,12.082917]},"properties":{"id":"meijer-14961","type":"river-plastic","name":"River outfall 14961","country":null,"source_id":"meijer-rivers-2021","year":2015,"value":404.94,"unit":"tonnes/year","metric":"Modeled floating macroplastic emissions","original_value":404.94,"original_unit":"metric tons/year","source_row":14961,"estimated":true}},{"type":"Feature","id":"meijer-11908","geometry":{"type":"Point","coordinates":[121.142083,13.407083]},"properties":{"id":"meijer-11908","type":"river-plastic","name":"River outfall 11908","country":null,"source_id":"meijer-rivers-2021","year":2015,"value":402.871,"unit":"tonnes/year","metric":"Modeled floating macroplastic emissions","original_value":402.871,"original_unit":"metric tons/year","source_row":11908,"estimated":true}},{"type":"Feature","id":"meijer-17542","geometry":{"type":"Point","coordinates":[72.807083,20.937083]},"properties":{"id":"meijer-17542","type":"river-plastic","name":"River outfall 17542","country":null,"source_id":"meijer-rivers-2021","year":2015,"value":402.647,"unit":"tonnes/year","metric":"Modeled floating macroplastic emissions","original_value":402.647,"original_unit":"metric tons/year","source_row":17542,"estimated":true}},{"type":"Feature","id":"meijer-16265","geometry":{"type":"Point","coordinates":[96.29875,16.607083]},"properties":{"id":"meijer-16265","type":"river-plastic","name":"River outfall 16265","country":null,"source_id":"meijer-rivers-2021","year":2015,"value":400.667,"unit":"tonnes/year","metric":"Modeled floating macroplastic emissions","original_value":400.667,"original_unit":"metric tons/year","source_row":16265,"estimated":true}},{"type":"Feature","id":"meijer-18307","geometry":{"type":"Point","coordinates":[88.07875,22.284583]},"properties":{"id":"meijer-18307","type":"river-plastic","name":"River outfall 18307","country":null,"source_id":"meijer-rivers-2021","year":2015,"value":400.401,"unit":"tonnes/year","metric":"Modeled floating macroplastic emissions","original_value":400.401,"original_unit":"metric tons/year","source_row":18307,"estimated":true}},{"type":"Feature","id":"meijer-13524","geometry":{"type":"Point","coordinates":[100.292083,5.29]},"properties":{"id":"meijer-13524","type":"river-plastic","name":"River outfall 13524","country":null,"source_id":"meijer-rivers-2021","year":2015,"value":400.267,"unit":"tonnes/year","metric":"Modeled floating macroplastic emissions","original_value":400.267,"original_unit":"metric tons/year","source_row":13524,"estimated":true}},{"type":"Feature","id":"meijer-16348","geometry":{"type":"Point","coordinates":[96.27125,16.79875]},"properties":{"id":"meijer-16348","type":"river-plastic","name":"River outfall 16348","country":null,"source_id":"meijer-rivers-2021","year":2015,"value":400.058,"unit":"tonnes/year","metric":"Modeled floating macroplastic emissions","original_value":400.058,"original_unit":"metric tons/year","source_row":16348,"estimated":true}},{"type":"Feature","id":"meijer-9160","geometry":{"type":"Point","coordinates":[126.340417,8.367083]},"properties":{"id":"meijer-9160","type":"river-plastic","name":"River outfall 9160","country":null,"source_id":"meijer-rivers-2021","year":2015,"value":399.098,"unit":"tonnes/year","metric":"Modeled floating macroplastic emissions","original_value":399.098,"original_unit":"metric tons/year","source_row":9160,"estimated":true}},{"type":"Feature","id":"meijer-28603","geometry":{"type":"Point","coordinates":[-88.757917,15.810417]},"properties":{"id":"meijer-28603","type":"river-plastic","name":"River outfall 28603","country":null,"source_id":"meijer-rivers-2021","year":2015,"value":398.963,"unit":"tonnes/year","metric":"Modeled floating macroplastic emissions","original_value":398.963,"original_unit":"metric tons/year","source_row":28603,"estimated":true}},{"type":"Feature","id":"meijer-8703","geometry":{"type":"Point","coordinates":[125.541667,7.04375]},"properties":{"id":"meijer-8703","type":"river-plastic","name":"River outfall 8703","country":null,"source_id":"meijer-rivers-2021","year":2015,"value":397.462,"unit":"tonnes/year","metric":"Modeled floating macroplastic emissions","original_value":397.462,"original_unit":"metric tons/year","source_row":8703,"estimated":true}},{"type":"Feature","id":"meijer-21186","geometry":{"type":"Point","coordinates":[6.069583,4.39125]},"properties":{"id":"meijer-21186","type":"river-plastic","name":"River outfall 21186","country":null,"source_id":"meijer-rivers-2021","year":2015,"value":396.293,"unit":"tonnes/year","metric":"Modeled floating macroplastic emissions","original_value":396.293,"original_unit":"metric tons/year","source_row":21186,"estimated":true}},{"type":"Feature","id":"meijer-10576","geometry":{"type":"Point","coordinates":[123.07375,10.914583]},"properties":{"id":"meijer-10576","type":"river-plastic","name":"River outfall 10576","country":null,"source_id":"meijer-rivers-2021","year":2015,"value":395.267,"unit":"tonnes/year","metric":"Modeled floating macroplastic emissions","original_value":395.267,"original_unit":"metric tons/year","source_row":10576,"estimated":true}},{"type":"Feature","id":"meijer-9672","geometry":{"type":"Point","coordinates":[123.167083,9.52625]},"properties":{"id":"meijer-9672","type":"river-plastic","name":"River outfall 9672","country":null,"source_id":"meijer-rivers-2021","year":2015,"value":395.167,"unit":"tonnes/year","metric":"Modeled floating macroplastic emissions","original_value":395.167,"original_unit":"metric tons/year","source_row":9672,"estimated":true}},{"type":"Feature","id":"meijer-17814","geometry":{"type":"Point","coordinates":[109.072083,21.61125]},"properties":{"id":"meijer-17814","type":"river-plastic","name":"River outfall 17814","country":null,"source_id":"meijer-rivers-2021","year":2015,"value":393.427,"unit":"tonnes/year","metric":"Modeled floating macroplastic emissions","original_value":393.427,"original_unit":"metric tons/year","source_row":17814,"estimated":true}},{"type":"Feature","id":"meijer-18002","geometry":{"type":"Point","coordinates":[72.60625,21.897917]},"properties":{"id":"meijer-18002","type":"river-plastic","name":"River outfall 18002","country":null,"source_id":"meijer-rivers-2021","year":2015,"value":392.428,"unit":"tonnes/year","metric":"Modeled floating macroplastic emissions","original_value":392.428,"original_unit":"metric tons/year","source_row":18002,"estimated":true}},{"type":"Feature","id":"meijer-16393","geometry":{"type":"Point","coordinates":[82.250417,16.91375]},"properties":{"id":"meijer-16393","type":"river-plastic","name":"River outfall 16393","country":null,"source_id":"meijer-rivers-2021","year":2015,"value":392.115,"unit":"tonnes/year","metric":"Modeled floating macroplastic emissions","original_value":392.115,"original_unit":"metric tons/year","source_row":16393,"estimated":true}},{"type":"Feature","id":"meijer-9042","geometry":{"type":"Point","coordinates":[122.473333,8.0725]},"properties":{"id":"meijer-9042","type":"river-plastic","name":"River outfall 9042","country":null,"source_id":"meijer-rivers-2021","year":2015,"value":390.894,"unit":"tonnes/year","metric":"Modeled floating macroplastic emissions","original_value":390.894,"original_unit":"metric tons/year","source_row":9042,"estimated":true}},{"type":"Feature","id":"meijer-14356","geometry":{"type":"Point","coordinates":[106.465453,9.933228]},"properties":{"id":"meijer-14356","type":"river-plastic","name":"River outfall 14356","country":null,"source_id":"meijer-rivers-2021","year":2015,"value":390.861,"unit":"tonnes/year","metric":"Modeled floating macroplastic emissions","original_value":390.861,"original_unit":"metric tons/year","source_row":14356,"estimated":true}},{"type":"Feature","id":"meijer-16749","geometry":{"type":"Point","coordinates":[94.14625,18.832083]},"properties":{"id":"meijer-16749","type":"river-plastic","name":"River outfall 16749","country":null,"source_id":"meijer-rivers-2021","year":2015,"value":389.226,"unit":"tonnes/year","metric":"Modeled floating macroplastic emissions","original_value":389.226,"original_unit":"metric tons/year","source_row":16749,"estimated":true}},{"type":"Feature","id":"meijer-8744","geometry":{"type":"Point","coordinates":[125.660417,7.156667]},"properties":{"id":"meijer-8744","type":"river-plastic","name":"River outfall 8744","country":null,"source_id":"meijer-rivers-2021","year":2015,"value":388.554,"unit":"tonnes/year","metric":"Modeled floating macroplastic emissions","original_value":388.554,"original_unit":"metric tons/year","source_row":8744,"estimated":true}},{"type":"Feature","id":"meijer-17515","geometry":{"type":"Point","coordinates":[106.759583,20.82375]},"properties":{"id":"meijer-17515","type":"river-plastic","name":"River outfall 17515","country":null,"source_id":"meijer-rivers-2021","year":2015,"value":387.212,"unit":"tonnes/year","metric":"Modeled floating macroplastic emissions","original_value":387.212,"original_unit":"metric tons/year","source_row":17515,"estimated":true}},{"type":"Feature","id":"meijer-28439","geometry":{"type":"Point","coordinates":[-92.097083,14.440417]},"properties":{"id":"meijer-28439","type":"river-plastic","name":"River outfall 28439","country":null,"source_id":"meijer-rivers-2021","year":2015,"value":386.434,"unit":"tonnes/year","metric":"Modeled floating macroplastic emissions","original_value":386.434,"original_unit":"metric tons/year","source_row":28439,"estimated":true}},{"type":"Feature","id":"meijer-13038","geometry":{"type":"Point","coordinates":[120.455833,17.38625]},"properties":{"id":"meijer-13038","type":"river-plastic","name":"River outfall 13038","country":null,"source_id":"meijer-rivers-2021","year":2015,"value":386.156,"unit":"tonnes/year","metric":"Modeled floating macroplastic emissions","original_value":386.156,"original_unit":"metric tons/year","source_row":13038,"estimated":true}},{"type":"Feature","id":"meijer-10202","geometry":{"type":"Point","coordinates":[124.775417,10.344583]},"properties":{"id":"meijer-10202","type":"river-plastic","name":"River outfall 10202","country":null,"source_id":"meijer-rivers-2021","year":2015,"value":385.921,"unit":"tonnes/year","metric":"Modeled floating macroplastic emissions","original_value":385.921,"original_unit":"metric tons/year","source_row":10202,"estimated":true}},{"type":"Feature","id":"meijer-15362","geometry":{"type":"Point","coordinates":[100.59625,13.60125]},"properties":{"id":"meijer-15362","type":"river-plastic","name":"River outfall 15362","country":null,"source_id":"meijer-rivers-2021","year":2015,"value":385.264,"unit":"tonnes/year","metric":"Modeled floating macroplastic emissions","original_value":385.264,"original_unit":"metric tons/year","source_row":15362,"estimated":true}},{"type":"Feature","id":"meijer-18595","geometry":{"type":"Point","coordinates":[113.481792,22.575117]},"properties":{"id":"meijer-18595","type":"river-plastic","name":"River outfall 18595","country":null,"source_id":"meijer-rivers-2021","year":2015,"value":385.259,"unit":"tonnes/year","metric":"Modeled floating macroplastic emissions","original_value":385.259,"original_unit":"metric tons/year","source_row":18595,"estimated":true}},{"type":"Feature","id":"meijer-16682","geometry":{"type":"Point","coordinates":[94.261667,18.554583]},"properties":{"id":"meijer-16682","type":"river-plastic","name":"River outfall 16682","country":null,"source_id":"meijer-rivers-2021","year":2015,"value":383.634,"unit":"tonnes/year","metric":"Modeled floating macroplastic emissions","original_value":383.634,"original_unit":"metric tons/year","source_row":16682,"estimated":true}},{"type":"Feature","id":"meijer-17160","geometry":{"type":"Point","coordinates":[110.387083,20.010833]},"properties":{"id":"meijer-17160","type":"river-plastic","name":"River outfall 17160","country":null,"source_id":"meijer-rivers-2021","year":2015,"value":383.085,"unit":"tonnes/year","metric":"Modeled floating macroplastic emissions","original_value":383.085,"original_unit":"metric tons/year","source_row":17160,"estimated":true}},{"type":"Feature","id":"meijer-20807","geometry":{"type":"Point","coordinates":[12.467083,-6.067083]},"properties":{"id":"meijer-20807","type":"river-plastic","name":"River outfall 20807","country":null,"source_id":"meijer-rivers-2021","year":2015,"value":381.608,"unit":"tonnes/year","metric":"Modeled floating macroplastic emissions","original_value":381.608,"original_unit":"metric tons/year","source_row":20807,"estimated":true}},{"type":"Feature","id":"meijer-19065","geometry":{"type":"Point","coordinates":[119.47125,25.670417]},"properties":{"id":"meijer-19065","type":"river-plastic","name":"River outfall 19065","country":null,"source_id":"meijer-rivers-2021","year":2015,"value":381.208,"unit":"tonnes/year","metric":"Modeled floating macroplastic emissions","original_value":381.208,"original_unit":"metric tons/year","source_row":19065,"estimated":true}},{"type":"Feature","id":"meijer-19181","geometry":{"type":"Point","coordinates":[120.757083,27.97875]},"properties":{"id":"meijer-19181","type":"river-plastic","name":"River outfall 19181","country":null,"source_id":"meijer-rivers-2021","year":2015,"value":380.646,"unit":"tonnes/year","metric":"Modeled floating macroplastic emissions","original_value":380.646,"original_unit":"metric tons/year","source_row":19181,"estimated":true}},{"type":"Feature","id":"meijer-20038","geometry":{"type":"Point","coordinates":[31.040417,-29.81]},"properties":{"id":"meijer-20038","type":"river-plastic","name":"River outfall 20038","country":null,"source_id":"meijer-rivers-2021","year":2015,"value":380.28,"unit":"tonnes/year","metric":"Modeled floating macroplastic emissions","original_value":380.28,"original_unit":"metric tons/year","source_row":20038,"estimated":true}},{"type":"Feature","id":"meijer-11884","geometry":{"type":"Point","coordinates":[123.730417,13.367917]},"properties":{"id":"meijer-11884","type":"river-plastic","name":"River outfall 11884","country":null,"source_id":"meijer-rivers-2021","year":2015,"value":376.94,"unit":"tonnes/year","metric":"Modeled floating macroplastic emissions","original_value":376.94,"original_unit":"metric tons/year","source_row":11884,"estimated":true}},{"type":"Feature","id":"meijer-16359","geometry":{"type":"Point","coordinates":[96.117083,16.82875]},"properties":{"id":"meijer-16359","type":"river-plastic","name":"River outfall 16359","country":null,"source_id":"meijer-rivers-2021","year":2015,"value":376.917,"unit":"tonnes/year","metric":"Modeled floating macroplastic emissions","original_value":376.917,"original_unit":"metric tons/year","source_row":16359,"estimated":true}},{"type":"Feature","id":"meijer-14105","geometry":{"type":"Point","coordinates":[105.41625,9.025]},"properties":{"id":"meijer-14105","type":"river-plastic","name":"River outfall 14105","country":null,"source_id":"meijer-rivers-2021","year":2015,"value":376.677,"unit":"tonnes/year","metric":"Modeled floating macroplastic emissions","original_value":376.677,"original_unit":"metric tons/year","source_row":14105,"estimated":true}},{"type":"Feature","id":"meijer-9226","geometry":{"type":"Point","coordinates":[124.607083,8.519583]},"properties":{"id":"meijer-9226","type":"river-plastic","name":"River outfall 9226","country":null,"source_id":"meijer-rivers-2021","year":2015,"value":375.68,"unit":"tonnes/year","metric":"Modeled floating macroplastic emissions","original_value":375.68,"original_unit":"metric tons/year","source_row":9226,"estimated":true}},{"type":"Feature","id":"meijer-25952","geometry":{"type":"Point","coordinates":[-43.622917,-23.007917]},"properties":{"id":"meijer-25952","type":"river-plastic","name":"River outfall 25952","country":null,"source_id":"meijer-rivers-2021","year":2015,"value":375.609,"unit":"tonnes/year","metric":"Modeled floating macroplastic emissions","original_value":375.609,"original_unit":"metric tons/year","source_row":25952,"estimated":true}},{"type":"Feature","id":"meijer-10235","geometry":{"type":"Point","coordinates":[122.859583,10.397917]},"properties":{"id":"meijer-10235","type":"river-plastic","name":"River outfall 10235","country":null,"source_id":"meijer-rivers-2021","year":2015,"value":374.59,"unit":"tonnes/year","metric":"Modeled floating macroplastic emissions","original_value":374.59,"original_unit":"metric tons/year","source_row":10235,"estimated":true}},{"type":"Feature","id":"meijer-17862","geometry":{"type":"Point","coordinates":[72.85875,21.669583]},"properties":{"id":"meijer-17862","type":"river-plastic","name":"River outfall 17862","country":null,"source_id":"meijer-rivers-2021","year":2015,"value":373.721,"unit":"tonnes/year","metric":"Modeled floating macroplastic emissions","original_value":373.721,"original_unit":"metric tons/year","source_row":17862,"estimated":true}},{"type":"Feature","id":"meijer-16100","geometry":{"type":"Point","coordinates":[95.01875,16.35125]},"properties":{"id":"meijer-16100","type":"river-plastic","name":"River outfall 16100","country":null,"source_id":"meijer-rivers-2021","year":2015,"value":373.36,"unit":"tonnes/year","metric":"Modeled floating macroplastic emissions","original_value":373.36,"original_unit":"metric tons/year","source_row":16100,"estimated":true}},{"type":"Feature","id":"meijer-21802","geometry":{"type":"Point","coordinates":[-13.252083,8.48625]},"properties":{"id":"meijer-21802","type":"river-plastic","name":"River outfall 21802","country":null,"source_id":"meijer-rivers-2021","year":2015,"value":371.878,"unit":"tonnes/year","metric":"Modeled floating macroplastic emissions","original_value":371.878,"original_unit":"metric tons/year","source_row":21802,"estimated":true}},{"type":"Feature","id":"meijer-2574","geometry":{"type":"Point","coordinates":[108.806286,-6.775728]},"properties":{"id":"meijer-2574","type":"river-plastic","name":"River outfall 2574","country":null,"source_id":"meijer-rivers-2021","year":2015,"value":371.548,"unit":"tonnes/year","metric":"Modeled floating macroplastic emissions","original_value":371.548,"original_unit":"metric tons/year","source_row":2574,"estimated":true}},{"type":"Feature","id":"meijer-8386","geometry":{"type":"Point","coordinates":[125.225417,6.097083]},"properties":{"id":"meijer-8386","type":"river-plastic","name":"River outfall 8386","country":null,"source_id":"meijer-rivers-2021","year":2015,"value":370.919,"unit":"tonnes/year","metric":"Modeled floating macroplastic emissions","original_value":370.919,"original_unit":"metric tons/year","source_row":8386,"estimated":true}},{"type":"Feature","id":"meijer-13862","geometry":{"type":"Point","coordinates":[98.402083,7.87375]},"properties":{"id":"meijer-13862","type":"river-plastic","name":"River outfall 13862","country":null,"source_id":"meijer-rivers-2021","year":2015,"value":370.68,"unit":"tonnes/year","metric":"Modeled floating macroplastic emissions","original_value":370.68,"original_unit":"metric tons/year","source_row":13862,"estimated":true}},{"type":"Feature","id":"meijer-15239","geometry":{"type":"Point","coordinates":[98.60625,12.957917]},"properties":{"id":"meijer-15239","type":"river-plastic","name":"River outfall 15239","country":null,"source_id":"meijer-rivers-2021","year":2015,"value":370.673,"unit":"tonnes/year","metric":"Modeled floating macroplastic emissions","original_value":370.673,"original_unit":"metric tons/year","source_row":15239,"estimated":true}},{"type":"Feature","id":"meijer-21687","geometry":{"type":"Point","coordinates":[-10.7875,6.38875]},"properties":{"id":"meijer-21687","type":"river-plastic","name":"River outfall 21687","country":null,"source_id":"meijer-rivers-2021","year":2015,"value":369.751,"unit":"tonnes/year","metric":"Modeled floating macroplastic emissions","original_value":369.751,"original_unit":"metric tons/year","source_row":21687,"estimated":true}},{"type":"Feature","id":"meijer-22175","geometry":{"type":"Point","coordinates":[30.385833,31.443333]},"properties":{"id":"meijer-22175","type":"river-plastic","name":"River outfall 22175","country":null,"source_id":"meijer-rivers-2021","year":2015,"value":368.473,"unit":"tonnes/year","metric":"Modeled floating macroplastic emissions","original_value":368.473,"original_unit":"metric tons/year","source_row":22175,"estimated":true}},{"type":"Feature","id":"meijer-15188","geometry":{"type":"Point","coordinates":[101.70375,12.69875]},"properties":{"id":"meijer-15188","type":"river-plastic","name":"River outfall 15188","country":null,"source_id":"meijer-rivers-2021","year":2015,"value":368.434,"unit":"tonnes/year","metric":"Modeled floating macroplastic emissions","original_value":368.434,"original_unit":"metric tons/year","source_row":15188,"estimated":true}},{"type":"Feature","id":"meijer-13860","geometry":{"type":"Point","coordinates":[98.395417,7.857083]},"properties":{"id":"meijer-13860","type":"river-plastic","name":"River outfall 13860","country":null,"source_id":"meijer-rivers-2021","year":2015,"value":368.113,"unit":"tonnes/year","metric":"Modeled floating macroplastic emissions","original_value":368.113,"original_unit":"metric tons/year","source_row":13860,"estimated":true}},{"type":"Feature","id":"meijer-13529","geometry":{"type":"Point","coordinates":[103.10625,5.324167]},"properties":{"id":"meijer-13529","type":"river-plastic","name":"River outfall 13529","country":null,"source_id":"meijer-rivers-2021","year":2015,"value":367.826,"unit":"tonnes/year","metric":"Modeled floating macroplastic emissions","original_value":367.826,"original_unit":"metric tons/year","source_row":13529,"estimated":true}},{"type":"Feature","id":"meijer-18873","geometry":{"type":"Point","coordinates":[116.80375,23.422083]},"properties":{"id":"meijer-18873","type":"river-plastic","name":"River outfall 18873","country":null,"source_id":"meijer-rivers-2021","year":2015,"value":367.529,"unit":"tonnes/year","metric":"Modeled floating macroplastic emissions","original_value":367.529,"original_unit":"metric tons/year","source_row":18873,"estimated":true}},{"type":"Feature","id":"meijer-11505","geometry":{"type":"Point","coordinates":[124.91625,12.56625]},"properties":{"id":"meijer-11505","type":"river-plastic","name":"River outfall 11505","country":null,"source_id":"meijer-rivers-2021","year":2015,"value":366.944,"unit":"tonnes/year","metric":"Modeled floating macroplastic emissions","original_value":366.944,"original_unit":"metric tons/year","source_row":11505,"estimated":true}},{"type":"Feature","id":"meijer-19370","geometry":{"type":"Point","coordinates":[121.475417,31.42375]},"properties":{"id":"meijer-19370","type":"river-plastic","name":"River outfall 19370","country":null,"source_id":"meijer-rivers-2021","year":2015,"value":366.761,"unit":"tonnes/year","metric":"Modeled floating macroplastic emissions","original_value":366.761,"original_unit":"metric tons/year","source_row":19370,"estimated":true}},{"type":"Feature","id":"meijer-22374","geometry":{"type":"Point","coordinates":[7.770833,36.866667]},"properties":{"id":"meijer-22374","type":"river-plastic","name":"River outfall 22374","country":null,"source_id":"meijer-rivers-2021","year":2015,"value":366.618,"unit":"tonnes/year","metric":"Modeled floating macroplastic emissions","original_value":366.618,"original_unit":"metric tons/year","source_row":22374,"estimated":true}},{"type":"Feature","id":"meijer-17652","geometry":{"type":"Point","coordinates":[92.046667,21.29375]},"properties":{"id":"meijer-17652","type":"river-plastic","name":"River outfall 17652","country":null,"source_id":"meijer-rivers-2021","year":2015,"value":364.766,"unit":"tonnes/year","metric":"Modeled floating macroplastic emissions","original_value":364.766,"original_unit":"metric tons/year","source_row":17652,"estimated":true}},{"type":"Feature","id":"meijer-16896","geometry":{"type":"Point","coordinates":[72.88625,19.315417]},"properties":{"id":"meijer-16896","type":"river-plastic","name":"River outfall 16896","country":null,"source_id":"meijer-rivers-2021","year":2015,"value":364.674,"unit":"tonnes/year","metric":"Modeled floating macroplastic emissions","original_value":364.674,"original_unit":"metric tons/year","source_row":16896,"estimated":true}},{"type":"Feature","id":"meijer-12097","geometry":{"type":"Point","coordinates":[123.567917,13.70875]},"properties":{"id":"meijer-12097","type":"river-plastic","name":"River outfall 12097","country":null,"source_id":"meijer-rivers-2021","year":2015,"value":364.551,"unit":"tonnes/year","metric":"Modeled floating macroplastic emissions","original_value":364.551,"original_unit":"metric tons/year","source_row":12097,"estimated":true}},{"type":"Feature","id":"meijer-9358","geometry":{"type":"Point","coordinates":[125.112083,8.832083]},"properties":{"id":"meijer-9358","type":"river-plastic","name":"River outfall 9358","country":null,"source_id":"meijer-rivers-2021","year":2015,"value":364.229,"unit":"tonnes/year","metric":"Modeled floating macroplastic emissions","original_value":364.229,"original_unit":"metric tons/year","source_row":9358,"estimated":true}},{"type":"Feature","id":"meijer-13655","geometry":{"type":"Point","coordinates":[79.995833,6.427083]},"properties":{"id":"meijer-13655","type":"river-plastic","name":"River outfall 13655","country":null,"source_id":"meijer-rivers-2021","year":2015,"value":364.177,"unit":"tonnes/year","metric":"Modeled floating macroplastic emissions","original_value":364.177,"original_unit":"metric tons/year","source_row":13655,"estimated":true}},{"type":"Feature","id":"meijer-18729","geometry":{"type":"Point","coordinates":[90.780417,22.80125]},"properties":{"id":"meijer-18729","type":"river-plastic","name":"River outfall 18729","country":null,"source_id":"meijer-rivers-2021","year":2015,"value":362.286,"unit":"tonnes/year","metric":"Modeled floating macroplastic emissions","original_value":362.286,"original_unit":"metric tons/year","source_row":18729,"estimated":true}},{"type":"Feature","id":"meijer-13078","geometry":{"type":"Point","coordinates":[120.482083,18.060417]},"properties":{"id":"meijer-13078","type":"river-plastic","name":"River outfall 13078","country":null,"source_id":"meijer-rivers-2021","year":2015,"value":361.779,"unit":"tonnes/year","metric":"Modeled floating macroplastic emissions","original_value":361.779,"original_unit":"metric tons/year","source_row":13078,"estimated":true}},{"type":"Feature","id":"meijer-14343","geometry":{"type":"Point","coordinates":[105.10375,9.889583]},"properties":{"id":"meijer-14343","type":"river-plastic","name":"River outfall 14343","country":null,"source_id":"meijer-rivers-2021","year":2015,"value":361.245,"unit":"tonnes/year","metric":"Modeled floating macroplastic emissions","original_value":361.245,"original_unit":"metric tons/year","source_row":14343,"estimated":true}},{"type":"Feature","id":"meijer-2887","geometry":{"type":"Point","coordinates":[106.457083,-6.03625]},"properties":{"id":"meijer-2887","type":"river-plastic","name":"River outfall 2887","country":null,"source_id":"meijer-rivers-2021","year":2015,"value":361.159,"unit":"tonnes/year","metric":"Modeled floating macroplastic emissions","original_value":361.159,"original_unit":"metric tons/year","source_row":2887,"estimated":true}},{"type":"Feature","id":"meijer-21439","geometry":{"type":"Point","coordinates":[6.72125,4.827083]},"properties":{"id":"meijer-21439","type":"river-plastic","name":"River outfall 21439","country":null,"source_id":"meijer-rivers-2021","year":2015,"value":360.48,"unit":"tonnes/year","metric":"Modeled floating macroplastic emissions","original_value":360.48,"original_unit":"metric tons/year","source_row":21439,"estimated":true}},{"type":"Feature","id":"meijer-13649","geometry":{"type":"Point","coordinates":[100.13875,6.380417]},"properties":{"id":"meijer-13649","type":"river-plastic","name":"River outfall 13649","country":null,"source_id":"meijer-rivers-2021","year":2015,"value":359.55,"unit":"tonnes/year","metric":"Modeled floating macroplastic emissions","original_value":359.55,"original_unit":"metric tons/year","source_row":13649,"estimated":true}},{"type":"Feature","id":"meijer-10639","geometry":{"type":"Point","coordinates":[122.040417,11.011667]},"properties":{"id":"meijer-10639","type":"river-plastic","name":"River outfall 10639","country":null,"source_id":"meijer-rivers-2021","year":2015,"value":358.95,"unit":"tonnes/year","metric":"Modeled floating macroplastic emissions","original_value":358.95,"original_unit":"metric tons/year","source_row":10639,"estimated":true}},{"type":"Feature","id":"meijer-25989","geometry":{"type":"Point","coordinates":[-43.210833,-22.897917]},"properties":{"id":"meijer-25989","type":"river-plastic","name":"River outfall 25989","country":null,"source_id":"meijer-rivers-2021","year":2015,"value":358.535,"unit":"tonnes/year","metric":"Modeled floating macroplastic emissions","original_value":358.535,"original_unit":"metric tons/year","source_row":25989,"estimated":true}},{"type":"Feature","id":"meijer-13775","geometry":{"type":"Point","coordinates":[100.437917,7.250417]},"properties":{"id":"meijer-13775","type":"river-plastic","name":"River outfall 13775","country":null,"source_id":"meijer-rivers-2021","year":2015,"value":358.169,"unit":"tonnes/year","metric":"Modeled floating macroplastic emissions","original_value":358.169,"original_unit":"metric tons/year","source_row":13775,"estimated":true}},{"type":"Feature","id":"meijer-10233","geometry":{"type":"Point","coordinates":[122.859583,10.39625]},"properties":{"id":"meijer-10233","type":"river-plastic","name":"River outfall 10233","country":null,"source_id":"meijer-rivers-2021","year":2015,"value":358.162,"unit":"tonnes/year","metric":"Modeled floating macroplastic emissions","original_value":358.162,"original_unit":"metric tons/year","source_row":10233,"estimated":true}},{"type":"Feature","id":"meijer-6871","geometry":{"type":"Point","coordinates":[111.347083,1.347917]},"properties":{"id":"meijer-6871","type":"river-plastic","name":"River outfall 6871","country":null,"source_id":"meijer-rivers-2021","year":2015,"value":357.356,"unit":"tonnes/year","metric":"Modeled floating macroplastic emissions","original_value":357.356,"original_unit":"metric tons/year","source_row":6871,"estimated":true}},{"type":"Feature","id":"meijer-21858","geometry":{"type":"Point","coordinates":[-13.512917,9.504583]},"properties":{"id":"meijer-21858","type":"river-plastic","name":"River outfall 21858","country":null,"source_id":"meijer-rivers-2021","year":2015,"value":356.595,"unit":"tonnes/year","metric":"Modeled floating macroplastic emissions","original_value":356.595,"original_unit":"metric tons/year","source_row":21858,"estimated":true}},{"type":"Feature","id":"meijer-28423","geometry":{"type":"Point","coordinates":[-91.664583,14.124583]},"properties":{"id":"meijer-28423","type":"river-plastic","name":"River outfall 28423","country":null,"source_id":"meijer-rivers-2021","year":2015,"value":356.188,"unit":"tonnes/year","metric":"Modeled floating macroplastic emissions","original_value":356.188,"original_unit":"metric tons/year","source_row":28423,"estimated":true}},{"type":"Feature","id":"meijer-13009","geometry":{"type":"Point","coordinates":[120.377917,16.861667]},"properties":{"id":"meijer-13009","type":"river-plastic","name":"River outfall 13009","country":null,"source_id":"meijer-rivers-2021","year":2015,"value":354.819,"unit":"tonnes/year","metric":"Modeled floating macroplastic emissions","original_value":354.819,"original_unit":"metric tons/year","source_row":13009,"estimated":true}},{"type":"Feature","id":"meijer-9719","geometry":{"type":"Point","coordinates":[125.682917,9.597917]},"properties":{"id":"meijer-9719","type":"river-plastic","name":"River outfall 9719","country":null,"source_id":"meijer-rivers-2021","year":2015,"value":354.738,"unit":"tonnes/year","metric":"Modeled floating macroplastic emissions","original_value":354.738,"original_unit":"metric tons/year","source_row":9719,"estimated":true}},{"type":"Feature","id":"meijer-12869","geometry":{"type":"Point","coordinates":[121.557917,15.78375]},"properties":{"id":"meijer-12869","type":"river-plastic","name":"River outfall 12869","country":null,"source_id":"meijer-rivers-2021","year":2015,"value":354.275,"unit":"tonnes/year","metric":"Modeled floating macroplastic emissions","original_value":354.275,"original_unit":"metric tons/year","source_row":12869,"estimated":true}},{"type":"Feature","id":"meijer-26516","geometry":{"type":"Point","coordinates":[-79.839583,-2.397917]},"properties":{"id":"meijer-26516","type":"river-plastic","name":"River outfall 26516","country":null,"source_id":"meijer-rivers-2021","year":2015,"value":353.735,"unit":"tonnes/year","metric":"Modeled floating macroplastic emissions","original_value":353.735,"original_unit":"metric tons/year","source_row":26516,"estimated":true}},{"type":"Feature","id":"meijer-26002","geometry":{"type":"Point","coordinates":[-43.212083,-22.72625]},"properties":{"id":"meijer-26002","type":"river-plastic","name":"River outfall 26002","country":null,"source_id":"meijer-rivers-2021","year":2015,"value":352.884,"unit":"tonnes/year","metric":"Modeled floating macroplastic emissions","original_value":352.884,"original_unit":"metric tons/year","source_row":26002,"estimated":true}},{"type":"Feature","id":"meijer-16383","geometry":{"type":"Point","coordinates":[97.229583,16.887083]},"properties":{"id":"meijer-16383","type":"river-plastic","name":"River outfall 16383","country":null,"source_id":"meijer-rivers-2021","year":2015,"value":352.5,"unit":"tonnes/year","metric":"Modeled floating macroplastic emissions","original_value":352.5,"original_unit":"metric tons/year","source_row":16383,"estimated":true}},{"type":"Feature","id":"meijer-2388","geometry":{"type":"Point","coordinates":[110.40125,-6.952083]},"properties":{"id":"meijer-2388","type":"river-plastic","name":"River outfall 2388","country":null,"source_id":"meijer-rivers-2021","year":2015,"value":352.008,"unit":"tonnes/year","metric":"Modeled floating macroplastic emissions","original_value":352.008,"original_unit":"metric tons/year","source_row":2388,"estimated":true}},{"type":"Feature","id":"meijer-21708","geometry":{"type":"Point","coordinates":[-12.347083,7.377917]},"properties":{"id":"meijer-21708","type":"river-plastic","name":"River outfall 21708","country":null,"source_id":"meijer-rivers-2021","year":2015,"value":351.258,"unit":"tonnes/year","metric":"Modeled floating macroplastic emissions","original_value":351.258,"original_unit":"metric tons/year","source_row":21708,"estimated":true}},{"type":"Feature","id":"meijer-20035","geometry":{"type":"Point","coordinates":[30.977917,-29.967917]},"properties":{"id":"meijer-20035","type":"river-plastic","name":"River outfall 20035","country":null,"source_id":"meijer-rivers-2021","year":2015,"value":350.208,"unit":"tonnes/year","metric":"Modeled floating macroplastic emissions","original_value":350.208,"original_unit":"metric tons/year","source_row":20035,"estimated":true}},{"type":"Feature","id":"meijer-27352","geometry":{"type":"Point","coordinates":[-79.492917,9.004583]},"properties":{"id":"meijer-27352","type":"river-plastic","name":"River outfall 27352","country":null,"source_id":"meijer-rivers-2021","year":2015,"value":347.943,"unit":"tonnes/year","metric":"Modeled floating macroplastic emissions","original_value":347.943,"original_unit":"metric tons/year","source_row":27352,"estimated":true}},{"type":"Feature","id":"meijer-28004","geometry":{"type":"Point","coordinates":[-79.492917,9.004583]},"properties":{"id":"meijer-28004","type":"river-plastic","name":"River outfall 28004","country":null,"source_id":"meijer-rivers-2021","year":2015,"value":347.943,"unit":"tonnes/year","metric":"Modeled floating macroplastic emissions","original_value":347.943,"original_unit":"metric tons/year","source_row":28004,"estimated":true}},{"type":"Feature","id":"meijer-14028","geometry":{"type":"Point","coordinates":[78.125417,8.64375]},"properties":{"id":"meijer-14028","type":"river-plastic","name":"River outfall 14028","country":null,"source_id":"meijer-rivers-2021","year":2015,"value":347.407,"unit":"tonnes/year","metric":"Modeled floating macroplastic emissions","original_value":347.407,"original_unit":"metric tons/year","source_row":14028,"estimated":true}},{"type":"Feature","id":"meijer-8777","geometry":{"type":"Point","coordinates":[125.69875,7.292917]},"properties":{"id":"meijer-8777","type":"river-plastic","name":"River outfall 8777","country":null,"source_id":"meijer-rivers-2021","year":2015,"value":347.138,"unit":"tonnes/year","metric":"Modeled floating macroplastic emissions","original_value":347.138,"original_unit":"metric tons/year","source_row":8777,"estimated":true}},{"type":"Feature","id":"meijer-12108","geometry":{"type":"Point","coordinates":[121.06125,13.720417]},"properties":{"id":"meijer-12108","type":"river-plastic","name":"River outfall 12108","country":null,"source_id":"meijer-rivers-2021","year":2015,"value":346.279,"unit":"tonnes/year","metric":"Modeled floating macroplastic emissions","original_value":346.279,"original_unit":"metric tons/year","source_row":12108,"estimated":true}},{"type":"Feature","id":"meijer-26251","geometry":{"type":"Point","coordinates":[-35.729583,-9.669583]},"properties":{"id":"meijer-26251","type":"river-plastic","name":"River outfall 26251","country":null,"source_id":"meijer-rivers-2021","year":2015,"value":345.75,"unit":"tonnes/year","metric":"Modeled floating macroplastic emissions","original_value":345.75,"original_unit":"metric tons/year","source_row":26251,"estimated":true}},{"type":"Feature","id":"meijer-16887","geometry":{"type":"Point","coordinates":[72.807083,19.302083]},"properties":{"id":"meijer-16887","type":"river-plastic","name":"River outfall 16887","country":null,"source_id":"meijer-rivers-2021","year":2015,"value":344.366,"unit":"tonnes/year","metric":"Modeled floating macroplastic emissions","original_value":344.366,"original_unit":"metric tons/year","source_row":16887,"estimated":true}},{"type":"Feature","id":"meijer-13229","geometry":{"type":"Point","coordinates":[103.76625,1.456667]},"properties":{"id":"meijer-13229","type":"river-plastic","name":"River outfall 13229","country":null,"source_id":"meijer-rivers-2021","year":2015,"value":344.213,"unit":"tonnes/year","metric":"Modeled floating macroplastic emissions","original_value":344.213,"original_unit":"metric tons/year","source_row":13229,"estimated":true}},{"type":"Feature","id":"meijer-9616","geometry":{"type":"Point","coordinates":[125.954583,9.372083]},"properties":{"id":"meijer-9616","type":"river-plastic","name":"River outfall 9616","country":null,"source_id":"meijer-rivers-2021","year":2015,"value":343.725,"unit":"tonnes/year","metric":"Modeled floating macroplastic emissions","original_value":343.725,"original_unit":"metric tons/year","source_row":9616,"estimated":true}},{"type":"Feature","id":"meijer-21483","geometry":{"type":"Point","coordinates":[-1.617083,5.0275]},"properties":{"id":"meijer-21483","type":"river-plastic","name":"River outfall 21483","country":null,"source_id":"meijer-rivers-2021","year":2015,"value":343.084,"unit":"tonnes/year","metric":"Modeled floating macroplastic emissions","original_value":343.084,"original_unit":"metric tons/year","source_row":21483,"estimated":true}},{"type":"Feature","id":"meijer-18297","geometry":{"type":"Point","coordinates":[72.91375,22.27875]},"properties":{"id":"meijer-18297","type":"river-plastic","name":"River outfall 18297","country":null,"source_id":"meijer-rivers-2021","year":2015,"value":341.715,"unit":"tonnes/year","metric":"Modeled floating macroplastic emissions","original_value":341.715,"original_unit":"metric tons/year","source_row":18297,"estimated":true}},{"type":"Feature","id":"meijer-10798","geometry":{"type":"Point","coordinates":[124.690417,11.302917]},"properties":{"id":"meijer-10798","type":"river-plastic","name":"River outfall 10798","country":null,"source_id":"meijer-rivers-2021","year":2015,"value":341.526,"unit":"tonnes/year","metric":"Modeled floating macroplastic emissions","original_value":341.526,"original_unit":"metric tons/year","source_row":10798,"estimated":true}},{"type":"Feature","id":"meijer-21705","geometry":{"type":"Point","coordinates":[-11.594583,6.974583]},"properties":{"id":"meijer-21705","type":"river-plastic","name":"River outfall 21705","country":null,"source_id":"meijer-rivers-2021","year":2015,"value":341.4,"unit":"tonnes/year","metric":"Modeled floating macroplastic emissions","original_value":341.4,"original_unit":"metric tons/year","source_row":21705,"estimated":true}},{"type":"Feature","id":"meijer-15316","geometry":{"type":"Point","coordinates":[99.994044,13.375954]},"properties":{"id":"meijer-15316","type":"river-plastic","name":"River outfall 15316","country":null,"source_id":"meijer-rivers-2021","year":2015,"value":341.158,"unit":"tonnes/year","metric":"Modeled floating macroplastic emissions","original_value":341.158,"original_unit":"metric tons/year","source_row":15316,"estimated":true}},{"type":"Feature","id":"meijer-27558","geometry":{"type":"Point","coordinates":[-64.190417,10.45625]},"properties":{"id":"meijer-27558","type":"river-plastic","name":"River outfall 27558","country":null,"source_id":"meijer-rivers-2021","year":2015,"value":341.035,"unit":"tonnes/year","metric":"Modeled floating macroplastic emissions","original_value":341.035,"original_unit":"metric tons/year","source_row":27558,"estimated":true}},{"type":"Feature","id":"meijer-12920","geometry":{"type":"Point","coordinates":[119.779583,16.127083]},"properties":{"id":"meijer-12920","type":"river-plastic","name":"River outfall 12920","country":null,"source_id":"meijer-rivers-2021","year":2015,"value":340.615,"unit":"tonnes/year","metric":"Modeled floating macroplastic emissions","original_value":340.615,"original_unit":"metric tons/year","source_row":12920,"estimated":true}},{"type":"Feature","id":"meijer-26329","geometry":{"type":"Point","coordinates":[-34.822917,-7.12375]},"properties":{"id":"meijer-26329","type":"river-plastic","name":"River outfall 26329","country":null,"source_id":"meijer-rivers-2021","year":2015,"value":339.847,"unit":"tonnes/year","metric":"Modeled floating macroplastic emissions","original_value":339.847,"original_unit":"metric tons/year","source_row":26329,"estimated":true}},{"type":"Feature","id":"meijer-12580","geometry":{"type":"Point","coordinates":[120.757083,14.325417]},"properties":{"id":"meijer-12580","type":"river-plastic","name":"River outfall 12580","country":null,"source_id":"meijer-rivers-2021","year":2015,"value":339.553,"unit":"tonnes/year","metric":"Modeled floating macroplastic emissions","original_value":339.553,"original_unit":"metric tons/year","source_row":12580,"estimated":true}},{"type":"Feature","id":"meijer-22226","geometry":{"type":"Point","coordinates":[13.25125,32.90875]},"properties":{"id":"meijer-22226","type":"river-plastic","name":"River outfall 22226","country":null,"source_id":"meijer-rivers-2021","year":2015,"value":338.036,"unit":"tonnes/year","metric":"Modeled floating macroplastic emissions","original_value":338.036,"original_unit":"metric tons/year","source_row":22226,"estimated":true}},{"type":"Feature","id":"meijer-13779","geometry":{"type":"Point","coordinates":[79.84375,7.272917]},"properties":{"id":"meijer-13779","type":"river-plastic","name":"River outfall 13779","country":null,"source_id":"meijer-rivers-2021","year":2015,"value":337.727,"unit":"tonnes/year","metric":"Modeled floating macroplastic emissions","original_value":337.727,"original_unit":"metric tons/year","source_row":13779,"estimated":true}},{"type":"Feature","id":"meijer-18832","geometry":{"type":"Point","coordinates":[113.407083,23.08625]},"properties":{"id":"meijer-18832","type":"river-plastic","name":"River outfall 18832","country":null,"source_id":"meijer-rivers-2021","year":2015,"value":336.346,"unit":"tonnes/year","metric":"Modeled floating macroplastic emissions","original_value":336.346,"original_unit":"metric tons/year","source_row":18832,"estimated":true}},{"type":"Feature","id":"meijer-22238","geometry":{"type":"Point","coordinates":[-7.61625,33.60625]},"properties":{"id":"meijer-22238","type":"river-plastic","name":"River outfall 22238","country":null,"source_id":"meijer-rivers-2021","year":2015,"value":335.861,"unit":"tonnes/year","metric":"Modeled floating macroplastic emissions","original_value":335.861,"original_unit":"metric tons/year","source_row":22238,"estimated":true}},{"type":"Feature","id":"meijer-8753","geometry":{"type":"Point","coordinates":[124.164878,7.199288]},"properties":{"id":"meijer-8753","type":"river-plastic","name":"River outfall 8753","country":null,"source_id":"meijer-rivers-2021","year":2015,"value":333.925,"unit":"tonnes/year","metric":"Modeled floating macroplastic emissions","original_value":333.925,"original_unit":"metric tons/year","source_row":8753,"estimated":true}},{"type":"Feature","id":"meijer-13817","geometry":{"type":"Point","coordinates":[79.787083,7.597917]},"properties":{"id":"meijer-13817","type":"river-plastic","name":"River outfall 13817","country":null,"source_id":"meijer-rivers-2021","year":2015,"value":333.767,"unit":"tonnes/year","metric":"Modeled floating macroplastic emissions","original_value":333.767,"original_unit":"metric tons/year","source_row":13817,"estimated":true}},{"type":"Feature","id":"meijer-16362","geometry":{"type":"Point","coordinates":[96.092083,16.83125]},"properties":{"id":"meijer-16362","type":"river-plastic","name":"River outfall 16362","country":null,"source_id":"meijer-rivers-2021","year":2015,"value":333.518,"unit":"tonnes/year","metric":"Modeled floating macroplastic emissions","original_value":333.518,"original_unit":"metric tons/year","source_row":16362,"estimated":true}},{"type":"Feature","id":"meijer-22910","geometry":{"type":"Point","coordinates":[49.46125,37.478333]},"properties":{"id":"meijer-22910","type":"river-plastic","name":"River outfall 22910","country":null,"source_id":"meijer-rivers-2021","year":2015,"value":332.62,"unit":"tonnes/year","metric":"Modeled floating macroplastic emissions","original_value":332.62,"original_unit":"metric tons/year","source_row":22910,"estimated":true}},{"type":"Feature","id":"meijer-7229","geometry":{"type":"Point","coordinates":[111.497083,2.13875]},"properties":{"id":"meijer-7229","type":"river-plastic","name":"River outfall 7229","country":null,"source_id":"meijer-rivers-2021","year":2015,"value":332.242,"unit":"tonnes/year","metric":"Modeled floating macroplastic emissions","original_value":332.242,"original_unit":"metric tons/year","source_row":7229,"estimated":true}},{"type":"Feature","id":"meijer-14966","geometry":{"type":"Point","coordinates":[75.172083,12.10875]},"properties":{"id":"meijer-14966","type":"river-plastic","name":"River outfall 14966","country":null,"source_id":"meijer-rivers-2021","year":2015,"value":330.2,"unit":"tonnes/year","metric":"Modeled floating macroplastic emissions","original_value":330.2,"original_unit":"metric tons/year","source_row":14966,"estimated":true}},{"type":"Feature","id":"meijer-10171","geometry":{"type":"Point","coordinates":[123.9375,10.284583]},"properties":{"id":"meijer-10171","type":"river-plastic","name":"River outfall 10171","country":null,"source_id":"meijer-rivers-2021","year":2015,"value":330.091,"unit":"tonnes/year","metric":"Modeled floating macroplastic emissions","original_value":330.091,"original_unit":"metric tons/year","source_row":10171,"estimated":true}},{"type":"Feature","id":"meijer-18641","geometry":{"type":"Point","coordinates":[90.03125,22.64875]},"properties":{"id":"meijer-18641","type":"river-plastic","name":"River outfall 18641","country":null,"source_id":"meijer-rivers-2021","year":2015,"value":329.914,"unit":"tonnes/year","metric":"Modeled floating macroplastic emissions","original_value":329.914,"original_unit":"metric tons/year","source_row":18641,"estimated":true}},{"type":"Feature","id":"meijer-10132","geometry":{"type":"Point","coordinates":[123.80875,10.237917]},"properties":{"id":"meijer-10132","type":"river-plastic","name":"River outfall 10132","country":null,"source_id":"meijer-rivers-2021","year":2015,"value":329.739,"unit":"tonnes/year","metric":"Modeled floating macroplastic emissions","original_value":329.739,"original_unit":"metric tons/year","source_row":10132,"estimated":true}},{"type":"Feature","id":"meijer-15742","geometry":{"type":"Point","coordinates":[73.497917,15.984583]},"properties":{"id":"meijer-15742","type":"river-plastic","name":"River outfall 15742","country":null,"source_id":"meijer-rivers-2021","year":2015,"value":329.461,"unit":"tonnes/year","metric":"Modeled floating macroplastic emissions","original_value":329.461,"original_unit":"metric tons/year","source_row":15742,"estimated":true}},{"type":"Feature","id":"meijer-16335","geometry":{"type":"Point","coordinates":[96.134583,16.76625]},"properties":{"id":"meijer-16335","type":"river-plastic","name":"River outfall 16335","country":null,"source_id":"meijer-rivers-2021","year":2015,"value":328.808,"unit":"tonnes/year","metric":"Modeled floating macroplastic emissions","original_value":328.808,"original_unit":"metric tons/year","source_row":16335,"estimated":true}},{"type":"Feature","id":"meijer-15414","geometry":{"type":"Point","coordinates":[109.245417,13.867917]},"properties":{"id":"meijer-15414","type":"river-plastic","name":"River outfall 15414","country":null,"source_id":"meijer-rivers-2021","year":2015,"value":328.741,"unit":"tonnes/year","metric":"Modeled floating macroplastic emissions","original_value":328.741,"original_unit":"metric tons/year","source_row":15414,"estimated":true}},{"type":"Feature","id":"meijer-19622","geometry":{"type":"Point","coordinates":[119.185417,37.14375]},"properties":{"id":"meijer-19622","type":"river-plastic","name":"River outfall 19622","country":null,"source_id":"meijer-rivers-2021","year":2015,"value":328.379,"unit":"tonnes/year","metric":"Modeled floating macroplastic emissions","original_value":328.379,"original_unit":"metric tons/year","source_row":19622,"estimated":true}},{"type":"Feature","id":"meijer-11050","geometry":{"type":"Point","coordinates":[122.285417,11.759583]},"properties":{"id":"meijer-11050","type":"river-plastic","name":"River outfall 11050","country":null,"source_id":"meijer-rivers-2021","year":2015,"value":328.352,"unit":"tonnes/year","metric":"Modeled floating macroplastic emissions","original_value":328.352,"original_unit":"metric tons/year","source_row":11050,"estimated":true}},{"type":"Feature","id":"meijer-17712","geometry":{"type":"Point","coordinates":[69.779583,21.457917]},"properties":{"id":"meijer-17712","type":"river-plastic","name":"River outfall 17712","country":null,"source_id":"meijer-rivers-2021","year":2015,"value":328.146,"unit":"tonnes/year","metric":"Modeled floating macroplastic emissions","original_value":328.146,"original_unit":"metric tons/year","source_row":17712,"estimated":true}},{"type":"Feature","id":"meijer-13336","geometry":{"type":"Point","coordinates":[103.617083,2.655417]},"properties":{"id":"meijer-13336","type":"river-plastic","name":"River outfall 13336","country":null,"source_id":"meijer-rivers-2021","year":2015,"value":325.12,"unit":"tonnes/year","metric":"Modeled floating macroplastic emissions","original_value":325.12,"original_unit":"metric tons/year","source_row":13336,"estimated":true}},{"type":"Feature","id":"meijer-16799","geometry":{"type":"Point","coordinates":[105.612917,18.985417]},"properties":{"id":"meijer-16799","type":"river-plastic","name":"River outfall 16799","country":null,"source_id":"meijer-rivers-2021","year":2015,"value":324.764,"unit":"tonnes/year","metric":"Modeled floating macroplastic emissions","original_value":324.764,"original_unit":"metric tons/year","source_row":16799,"estimated":true}},{"type":"Feature","id":"meijer-16317","geometry":{"type":"Point","coordinates":[82.24375,16.710417]},"properties":{"id":"meijer-16317","type":"river-plastic","name":"River outfall 16317","country":null,"source_id":"meijer-rivers-2021","year":2015,"value":324.37,"unit":"tonnes/year","metric":"Modeled floating macroplastic emissions","original_value":324.37,"original_unit":"metric tons/year","source_row":16317,"estimated":true}},{"type":"Feature","id":"meijer-14756","geometry":{"type":"Point","coordinates":[79.81375,11.364583]},"properties":{"id":"meijer-14756","type":"river-plastic","name":"River outfall 14756","country":null,"source_id":"meijer-rivers-2021","year":2015,"value":323.913,"unit":"tonnes/year","metric":"Modeled floating macroplastic emissions","original_value":323.913,"original_unit":"metric tons/year","source_row":14756,"estimated":true}},{"type":"Feature","id":"meijer-2863","geometry":{"type":"Point","coordinates":[106.90625,-6.10375]},"properties":{"id":"meijer-2863","type":"river-plastic","name":"River outfall 2863","country":null,"source_id":"meijer-rivers-2021","year":2015,"value":323.831,"unit":"tonnes/year","metric":"Modeled floating macroplastic emissions","original_value":323.831,"original_unit":"metric tons/year","source_row":2863,"estimated":true}},{"type":"Feature","id":"meijer-15079","geometry":{"type":"Point","coordinates":[98.600417,12.42625]},"properties":{"id":"meijer-15079","type":"river-plastic","name":"River outfall 15079","country":null,"source_id":"meijer-rivers-2021","year":2015,"value":323.651,"unit":"tonnes/year","metric":"Modeled floating macroplastic emissions","original_value":323.651,"original_unit":"metric tons/year","source_row":15079,"estimated":true}},{"type":"Feature","id":"meijer-14972","geometry":{"type":"Point","coordinates":[75.150417,12.129583]},"properties":{"id":"meijer-14972","type":"river-plastic","name":"River outfall 14972","country":null,"source_id":"meijer-rivers-2021","year":2015,"value":323.358,"unit":"tonnes/year","metric":"Modeled floating macroplastic emissions","original_value":323.358,"original_unit":"metric tons/year","source_row":14972,"estimated":true}},{"type":"Feature","id":"meijer-2353","geometry":{"type":"Point","coordinates":[106.547917,-7.02875]},"properties":{"id":"meijer-2353","type":"river-plastic","name":"River outfall 2353","country":null,"source_id":"meijer-rivers-2021","year":2015,"value":323.224,"unit":"tonnes/year","metric":"Modeled floating macroplastic emissions","original_value":323.224,"original_unit":"metric tons/year","source_row":2353,"estimated":true}},{"type":"Feature","id":"meijer-10971","geometry":{"type":"Point","coordinates":[122.450833,11.610417]},"properties":{"id":"meijer-10971","type":"river-plastic","name":"River outfall 10971","country":null,"source_id":"meijer-rivers-2021","year":2015,"value":322.568,"unit":"tonnes/year","metric":"Modeled floating macroplastic emissions","original_value":322.568,"original_unit":"metric tons/year","source_row":10971,"estimated":true}},{"type":"Feature","id":"meijer-15562","geometry":{"type":"Point","coordinates":[97.817917,15.20875]},"properties":{"id":"meijer-15562","type":"river-plastic","name":"River outfall 15562","country":null,"source_id":"meijer-rivers-2021","year":2015,"value":321.406,"unit":"tonnes/year","metric":"Modeled floating macroplastic emissions","original_value":321.406,"original_unit":"metric tons/year","source_row":15562,"estimated":true}},{"type":"Feature","id":"meijer-8624","geometry":{"type":"Point","coordinates":[122.05625,6.91125]},"properties":{"id":"meijer-8624","type":"river-plastic","name":"River outfall 8624","country":null,"source_id":"meijer-rivers-2021","year":2015,"value":321.251,"unit":"tonnes/year","metric":"Modeled floating macroplastic emissions","original_value":321.251,"original_unit":"metric tons/year","source_row":8624,"estimated":true}},{"type":"Feature","id":"meijer-12150","geometry":{"type":"Point","coordinates":[121.039583,13.763333]},"properties":{"id":"meijer-12150","type":"river-plastic","name":"River outfall 12150","country":null,"source_id":"meijer-rivers-2021","year":2015,"value":319.553,"unit":"tonnes/year","metric":"Modeled floating macroplastic emissions","original_value":319.553,"original_unit":"metric tons/year","source_row":12150,"estimated":true}},{"type":"Feature","id":"meijer-29503","geometry":{"type":"Point","coordinates":[-71.680417,19.84125]},"properties":{"id":"meijer-29503","type":"river-plastic","name":"River outfall 29503","country":null,"source_id":"meijer-rivers-2021","year":2015,"value":319.49,"unit":"tonnes/year","metric":"Modeled floating macroplastic emissions","original_value":319.49,"original_unit":"metric tons/year","source_row":29503,"estimated":true}},{"type":"Feature","id":"meijer-26005","geometry":{"type":"Point","coordinates":[-43.03375,-22.692917]},"properties":{"id":"meijer-26005","type":"river-plastic","name":"River outfall 26005","country":null,"source_id":"meijer-rivers-2021","year":2015,"value":319.358,"unit":"tonnes/year","metric":"Modeled floating macroplastic emissions","original_value":319.358,"original_unit":"metric tons/year","source_row":26005,"estimated":true}},{"type":"Feature","id":"meijer-16194","geometry":{"type":"Point","coordinates":[73.397917,16.51125]},"properties":{"id":"meijer-16194","type":"river-plastic","name":"River outfall 16194","country":null,"source_id":"meijer-rivers-2021","year":2015,"value":318.716,"unit":"tonnes/year","metric":"Modeled floating macroplastic emissions","original_value":318.716,"original_unit":"metric tons/year","source_row":16194,"estimated":true}},{"type":"Feature","id":"meijer-19081","geometry":{"type":"Point","coordinates":[119.61875,26.24875]},"properties":{"id":"meijer-19081","type":"river-plastic","name":"River outfall 19081","country":null,"source_id":"meijer-rivers-2021","year":2015,"value":317.652,"unit":"tonnes/year","metric":"Modeled floating macroplastic emissions","original_value":317.652,"original_unit":"metric tons/year","source_row":19081,"estimated":true}},{"type":"Feature","id":"meijer-8079","geometry":{"type":"Point","coordinates":[115.470417,5.232917]},"properties":{"id":"meijer-8079","type":"river-plastic","name":"River outfall 8079","country":null,"source_id":"meijer-rivers-2021","year":2015,"value":317.168,"unit":"tonnes/year","metric":"Modeled floating macroplastic emissions","original_value":317.168,"original_unit":"metric tons/year","source_row":8079,"estimated":true}},{"type":"Feature","id":"meijer-18640","geometry":{"type":"Point","coordinates":[90.075,22.647083]},"properties":{"id":"meijer-18640","type":"river-plastic","name":"River outfall 18640","country":null,"source_id":"meijer-rivers-2021","year":2015,"value":315.396,"unit":"tonnes/year","metric":"Modeled floating macroplastic emissions","original_value":315.396,"original_unit":"metric tons/year","source_row":18640,"estimated":true}},{"type":"Feature","id":"meijer-29531","geometry":{"type":"Point","coordinates":[-72.857083,19.94125]},"properties":{"id":"meijer-29531","type":"river-plastic","name":"River outfall 29531","country":null,"source_id":"meijer-rivers-2021","year":2015,"value":313.305,"unit":"tonnes/year","metric":"Modeled floating macroplastic emissions","original_value":313.305,"original_unit":"metric tons/year","source_row":29531,"estimated":true}},{"type":"Feature","id":"meijer-23247","geometry":{"type":"Point","coordinates":[28.50875,40.39125]},"properties":{"id":"meijer-23247","type":"river-plastic","name":"River outfall 23247","country":null,"source_id":"meijer-rivers-2021","year":2015,"value":312.981,"unit":"tonnes/year","metric":"Modeled floating macroplastic emissions","original_value":312.981,"original_unit":"metric tons/year","source_row":23247,"estimated":true}},{"type":"Feature","id":"meijer-15370","geometry":{"type":"Point","coordinates":[74.672917,13.63625]},"properties":{"id":"meijer-15370","type":"river-plastic","name":"River outfall 15370","country":null,"source_id":"meijer-rivers-2021","year":2015,"value":312.603,"unit":"tonnes/year","metric":"Modeled floating macroplastic emissions","original_value":312.603,"original_unit":"metric tons/year","source_row":15370,"estimated":true}},{"type":"Feature","id":"meijer-11163","geometry":{"type":"Point","coordinates":[125.487917,12.032917]},"properties":{"id":"meijer-11163","type":"river-plastic","name":"River outfall 11163","country":null,"source_id":"meijer-rivers-2021","year":2015,"value":311.033,"unit":"tonnes/year","metric":"Modeled floating macroplastic emissions","original_value":311.033,"original_unit":"metric tons/year","source_row":11163,"estimated":true}},{"type":"Feature","id":"meijer-13573","geometry":{"type":"Point","coordinates":[80.552917,5.94375]},"properties":{"id":"meijer-13573","type":"river-plastic","name":"River outfall 13573","country":null,"source_id":"meijer-rivers-2021","year":2015,"value":310.886,"unit":"tonnes/year","metric":"Modeled floating macroplastic emissions","original_value":310.886,"original_unit":"metric tons/year","source_row":13573,"estimated":true}},{"type":"Feature","id":"meijer-27514","geometry":{"type":"Point","coordinates":[-61.500417,10.24625]},"properties":{"id":"meijer-27514","type":"river-plastic","name":"River outfall 27514","country":null,"source_id":"meijer-rivers-2021","year":2015,"value":310.798,"unit":"tonnes/year","metric":"Modeled floating macroplastic emissions","original_value":310.798,"original_unit":"metric tons/year","source_row":27514,"estimated":true}},{"type":"Feature","id":"meijer-16533","geometry":{"type":"Point","coordinates":[83.294583,17.68875]},"properties":{"id":"meijer-16533","type":"river-plastic","name":"River outfall 16533","country":null,"source_id":"meijer-rivers-2021","year":2015,"value":309.32,"unit":"tonnes/year","metric":"Modeled floating macroplastic emissions","original_value":309.32,"original_unit":"metric tons/year","source_row":16533,"estimated":true}},{"type":"Feature","id":"meijer-22387","geometry":{"type":"Point","coordinates":[7.760417,36.88625]},"properties":{"id":"meijer-22387","type":"river-plastic","name":"River outfall 22387","country":null,"source_id":"meijer-rivers-2021","year":2015,"value":308.959,"unit":"tonnes/year","metric":"Modeled floating macroplastic emissions","original_value":308.959,"original_unit":"metric tons/year","source_row":22387,"estimated":true}},{"type":"Feature","id":"meijer-18687","geometry":{"type":"Point","coordinates":[90.414583,22.75125]},"properties":{"id":"meijer-18687","type":"river-plastic","name":"River outfall 18687","country":null,"source_id":"meijer-rivers-2021","year":2015,"value":308.851,"unit":"tonnes/year","metric":"Modeled floating macroplastic emissions","original_value":308.851,"original_unit":"metric tons/year","source_row":18687,"estimated":true}},{"type":"Feature","id":"meijer-9878","geometry":{"type":"Point","coordinates":[124.520417,9.845833]},"properties":{"id":"meijer-9878","type":"river-plastic","name":"River outfall 9878","country":null,"source_id":"meijer-rivers-2021","year":2015,"value":308.836,"unit":"tonnes/year","metric":"Modeled floating macroplastic emissions","original_value":308.836,"original_unit":"metric tons/year","source_row":9878,"estimated":true}},{"type":"Feature","id":"meijer-27636","geometry":{"type":"Point","coordinates":[-61.56125,10.675417]},"properties":{"id":"meijer-27636","type":"river-plastic","name":"River outfall 27636","country":null,"source_id":"meijer-rivers-2021","year":2015,"value":308.762,"unit":"tonnes/year","metric":"Modeled floating macroplastic emissions","original_value":308.762,"original_unit":"metric tons/year","source_row":27636,"estimated":true}},{"type":"Feature","id":"meijer-27362","geometry":{"type":"Point","coordinates":[-71.595417,9.03625]},"properties":{"id":"meijer-27362","type":"river-plastic","name":"River outfall 27362","country":null,"source_id":"meijer-rivers-2021","year":2015,"value":308.749,"unit":"tonnes/year","metric":"Modeled floating macroplastic emissions","original_value":308.749,"original_unit":"metric tons/year","source_row":27362,"estimated":true}},{"type":"Feature","id":"meijer-27433","geometry":{"type":"Point","coordinates":[-71.077083,9.492083]},"properties":{"id":"meijer-27433","type":"river-plastic","name":"River outfall 27433","country":null,"source_id":"meijer-rivers-2021","year":2015,"value":307.768,"unit":"tonnes/year","metric":"Modeled floating macroplastic emissions","original_value":307.768,"original_unit":"metric tons/year","source_row":27433,"estimated":true}},{"type":"Feature","id":"meijer-17632","geometry":{"type":"Point","coordinates":[86.83375,21.20625]},"properties":{"id":"meijer-17632","type":"river-plastic","name":"River outfall 17632","country":null,"source_id":"meijer-rivers-2021","year":2015,"value":307.66,"unit":"tonnes/year","metric":"Modeled floating macroplastic emissions","original_value":307.66,"original_unit":"metric tons/year","source_row":17632,"estimated":true}},{"type":"Feature","id":"meijer-6992","geometry":{"type":"Point","coordinates":[110.47375,1.54375]},"properties":{"id":"meijer-6992","type":"river-plastic","name":"River outfall 6992","country":null,"source_id":"meijer-rivers-2021","year":2015,"value":306.867,"unit":"tonnes/year","metric":"Modeled floating macroplastic emissions","original_value":306.867,"original_unit":"metric tons/year","source_row":6992,"estimated":true}},{"type":"Feature","id":"meijer-2012","geometry":{"type":"Point","coordinates":[108.257083,-7.802083]},"properties":{"id":"meijer-2012","type":"river-plastic","name":"River outfall 2012","country":null,"source_id":"meijer-rivers-2021","year":2015,"value":306.809,"unit":"tonnes/year","metric":"Modeled floating macroplastic emissions","original_value":306.809,"original_unit":"metric tons/year","source_row":2012,"estimated":true}},{"type":"Feature","id":"meijer-13981","geometry":{"type":"Point","coordinates":[100.172083,8.374583]},"properties":{"id":"meijer-13981","type":"river-plastic","name":"River outfall 13981","country":null,"source_id":"meijer-rivers-2021","year":2015,"value":306.651,"unit":"tonnes/year","metric":"Modeled floating macroplastic emissions","original_value":306.651,"original_unit":"metric tons/year","source_row":13981,"estimated":true}},{"type":"Feature","id":"meijer-2599","geometry":{"type":"Point","coordinates":[147.017917,-6.73875]},"properties":{"id":"meijer-2599","type":"river-plastic","name":"River outfall 2599","country":null,"source_id":"meijer-rivers-2021","year":2015,"value":306.243,"unit":"tonnes/year","metric":"Modeled floating macroplastic emissions","original_value":306.243,"original_unit":"metric tons/year","source_row":2599,"estimated":true}},{"type":"Feature","id":"meijer-19183","geometry":{"type":"Point","coordinates":[120.907083,27.994583]},"properties":{"id":"meijer-19183","type":"river-plastic","name":"River outfall 19183","country":null,"source_id":"meijer-rivers-2021","year":2015,"value":305.792,"unit":"tonnes/year","metric":"Modeled floating macroplastic emissions","original_value":305.792,"original_unit":"metric tons/year","source_row":19183,"estimated":true}},{"type":"Feature","id":"meijer-26129","geometry":{"type":"Point","coordinates":[-39.039583,-14.802917]},"properties":{"id":"meijer-26129","type":"river-plastic","name":"River outfall 26129","country":null,"source_id":"meijer-rivers-2021","year":2015,"value":305.146,"unit":"tonnes/year","metric":"Modeled floating macroplastic emissions","original_value":305.146,"original_unit":"metric tons/year","source_row":26129,"estimated":true}},{"type":"Feature","id":"meijer-22083","geometry":{"type":"Point","coordinates":[-16.705417,13.462083]},"properties":{"id":"meijer-22083","type":"river-plastic","name":"River outfall 22083","country":null,"source_id":"meijer-rivers-2021","year":2015,"value":304.922,"unit":"tonnes/year","metric":"Modeled floating macroplastic emissions","original_value":304.922,"original_unit":"metric tons/year","source_row":22083,"estimated":true}},{"type":"Feature","id":"meijer-19405","geometry":{"type":"Point","coordinates":[120.237083,31.930417]},"properties":{"id":"meijer-19405","type":"river-plastic","name":"River outfall 19405","country":null,"source_id":"meijer-rivers-2021","year":2015,"value":303.644,"unit":"tonnes/year","metric":"Modeled floating macroplastic emissions","original_value":303.644,"original_unit":"metric tons/year","source_row":19405,"estimated":true}},{"type":"Feature","id":"meijer-13531","geometry":{"type":"Point","coordinates":[100.40625,5.340417]},"properties":{"id":"meijer-13531","type":"river-plastic","name":"River outfall 13531","country":null,"source_id":"meijer-rivers-2021","year":2015,"value":303.43,"unit":"tonnes/year","metric":"Modeled floating macroplastic emissions","original_value":303.43,"original_unit":"metric tons/year","source_row":13531,"estimated":true}},{"type":"Feature","id":"meijer-25996","geometry":{"type":"Point","coordinates":[-43.2675,-22.82125]},"properties":{"id":"meijer-25996","type":"river-plastic","name":"River outfall 25996","country":null,"source_id":"meijer-rivers-2021","year":2015,"value":302.578,"unit":"tonnes/year","metric":"Modeled floating macroplastic emissions","original_value":302.578,"original_unit":"metric tons/year","source_row":25996,"estimated":true}},{"type":"Feature","id":"meijer-14536","geometry":{"type":"Point","coordinates":[107.025417,10.539583]},"properties":{"id":"meijer-14536","type":"river-plastic","name":"River outfall 14536","country":null,"source_id":"meijer-rivers-2021","year":2015,"value":302.548,"unit":"tonnes/year","metric":"Modeled floating macroplastic emissions","original_value":302.548,"original_unit":"metric tons/year","source_row":14536,"estimated":true}},{"type":"Feature","id":"meijer-8556","geometry":{"type":"Point","coordinates":[125.377917,6.73375]},"properties":{"id":"meijer-8556","type":"river-plastic","name":"River outfall 8556","country":null,"source_id":"meijer-rivers-2021","year":2015,"value":302.255,"unit":"tonnes/year","metric":"Modeled floating macroplastic emissions","original_value":302.255,"original_unit":"metric tons/year","source_row":8556,"estimated":true}},{"type":"Feature","id":"meijer-6906","geometry":{"type":"Point","coordinates":[110.65125,1.399583]},"properties":{"id":"meijer-6906","type":"river-plastic","name":"River outfall 6906","country":null,"source_id":"meijer-rivers-2021","year":2015,"value":302.092,"unit":"tonnes/year","metric":"Modeled floating macroplastic emissions","original_value":302.092,"original_unit":"metric tons/year","source_row":6906,"estimated":true}},{"type":"Feature","id":"meijer-16346","geometry":{"type":"Point","coordinates":[96.120417,16.794583]},"properties":{"id":"meijer-16346","type":"river-plastic","name":"River outfall 16346","country":null,"source_id":"meijer-rivers-2021","year":2015,"value":302.029,"unit":"tonnes/year","metric":"Modeled floating macroplastic emissions","original_value":302.029,"original_unit":"metric tons/year","source_row":16346,"estimated":true}},{"type":"Feature","id":"meijer-6905","geometry":{"type":"Point","coordinates":[110.655,1.39875]},"properties":{"id":"meijer-6905","type":"river-plastic","name":"River outfall 6905","country":null,"source_id":"meijer-rivers-2021","year":2015,"value":301.931,"unit":"tonnes/year","metric":"Modeled floating macroplastic emissions","original_value":301.931,"original_unit":"metric tons/year","source_row":6905,"estimated":true}},{"type":"Feature","id":"meijer-8960","geometry":{"type":"Point","coordinates":[122.61375,7.765417]},"properties":{"id":"meijer-8960","type":"river-plastic","name":"River outfall 8960","country":null,"source_id":"meijer-rivers-2021","year":2015,"value":301.818,"unit":"tonnes/year","metric":"Modeled floating macroplastic emissions","original_value":301.818,"original_unit":"metric tons/year","source_row":8960,"estimated":true}},{"type":"Feature","id":"meijer-9580","geometry":{"type":"Point","coordinates":[126.01875,9.267917]},"properties":{"id":"meijer-9580","type":"river-plastic","name":"River outfall 9580","country":null,"source_id":"meijer-rivers-2021","year":2015,"value":301.434,"unit":"tonnes/year","metric":"Modeled floating macroplastic emissions","original_value":301.434,"original_unit":"metric tons/year","source_row":9580,"estimated":true}},{"type":"Feature","id":"meijer-8987","geometry":{"type":"Point","coordinates":[123.579583,7.847083]},"properties":{"id":"meijer-8987","type":"river-plastic","name":"River outfall 8987","country":null,"source_id":"meijer-rivers-2021","year":2015,"value":301.25,"unit":"tonnes/year","metric":"Modeled floating macroplastic emissions","original_value":301.25,"original_unit":"metric tons/year","source_row":8987,"estimated":true}},{"type":"Feature","id":"meijer-15838","geometry":{"type":"Point","coordinates":[73.464583,16.097917]},"properties":{"id":"meijer-15838","type":"river-plastic","name":"River outfall 15838","country":null,"source_id":"meijer-rivers-2021","year":2015,"value":300.875,"unit":"tonnes/year","metric":"Modeled floating macroplastic emissions","original_value":300.875,"original_unit":"metric tons/year","source_row":15838,"estimated":true}},{"type":"Feature","id":"meijer-23415","geometry":{"type":"Point","coordinates":[28.857917,40.974583]},"properties":{"id":"meijer-23415","type":"river-plastic","name":"River outfall 23415","country":null,"source_id":"meijer-rivers-2021","year":2015,"value":300.657,"unit":"tonnes/year","metric":"Modeled floating macroplastic emissions","original_value":300.657,"original_unit":"metric tons/year","source_row":23415,"estimated":true}},{"type":"Feature","id":"meijer-13532","geometry":{"type":"Point","coordinates":[100.31125,5.34125]},"properties":{"id":"meijer-13532","type":"river-plastic","name":"River outfall 13532","country":null,"source_id":"meijer-rivers-2021","year":2015,"value":299.322,"unit":"tonnes/year","metric":"Modeled floating macroplastic emissions","original_value":299.322,"original_unit":"metric tons/year","source_row":13532,"estimated":true}},{"type":"Feature","id":"meijer-14856","geometry":{"type":"Point","coordinates":[79.79125,11.75875]},"properties":{"id":"meijer-14856","type":"river-plastic","name":"River outfall 14856","country":null,"source_id":"meijer-rivers-2021","year":2015,"value":297.859,"unit":"tonnes/year","metric":"Modeled floating macroplastic emissions","original_value":297.859,"original_unit":"metric tons/year","source_row":14856,"estimated":true}},{"type":"Feature","id":"meijer-14336","geometry":{"type":"Point","coordinates":[76.31875,9.870833]},"properties":{"id":"meijer-14336","type":"river-plastic","name":"River outfall 14336","country":null,"source_id":"meijer-rivers-2021","year":2015,"value":297.567,"unit":"tonnes/year","metric":"Modeled floating macroplastic emissions","original_value":297.567,"original_unit":"metric tons/year","source_row":14336,"estimated":true}},{"type":"Feature","id":"meijer-10418","geometry":{"type":"Point","coordinates":[122.372083,10.67125]},"properties":{"id":"meijer-10418","type":"river-plastic","name":"River outfall 10418","country":null,"source_id":"meijer-rivers-2021","year":2015,"value":297.088,"unit":"tonnes/year","metric":"Modeled floating macroplastic emissions","original_value":297.088,"original_unit":"metric tons/year","source_row":10418,"estimated":true}},{"type":"Feature","id":"meijer-27353","geometry":{"type":"Point","coordinates":[-79.480417,9.007083]},"properties":{"id":"meijer-27353","type":"river-plastic","name":"River outfall 27353","country":null,"source_id":"meijer-rivers-2021","year":2015,"value":296.512,"unit":"tonnes/year","metric":"Modeled floating macroplastic emissions","original_value":296.512,"original_unit":"metric tons/year","source_row":27353,"estimated":true}},{"type":"Feature","id":"meijer-28005","geometry":{"type":"Point","coordinates":[-79.480417,9.007083]},"properties":{"id":"meijer-28005","type":"river-plastic","name":"River outfall 28005","country":null,"source_id":"meijer-rivers-2021","year":2015,"value":296.512,"unit":"tonnes/year","metric":"Modeled floating macroplastic emissions","original_value":296.512,"original_unit":"metric tons/year","source_row":28005,"estimated":true}},{"type":"Feature","id":"meijer-14169","geometry":{"type":"Point","coordinates":[78.83375,9.245833]},"properties":{"id":"meijer-14169","type":"river-plastic","name":"River outfall 14169","country":null,"source_id":"meijer-rivers-2021","year":2015,"value":296.13,"unit":"tonnes/year","metric":"Modeled floating macroplastic emissions","original_value":296.13,"original_unit":"metric tons/year","source_row":14169,"estimated":true}},{"type":"Feature","id":"meijer-11083","geometry":{"type":"Point","coordinates":[122.15125,11.825417]},"properties":{"id":"meijer-11083","type":"river-plastic","name":"River outfall 11083","country":null,"source_id":"meijer-rivers-2021","year":2015,"value":293.913,"unit":"tonnes/year","metric":"Modeled floating macroplastic emissions","original_value":293.913,"original_unit":"metric tons/year","source_row":11083,"estimated":true}},{"type":"Feature","id":"meijer-26504","geometry":{"type":"Point","coordinates":[-44.292083,-2.52125]},"properties":{"id":"meijer-26504","type":"river-plastic","name":"River outfall 26504","country":null,"source_id":"meijer-rivers-2021","year":2015,"value":293.891,"unit":"tonnes/year","metric":"Modeled floating macroplastic emissions","original_value":293.891,"original_unit":"metric tons/year","source_row":26504,"estimated":true}},{"type":"Feature","id":"meijer-13659","geometry":{"type":"Point","coordinates":[101.83125,6.445]},"properties":{"id":"meijer-13659","type":"river-plastic","name":"River outfall 13659","country":null,"source_id":"meijer-rivers-2021","year":2015,"value":293.694,"unit":"tonnes/year","metric":"Modeled floating macroplastic emissions","original_value":293.694,"original_unit":"metric tons/year","source_row":13659,"estimated":true}},{"type":"Feature","id":"meijer-13020","geometry":{"type":"Point","coordinates":[120.437917,17.087917]},"properties":{"id":"meijer-13020","type":"river-plastic","name":"River outfall 13020","country":null,"source_id":"meijer-rivers-2021","year":2015,"value":292.909,"unit":"tonnes/year","metric":"Modeled floating macroplastic emissions","original_value":292.909,"original_unit":"metric tons/year","source_row":13020,"estimated":true}},{"type":"Feature","id":"meijer-9598","geometry":{"type":"Point","coordinates":[125.992917,9.304583]},"properties":{"id":"meijer-9598","type":"river-plastic","name":"River outfall 9598","country":null,"source_id":"meijer-rivers-2021","year":2015,"value":289.705,"unit":"tonnes/year","metric":"Modeled floating macroplastic emissions","original_value":289.705,"original_unit":"metric tons/year","source_row":9598,"estimated":true}},{"type":"Feature","id":"meijer-11063","geometry":{"type":"Point","coordinates":[124.87875,11.779583]},"properties":{"id":"meijer-11063","type":"river-plastic","name":"River outfall 11063","country":null,"source_id":"meijer-rivers-2021","year":2015,"value":289.156,"unit":"tonnes/year","metric":"Modeled floating macroplastic emissions","original_value":289.156,"original_unit":"metric tons/year","source_row":11063,"estimated":true}},{"type":"Feature","id":"meijer-11676","geometry":{"type":"Point","coordinates":[124.009583,12.969583]},"properties":{"id":"meijer-11676","type":"river-plastic","name":"River outfall 11676","country":null,"source_id":"meijer-rivers-2021","year":2015,"value":288.554,"unit":"tonnes/year","metric":"Modeled floating macroplastic emissions","original_value":288.554,"original_unit":"metric tons/year","source_row":11676,"estimated":true}},{"type":"Feature","id":"meijer-8388","geometry":{"type":"Point","coordinates":[125.195417,6.102083]},"properties":{"id":"meijer-8388","type":"river-plastic","name":"River outfall 8388","country":null,"source_id":"meijer-rivers-2021","year":2015,"value":288.1,"unit":"tonnes/year","metric":"Modeled floating macroplastic emissions","original_value":288.1,"original_unit":"metric tons/year","source_row":8388,"estimated":true}},{"type":"Feature","id":"meijer-14772","geometry":{"type":"Point","coordinates":[79.767917,11.489583]},"properties":{"id":"meijer-14772","type":"river-plastic","name":"River outfall 14772","country":null,"source_id":"meijer-rivers-2021","year":2015,"value":287.762,"unit":"tonnes/year","metric":"Modeled floating macroplastic emissions","original_value":287.762,"original_unit":"metric tons/year","source_row":14772,"estimated":true}},{"type":"Feature","id":"meijer-16643","geometry":{"type":"Point","coordinates":[84.129167,18.34625]},"properties":{"id":"meijer-16643","type":"river-plastic","name":"River outfall 16643","country":null,"source_id":"meijer-rivers-2021","year":2015,"value":287.461,"unit":"tonnes/year","metric":"Modeled floating macroplastic emissions","original_value":287.461,"original_unit":"metric tons/year","source_row":16643,"estimated":true}},{"type":"Feature","id":"meijer-16020","geometry":{"type":"Point","coordinates":[95.388333,16.26875]},"properties":{"id":"meijer-16020","type":"river-plastic","name":"River outfall 16020","country":null,"source_id":"meijer-rivers-2021","year":2015,"value":286.361,"unit":"tonnes/year","metric":"Modeled floating macroplastic emissions","original_value":286.361,"original_unit":"metric tons/year","source_row":16020,"estimated":true}},{"type":"Feature","id":"meijer-11338","geometry":{"type":"Point","coordinates":[121.07375,12.347083]},"properties":{"id":"meijer-11338","type":"river-plastic","name":"River outfall 11338","country":null,"source_id":"meijer-rivers-2021","year":2015,"value":286.149,"unit":"tonnes/year","metric":"Modeled floating macroplastic emissions","original_value":286.149,"original_unit":"metric tons/year","source_row":11338,"estimated":true}},{"type":"Feature","id":"meijer-2341","geometry":{"type":"Point","coordinates":[112.63125,-7.074583]},"properties":{"id":"meijer-2341","type":"river-plastic","name":"River outfall 2341","country":null,"source_id":"meijer-rivers-2021","year":2015,"value":284.924,"unit":"tonnes/year","metric":"Modeled floating macroplastic emissions","original_value":284.924,"original_unit":"metric tons/year","source_row":2341,"estimated":true}},{"type":"Feature","id":"meijer-2562","geometry":{"type":"Point","coordinates":[109.01125,-6.794583]},"properties":{"id":"meijer-2562","type":"river-plastic","name":"River outfall 2562","country":null,"source_id":"meijer-rivers-2021","year":2015,"value":284.913,"unit":"tonnes/year","metric":"Modeled floating macroplastic emissions","original_value":284.913,"original_unit":"metric tons/year","source_row":2562,"estimated":true}},{"type":"Feature","id":"meijer-28813","geometry":{"type":"Point","coordinates":[-77.362917,17.84125]},"properties":{"id":"meijer-28813","type":"river-plastic","name":"River outfall 28813","country":null,"source_id":"meijer-rivers-2021","year":2015,"value":284.149,"unit":"tonnes/year","metric":"Modeled floating macroplastic emissions","original_value":284.149,"original_unit":"metric tons/year","source_row":28813,"estimated":true}},{"type":"Feature","id":"meijer-13533","geometry":{"type":"Point","coordinates":[100.383212,5.362378]},"properties":{"id":"meijer-13533","type":"river-plastic","name":"River outfall 13533","country":null,"source_id":"meijer-rivers-2021","year":2015,"value":284.13,"unit":"tonnes/year","metric":"Modeled floating macroplastic emissions","original_value":284.13,"original_unit":"metric tons/year","source_row":13533,"estimated":true}},{"type":"Feature","id":"meijer-11731","geometry":{"type":"Point","coordinates":[123.75875,13.065417]},"properties":{"id":"meijer-11731","type":"river-plastic","name":"River outfall 11731","country":null,"source_id":"meijer-rivers-2021","year":2015,"value":284.09,"unit":"tonnes/year","metric":"Modeled floating macroplastic emissions","original_value":284.09,"original_unit":"metric tons/year","source_row":11731,"estimated":true}},{"type":"Feature","id":"meijer-16611","geometry":{"type":"Point","coordinates":[109.497083,18.235417]},"properties":{"id":"meijer-16611","type":"river-plastic","name":"River outfall 16611","country":null,"source_id":"meijer-rivers-2021","year":2015,"value":283.734,"unit":"tonnes/year","metric":"Modeled floating macroplastic emissions","original_value":283.734,"original_unit":"metric tons/year","source_row":16611,"estimated":true}},{"type":"Feature","id":"meijer-6975","geometry":{"type":"Point","coordinates":[124.841667,1.499583]},"properties":{"id":"meijer-6975","type":"river-plastic","name":"River outfall 6975","country":null,"source_id":"meijer-rivers-2021","year":2015,"value":283.419,"unit":"tonnes/year","metric":"Modeled floating macroplastic emissions","original_value":283.419,"original_unit":"metric tons/year","source_row":6975,"estimated":true}},{"type":"Feature","id":"meijer-2949","geometry":{"type":"Point","coordinates":[106.257917,-5.955833]},"properties":{"id":"meijer-2949","type":"river-plastic","name":"River outfall 2949","country":null,"source_id":"meijer-rivers-2021","year":2015,"value":282.809,"unit":"tonnes/year","metric":"Modeled floating macroplastic emissions","original_value":282.809,"original_unit":"metric tons/year","source_row":2949,"estimated":true}},{"type":"Feature","id":"meijer-20830","geometry":{"type":"Point","coordinates":[38.973333,-5.430417]},"properties":{"id":"meijer-20830","type":"river-plastic","name":"River outfall 20830","country":null,"source_id":"meijer-rivers-2021","year":2015,"value":282.481,"unit":"tonnes/year","metric":"Modeled floating macroplastic emissions","original_value":282.481,"original_unit":"metric tons/year","source_row":20830,"estimated":true}},{"type":"Feature","id":"meijer-15123","geometry":{"type":"Point","coordinates":[102.08625,12.535417]},"properties":{"id":"meijer-15123","type":"river-plastic","name":"River outfall 15123","country":null,"source_id":"meijer-rivers-2021","year":2015,"value":281.865,"unit":"tonnes/year","metric":"Modeled floating macroplastic emissions","original_value":281.865,"original_unit":"metric tons/year","source_row":15123,"estimated":true}},{"type":"Feature","id":"meijer-22338","geometry":{"type":"Point","coordinates":[2.804583,36.697083]},"properties":{"id":"meijer-22338","type":"river-plastic","name":"River outfall 22338","country":null,"source_id":"meijer-rivers-2021","year":2015,"value":281.027,"unit":"tonnes/year","metric":"Modeled floating macroplastic emissions","original_value":281.027,"original_unit":"metric tons/year","source_row":22338,"estimated":true}},{"type":"Feature","id":"meijer-26025","geometry":{"type":"Point","coordinates":[-41.04125,-21.620417]},"properties":{"id":"meijer-26025","type":"river-plastic","name":"River outfall 26025","country":null,"source_id":"meijer-rivers-2021","year":2015,"value":280.488,"unit":"tonnes/year","metric":"Modeled floating macroplastic emissions","original_value":280.488,"original_unit":"metric tons/year","source_row":26025,"estimated":true}},{"type":"Feature","id":"meijer-15097","geometry":{"type":"Point","coordinates":[74.988333,12.475417]},"properties":{"id":"meijer-15097","type":"river-plastic","name":"River outfall 15097","country":null,"source_id":"meijer-rivers-2021","year":2015,"value":280.197,"unit":"tonnes/year","metric":"Modeled floating macroplastic emissions","original_value":280.197,"original_unit":"metric tons/year","source_row":15097,"estimated":true}},{"type":"Feature","id":"meijer-18494","geometry":{"type":"Point","coordinates":[113.080417,22.465]},"properties":{"id":"meijer-18494","type":"river-plastic","name":"River outfall 18494","country":null,"source_id":"meijer-rivers-2021","year":2015,"value":280.094,"unit":"tonnes/year","metric":"Modeled floating macroplastic emissions","original_value":280.094,"original_unit":"metric tons/year","source_row":18494,"estimated":true}},{"type":"Feature","id":"meijer-13003","geometry":{"type":"Point","coordinates":[120.340417,16.719583]},"properties":{"id":"meijer-13003","type":"river-plastic","name":"River outfall 13003","country":null,"source_id":"meijer-rivers-2021","year":2015,"value":279.885,"unit":"tonnes/year","metric":"Modeled floating macroplastic emissions","original_value":279.885,"original_unit":"metric tons/year","source_row":13003,"estimated":true}},{"type":"Feature","id":"meijer-21515","geometry":{"type":"Point","coordinates":[-3.277917,5.15125]},"properties":{"id":"meijer-21515","type":"river-plastic","name":"River outfall 21515","country":null,"source_id":"meijer-rivers-2021","year":2015,"value":279.57,"unit":"tonnes/year","metric":"Modeled floating macroplastic emissions","original_value":279.57,"original_unit":"metric tons/year","source_row":21515,"estimated":true}},{"type":"Feature","id":"meijer-19415","geometry":{"type":"Point","coordinates":[120.805417,32.017917]},"properties":{"id":"meijer-19415","type":"river-plastic","name":"River outfall 19415","country":null,"source_id":"meijer-rivers-2021","year":2015,"value":279.384,"unit":"tonnes/year","metric":"Modeled floating macroplastic emissions","original_value":279.384,"original_unit":"metric tons/year","source_row":19415,"estimated":true}},{"type":"Feature","id":"meijer-9016","geometry":{"type":"Point","coordinates":[123.755417,8.009583]},"properties":{"id":"meijer-9016","type":"river-plastic","name":"River outfall 9016","country":null,"source_id":"meijer-rivers-2021","year":2015,"value":279.32,"unit":"tonnes/year","metric":"Modeled floating macroplastic emissions","original_value":279.32,"original_unit":"metric tons/year","source_row":9016,"estimated":true}},{"type":"Feature","id":"meijer-21837","geometry":{"type":"Point","coordinates":[-13.140417,8.91875]},"properties":{"id":"meijer-21837","type":"river-plastic","name":"River outfall 21837","country":null,"source_id":"meijer-rivers-2021","year":2015,"value":278.836,"unit":"tonnes/year","metric":"Modeled floating macroplastic emissions","original_value":278.836,"original_unit":"metric tons/year","source_row":21837,"estimated":true}},{"type":"Feature","id":"meijer-22254","geometry":{"type":"Point","coordinates":[-6.652083,34.270417]},"properties":{"id":"meijer-22254","type":"river-plastic","name":"River outfall 22254","country":null,"source_id":"meijer-rivers-2021","year":2015,"value":278.782,"unit":"tonnes/year","metric":"Modeled floating macroplastic emissions","original_value":278.782,"original_unit":"metric tons/year","source_row":22254,"estimated":true}},{"type":"Feature","id":"meijer-22400","geometry":{"type":"Point","coordinates":[3.855417,36.91125]},"properties":{"id":"meijer-22400","type":"river-plastic","name":"River outfall 22400","country":null,"source_id":"meijer-rivers-2021","year":2015,"value":278.518,"unit":"tonnes/year","metric":"Modeled floating macroplastic emissions","original_value":278.518,"original_unit":"metric tons/year","source_row":22400,"estimated":true}},{"type":"Feature","id":"meijer-27349","geometry":{"type":"Point","coordinates":[-79.505833,8.9825]},"properties":{"id":"meijer-27349","type":"river-plastic","name":"River outfall 27349","country":null,"source_id":"meijer-rivers-2021","year":2015,"value":278.377,"unit":"tonnes/year","metric":"Modeled floating macroplastic emissions","original_value":278.377,"original_unit":"metric tons/year","source_row":27349,"estimated":true}},{"type":"Feature","id":"meijer-27999","geometry":{"type":"Point","coordinates":[-79.505833,8.9825]},"properties":{"id":"meijer-27999","type":"river-plastic","name":"River outfall 27999","country":null,"source_id":"meijer-rivers-2021","year":2015,"value":278.377,"unit":"tonnes/year","metric":"Modeled floating macroplastic emissions","original_value":278.377,"original_unit":"metric tons/year","source_row":27999,"estimated":true}},{"type":"Feature","id":"meijer-21665","geometry":{"type":"Point","coordinates":[4.767119,6.112606]},"properties":{"id":"meijer-21665","type":"river-plastic","name":"River outfall 21665","country":null,"source_id":"meijer-rivers-2021","year":2015,"value":278.066,"unit":"tonnes/year","metric":"Modeled floating macroplastic emissions","original_value":278.066,"original_unit":"metric tons/year","source_row":21665,"estimated":true}},{"type":"Feature","id":"meijer-10728","geometry":{"type":"Point","coordinates":[123.09625,11.16375]},"properties":{"id":"meijer-10728","type":"river-plastic","name":"River outfall 10728","country":null,"source_id":"meijer-rivers-2021","year":2015,"value":277.953,"unit":"tonnes/year","metric":"Modeled floating macroplastic emissions","original_value":277.953,"original_unit":"metric tons/year","source_row":10728,"estimated":true}},{"type":"Feature","id":"meijer-2251","geometry":{"type":"Point","coordinates":[106.680417,-7.420417]},"properties":{"id":"meijer-2251","type":"river-plastic","name":"River outfall 2251","country":null,"source_id":"meijer-rivers-2021","year":2015,"value":277.788,"unit":"tonnes/year","metric":"Modeled floating macroplastic emissions","original_value":277.788,"original_unit":"metric tons/year","source_row":2251,"estimated":true}},{"type":"Feature","id":"meijer-10609","geometry":{"type":"Point","coordinates":[123.30875,10.959167]},"properties":{"id":"meijer-10609","type":"river-plastic","name":"River outfall 10609","country":null,"source_id":"meijer-rivers-2021","year":2015,"value":277.678,"unit":"tonnes/year","metric":"Modeled floating macroplastic emissions","original_value":277.678,"original_unit":"metric tons/year","source_row":10609,"estimated":true}},{"type":"Feature","id":"meijer-16865","geometry":{"type":"Point","coordinates":[72.835417,19.250417]},"properties":{"id":"meijer-16865","type":"river-plastic","name":"River outfall 16865","country":null,"source_id":"meijer-rivers-2021","year":2015,"value":277.647,"unit":"tonnes/year","metric":"Modeled floating macroplastic emissions","original_value":277.647,"original_unit":"metric tons/year","source_row":16865,"estimated":true}},{"type":"Feature","id":"meijer-10078","geometry":{"type":"Point","coordinates":[124.85125,10.131667]},"properties":{"id":"meijer-10078","type":"river-plastic","name":"River outfall 10078","country":null,"source_id":"meijer-rivers-2021","year":2015,"value":276.641,"unit":"tonnes/year","metric":"Modeled floating macroplastic emissions","original_value":276.641,"original_unit":"metric tons/year","source_row":10078,"estimated":true}},{"type":"Feature","id":"meijer-16409","geometry":{"type":"Point","coordinates":[73.316667,16.960417]},"properties":{"id":"meijer-16409","type":"river-plastic","name":"River outfall 16409","country":null,"source_id":"meijer-rivers-2021","year":2015,"value":276.077,"unit":"tonnes/year","metric":"Modeled floating macroplastic emissions","original_value":276.077,"original_unit":"metric tons/year","source_row":16409,"estimated":true}},{"type":"Feature","id":"meijer-8725","geometry":{"type":"Point","coordinates":[124.037917,7.104583]},"properties":{"id":"meijer-8725","type":"river-plastic","name":"River outfall 8725","country":null,"source_id":"meijer-rivers-2021","year":2015,"value":275.952,"unit":"tonnes/year","metric":"Modeled floating macroplastic emissions","original_value":275.952,"original_unit":"metric tons/year","source_row":8725,"estimated":true}},{"type":"Feature","id":"meijer-13514","geometry":{"type":"Point","coordinates":[103.207917,5.20125]},"properties":{"id":"meijer-13514","type":"river-plastic","name":"River outfall 13514","country":null,"source_id":"meijer-rivers-2021","year":2015,"value":275.525,"unit":"tonnes/year","metric":"Modeled floating macroplastic emissions","original_value":275.525,"original_unit":"metric tons/year","source_row":13514,"estimated":true}},{"type":"Feature","id":"meijer-29236","geometry":{"type":"Point","coordinates":[-72.3575,18.537083]},"properties":{"id":"meijer-29236","type":"river-plastic","name":"River outfall 29236","country":null,"source_id":"meijer-rivers-2021","year":2015,"value":275.34,"unit":"tonnes/year","metric":"Modeled floating macroplastic emissions","original_value":275.34,"original_unit":"metric tons/year","source_row":29236,"estimated":true}},{"type":"Feature","id":"meijer-9415","geometry":{"type":"Point","coordinates":[125.389583,8.982917]},"properties":{"id":"meijer-9415","type":"river-plastic","name":"River outfall 9415","country":null,"source_id":"meijer-rivers-2021","year":2015,"value":275.247,"unit":"tonnes/year","metric":"Modeled floating macroplastic emissions","original_value":275.247,"original_unit":"metric tons/year","source_row":9415,"estimated":true}},{"type":"Feature","id":"meijer-23414","geometry":{"type":"Point","coordinates":[28.849583,40.974583]},"properties":{"id":"meijer-23414","type":"river-plastic","name":"River outfall 23414","country":null,"source_id":"meijer-rivers-2021","year":2015,"value":274.452,"unit":"tonnes/year","metric":"Modeled floating macroplastic emissions","original_value":274.452,"original_unit":"metric tons/year","source_row":23414,"estimated":true}},{"type":"Feature","id":"meijer-9462","geometry":{"type":"Point","coordinates":[125.535417,9.07375]},"properties":{"id":"meijer-9462","type":"river-plastic","name":"River outfall 9462","country":null,"source_id":"meijer-rivers-2021","year":2015,"value":274.237,"unit":"tonnes/year","metric":"Modeled floating macroplastic emissions","original_value":274.237,"original_unit":"metric tons/year","source_row":9462,"estimated":true}},{"type":"Feature","id":"meijer-17739","geometry":{"type":"Point","coordinates":[92.000417,21.50875]},"properties":{"id":"meijer-17739","type":"river-plastic","name":"River outfall 17739","country":null,"source_id":"meijer-rivers-2021","year":2015,"value":273.632,"unit":"tonnes/year","metric":"Modeled floating macroplastic emissions","original_value":273.632,"original_unit":"metric tons/year","source_row":17739,"estimated":true}},{"type":"Feature","id":"meijer-10968","geometry":{"type":"Point","coordinates":[122.73625,11.607083]},"properties":{"id":"meijer-10968","type":"river-plastic","name":"River outfall 10968","country":null,"source_id":"meijer-rivers-2021","year":2015,"value":273.247,"unit":"tonnes/year","metric":"Modeled floating macroplastic emissions","original_value":273.247,"original_unit":"metric tons/year","source_row":10968,"estimated":true}},{"type":"Feature","id":"meijer-10389","geometry":{"type":"Point","coordinates":[122.242917,10.636667]},"properties":{"id":"meijer-10389","type":"river-plastic","name":"River outfall 10389","country":null,"source_id":"meijer-rivers-2021","year":2015,"value":272.537,"unit":"tonnes/year","metric":"Modeled floating macroplastic emissions","original_value":272.537,"original_unit":"metric tons/year","source_row":10389,"estimated":true}},{"type":"Feature","id":"meijer-29080","geometry":{"type":"Point","coordinates":[-70.054583,18.370417]},"properties":{"id":"meijer-29080","type":"river-plastic","name":"River outfall 29080","country":null,"source_id":"meijer-rivers-2021","year":2015,"value":272.263,"unit":"tonnes/year","metric":"Modeled floating macroplastic emissions","original_value":272.263,"original_unit":"metric tons/year","source_row":29080,"estimated":true}},{"type":"Feature","id":"meijer-17127","geometry":{"type":"Point","coordinates":[106.032083,19.960417]},"properties":{"id":"meijer-17127","type":"river-plastic","name":"River outfall 17127","country":null,"source_id":"meijer-rivers-2021","year":2015,"value":272.074,"unit":"tonnes/year","metric":"Modeled floating macroplastic emissions","original_value":272.074,"original_unit":"metric tons/year","source_row":17127,"estimated":true}},{"type":"Feature","id":"meijer-18779","geometry":{"type":"Point","coordinates":[115.315417,22.88125]},"properties":{"id":"meijer-18779","type":"river-plastic","name":"River outfall 18779","country":null,"source_id":"meijer-rivers-2021","year":2015,"value":271.798,"unit":"tonnes/year","metric":"Modeled floating macroplastic emissions","original_value":271.798,"original_unit":"metric tons/year","source_row":18779,"estimated":true}},{"type":"Feature","id":"meijer-17175","geometry":{"type":"Point","coordinates":[110.307083,20.039583]},"properties":{"id":"meijer-17175","type":"river-plastic","name":"River outfall 17175","country":null,"source_id":"meijer-rivers-2021","year":2015,"value":271.013,"unit":"tonnes/year","metric":"Modeled floating macroplastic emissions","original_value":271.013,"original_unit":"metric tons/year","source_row":17175,"estimated":true}},{"type":"Feature","id":"meijer-8531","geometry":{"type":"Point","coordinates":[122.14625,6.672083]},"properties":{"id":"meijer-8531","type":"river-plastic","name":"River outfall 8531","country":null,"source_id":"meijer-rivers-2021","year":2015,"value":270.41,"unit":"tonnes/year","metric":"Modeled floating macroplastic emissions","original_value":270.41,"original_unit":"metric tons/year","source_row":8531,"estimated":true}},{"type":"Feature","id":"meijer-14993","geometry":{"type":"Point","coordinates":[102.567083,12.194583]},"properties":{"id":"meijer-14993","type":"river-plastic","name":"River outfall 14993","country":null,"source_id":"meijer-rivers-2021","year":2015,"value":270.301,"unit":"tonnes/year","metric":"Modeled floating macroplastic emissions","original_value":270.301,"original_unit":"metric tons/year","source_row":14993,"estimated":true}},{"type":"Feature","id":"meijer-13693","geometry":{"type":"Point","coordinates":[101.6425,6.710417]},"properties":{"id":"meijer-13693","type":"river-plastic","name":"River outfall 13693","country":null,"source_id":"meijer-rivers-2021","year":2015,"value":270.216,"unit":"tonnes/year","metric":"Modeled floating macroplastic emissions","original_value":270.216,"original_unit":"metric tons/year","source_row":13693,"estimated":true}},{"type":"Feature","id":"meijer-7933","geometry":{"type":"Point","coordinates":[115.014583,4.850417]},"properties":{"id":"meijer-7933","type":"river-plastic","name":"River outfall 7933","country":null,"source_id":"meijer-rivers-2021","year":2015,"value":269.835,"unit":"tonnes/year","metric":"Modeled floating macroplastic emissions","original_value":269.835,"original_unit":"metric tons/year","source_row":7933,"estimated":true}},{"type":"Feature","id":"meijer-11142","geometry":{"type":"Point","coordinates":[125.442917,11.984583]},"properties":{"id":"meijer-11142","type":"river-plastic","name":"River outfall 11142","country":null,"source_id":"meijer-rivers-2021","year":2015,"value":269.815,"unit":"tonnes/year","metric":"Modeled floating macroplastic emissions","original_value":269.815,"original_unit":"metric tons/year","source_row":11142,"estimated":true}},{"type":"Feature","id":"meijer-21549","geometry":{"type":"Point","coordinates":[-0.59125,5.35875]},"properties":{"id":"meijer-21549","type":"river-plastic","name":"River outfall 21549","country":null,"source_id":"meijer-rivers-2021","year":2015,"value":268.249,"unit":"tonnes/year","metric":"Modeled floating macroplastic emissions","original_value":268.249,"original_unit":"metric tons/year","source_row":21549,"estimated":true}},{"type":"Feature","id":"meijer-17973","geometry":{"type":"Point","coordinates":[108.60375,21.85125]},"properties":{"id":"meijer-17973","type":"river-plastic","name":"River outfall 17973","country":null,"source_id":"meijer-rivers-2021","year":2015,"value":268.204,"unit":"tonnes/year","metric":"Modeled floating macroplastic emissions","original_value":268.204,"original_unit":"metric tons/year","source_row":17973,"estimated":true}},{"type":"Feature","id":"meijer-15306","geometry":{"type":"Point","coordinates":[74.707083,13.33875]},"properties":{"id":"meijer-15306","type":"river-plastic","name":"River outfall 15306","country":null,"source_id":"meijer-rivers-2021","year":2015,"value":268.183,"unit":"tonnes/year","metric":"Modeled floating macroplastic emissions","original_value":268.183,"original_unit":"metric tons/year","source_row":15306,"estimated":true}},{"type":"Feature","id":"meijer-12828","geometry":{"type":"Point","coordinates":[119.992083,15.297083]},"properties":{"id":"meijer-12828","type":"river-plastic","name":"River outfall 12828","country":null,"source_id":"meijer-rivers-2021","year":2015,"value":267.628,"unit":"tonnes/year","metric":"Modeled floating macroplastic emissions","original_value":267.628,"original_unit":"metric tons/year","source_row":12828,"estimated":true}},{"type":"Feature","id":"meijer-17439","geometry":{"type":"Point","coordinates":[92.712083,20.572917]},"properties":{"id":"meijer-17439","type":"river-plastic","name":"River outfall 17439","country":null,"source_id":"meijer-rivers-2021","year":2015,"value":267.155,"unit":"tonnes/year","metric":"Modeled floating macroplastic emissions","original_value":267.155,"original_unit":"metric tons/year","source_row":17439,"estimated":true}},{"type":"Feature","id":"meijer-25524","geometry":{"type":"Point","coordinates":[-56.21625,-34.872917]},"properties":{"id":"meijer-25524","type":"river-plastic","name":"River outfall 25524","country":null,"source_id":"meijer-rivers-2021","year":2015,"value":267.022,"unit":"tonnes/year","metric":"Modeled floating macroplastic emissions","original_value":267.022,"original_unit":"metric tons/year","source_row":25524,"estimated":true}},{"type":"Feature","id":"meijer-2921","geometry":{"type":"Point","coordinates":[106.397083,-6.005417]},"properties":{"id":"meijer-2921","type":"river-plastic","name":"River outfall 2921","country":null,"source_id":"meijer-rivers-2021","year":2015,"value":266.997,"unit":"tonnes/year","metric":"Modeled floating macroplastic emissions","original_value":266.997,"original_unit":"metric tons/year","source_row":2921,"estimated":true}},{"type":"Feature","id":"meijer-20036","geometry":{"type":"Point","coordinates":[31.00875,-29.88875]},"properties":{"id":"meijer-20036","type":"river-plastic","name":"River outfall 20036","country":null,"source_id":"meijer-rivers-2021","year":2015,"value":266.914,"unit":"tonnes/year","metric":"Modeled floating macroplastic emissions","original_value":266.914,"original_unit":"metric tons/year","source_row":20036,"estimated":true}},{"type":"Feature","id":"meijer-19864","geometry":{"type":"Point","coordinates":[18.767083,-34.07875]},"properties":{"id":"meijer-19864","type":"river-plastic","name":"River outfall 19864","country":null,"source_id":"meijer-rivers-2021","year":2015,"value":266.853,"unit":"tonnes/year","metric":"Modeled floating macroplastic emissions","original_value":266.853,"original_unit":"metric tons/year","source_row":19864,"estimated":true}},{"type":"Feature","id":"meijer-13001","geometry":{"type":"Point","coordinates":[120.337917,16.682917]},"properties":{"id":"meijer-13001","type":"river-plastic","name":"River outfall 13001","country":null,"source_id":"meijer-rivers-2021","year":2015,"value":266.849,"unit":"tonnes/year","metric":"Modeled floating macroplastic emissions","original_value":266.849,"original_unit":"metric tons/year","source_row":13001,"estimated":true}},{"type":"Feature","id":"meijer-3153","geometry":{"type":"Point","coordinates":[105.817917,-5.57375]},"properties":{"id":"meijer-3153","type":"river-plastic","name":"River outfall 3153","country":null,"source_id":"meijer-rivers-2021","year":2015,"value":266.702,"unit":"tonnes/year","metric":"Modeled floating macroplastic emissions","original_value":266.702,"original_unit":"metric tons/year","source_row":3153,"estimated":true}},{"type":"Feature","id":"meijer-10672","geometry":{"type":"Point","coordinates":[125.030417,11.082083]},"properties":{"id":"meijer-10672","type":"river-plastic","name":"River outfall 10672","country":null,"source_id":"meijer-rivers-2021","year":2015,"value":266.489,"unit":"tonnes/year","metric":"Modeled floating macroplastic emissions","original_value":266.489,"original_unit":"metric tons/year","source_row":10672,"estimated":true}},{"type":"Feature","id":"meijer-19337","geometry":{"type":"Point","coordinates":[121.432917,30.27125]},"properties":{"id":"meijer-19337","type":"river-plastic","name":"River outfall 19337","country":null,"source_id":"meijer-rivers-2021","year":2015,"value":266.384,"unit":"tonnes/year","metric":"Modeled floating macroplastic emissions","original_value":266.384,"original_unit":"metric tons/year","source_row":19337,"estimated":true}},{"type":"Feature","id":"meijer-8726","geometry":{"type":"Point","coordinates":[125.657083,7.112917]},"properties":{"id":"meijer-8726","type":"river-plastic","name":"River outfall 8726","country":null,"source_id":"meijer-rivers-2021","year":2015,"value":265.998,"unit":"tonnes/year","metric":"Modeled floating macroplastic emissions","original_value":265.998,"original_unit":"metric tons/year","source_row":8726,"estimated":true}},{"type":"Feature","id":"meijer-19476","geometry":{"type":"Point","coordinates":[119.779583,34.467083]},"properties":{"id":"meijer-19476","type":"river-plastic","name":"River outfall 19476","country":null,"source_id":"meijer-rivers-2021","year":2015,"value":265.932,"unit":"tonnes/year","metric":"Modeled floating macroplastic emissions","original_value":265.932,"original_unit":"metric tons/year","source_row":19476,"estimated":true}},{"type":"Feature","id":"meijer-29247","geometry":{"type":"Point","coordinates":[-72.41375,18.55375]},"properties":{"id":"meijer-29247","type":"river-plastic","name":"River outfall 29247","country":null,"source_id":"meijer-rivers-2021","year":2015,"value":265.691,"unit":"tonnes/year","metric":"Modeled floating macroplastic emissions","original_value":265.691,"original_unit":"metric tons/year","source_row":29247,"estimated":true}},{"type":"Feature","id":"meijer-17649","geometry":{"type":"Point","coordinates":[110.390417,21.279583]},"properties":{"id":"meijer-17649","type":"river-plastic","name":"River outfall 17649","country":null,"source_id":"meijer-rivers-2021","year":2015,"value":265.642,"unit":"tonnes/year","metric":"Modeled floating macroplastic emissions","original_value":265.642,"original_unit":"metric tons/year","source_row":17649,"estimated":true}},{"type":"Feature","id":"meijer-10904","geometry":{"type":"Point","coordinates":[123.132917,11.494583]},"properties":{"id":"meijer-10904","type":"river-plastic","name":"River outfall 10904","country":null,"source_id":"meijer-rivers-2021","year":2015,"value":265.368,"unit":"tonnes/year","metric":"Modeled floating macroplastic emissions","original_value":265.368,"original_unit":"metric tons/year","source_row":10904,"estimated":true}},{"type":"Feature","id":"meijer-21660","geometry":{"type":"Point","coordinates":[1.002917,6.01625]},"properties":{"id":"meijer-21660","type":"river-plastic","name":"River outfall 21660","country":null,"source_id":"meijer-rivers-2021","year":2015,"value":265.261,"unit":"tonnes/year","metric":"Modeled floating macroplastic emissions","original_value":265.261,"original_unit":"metric tons/year","source_row":21660,"estimated":true}},{"type":"Feature","id":"meijer-21676","geometry":{"type":"Point","coordinates":[1.609118,6.231722]},"properties":{"id":"meijer-21676","type":"river-plastic","name":"River outfall 21676","country":null,"source_id":"meijer-rivers-2021","year":2015,"value":263.621,"unit":"tonnes/year","metric":"Modeled floating macroplastic emissions","original_value":263.621,"original_unit":"metric tons/year","source_row":21676,"estimated":true}},{"type":"Feature","id":"meijer-13040","geometry":{"type":"Point","coordinates":[120.45625,17.420417]},"properties":{"id":"meijer-13040","type":"river-plastic","name":"River outfall 13040","country":null,"source_id":"meijer-rivers-2021","year":2015,"value":263.304,"unit":"tonnes/year","metric":"Modeled floating macroplastic emissions","original_value":263.304,"original_unit":"metric tons/year","source_row":13040,"estimated":true}},{"type":"Feature","id":"meijer-15618","geometry":{"type":"Point","coordinates":[80.837917,15.760417]},"properties":{"id":"meijer-15618","type":"river-plastic","name":"River outfall 15618","country":null,"source_id":"meijer-rivers-2021","year":2015,"value":263.298,"unit":"tonnes/year","metric":"Modeled floating macroplastic emissions","original_value":263.298,"original_unit":"metric tons/year","source_row":15618,"estimated":true}},{"type":"Feature","id":"meijer-9465","geometry":{"type":"Point","coordinates":[126.17625,9.080417]},"properties":{"id":"meijer-9465","type":"river-plastic","name":"River outfall 9465","country":null,"source_id":"meijer-rivers-2021","year":2015,"value":262.07,"unit":"tonnes/year","metric":"Modeled floating macroplastic emissions","original_value":262.07,"original_unit":"metric tons/year","source_row":9465,"estimated":true}},{"type":"Feature","id":"meijer-9797","geometry":{"type":"Point","coordinates":[123.862083,9.715417]},"properties":{"id":"meijer-9797","type":"river-plastic","name":"River outfall 9797","country":null,"source_id":"meijer-rivers-2021","year":2015,"value":260.699,"unit":"tonnes/year","metric":"Modeled floating macroplastic emissions","original_value":260.699,"original_unit":"metric tons/year","source_row":9797,"estimated":true}},{"type":"Feature","id":"meijer-13002","geometry":{"type":"Point","coordinates":[120.339583,16.714583]},"properties":{"id":"meijer-13002","type":"river-plastic","name":"River outfall 13002","country":null,"source_id":"meijer-rivers-2021","year":2015,"value":260.043,"unit":"tonnes/year","metric":"Modeled floating macroplastic emissions","original_value":260.043,"original_unit":"metric tons/year","source_row":13002,"estimated":true}},{"type":"Feature","id":"meijer-22343","geometry":{"type":"Point","coordinates":[5.076667,36.72375]},"properties":{"id":"meijer-22343","type":"river-plastic","name":"River outfall 22343","country":null,"source_id":"meijer-rivers-2021","year":2015,"value":259.824,"unit":"tonnes/year","metric":"Modeled floating macroplastic emissions","original_value":259.824,"original_unit":"metric tons/year","source_row":22343,"estimated":true}},{"type":"Feature","id":"meijer-21879","geometry":{"type":"Point","coordinates":[-13.690417,9.94875]},"properties":{"id":"meijer-21879","type":"river-plastic","name":"River outfall 21879","country":null,"source_id":"meijer-rivers-2021","year":2015,"value":259.597,"unit":"tonnes/year","metric":"Modeled floating macroplastic emissions","original_value":259.597,"original_unit":"metric tons/year","source_row":21879,"estimated":true}},{"type":"Feature","id":"meijer-25558","geometry":{"type":"Point","coordinates":[-58.300417,-34.667917]},"properties":{"id":"meijer-25558","type":"river-plastic","name":"River outfall 25558","country":null,"source_id":"meijer-rivers-2021","year":2015,"value":259.235,"unit":"tonnes/year","metric":"Modeled floating macroplastic emissions","original_value":259.235,"original_unit":"metric tons/year","source_row":25558,"estimated":true}},{"type":"Feature","id":"meijer-8910","geometry":{"type":"Point","coordinates":[124.045417,7.61125]},"properties":{"id":"meijer-8910","type":"river-plastic","name":"River outfall 8910","country":null,"source_id":"meijer-rivers-2021","year":2015,"value":257.979,"unit":"tonnes/year","metric":"Modeled floating macroplastic emissions","original_value":257.979,"original_unit":"metric tons/year","source_row":8910,"estimated":true}},{"type":"Feature","id":"meijer-15571","geometry":{"type":"Point","coordinates":[108.779583,15.359583]},"properties":{"id":"meijer-15571","type":"river-plastic","name":"River outfall 15571","country":null,"source_id":"meijer-rivers-2021","year":2015,"value":257.73,"unit":"tonnes/year","metric":"Modeled floating macroplastic emissions","original_value":257.73,"original_unit":"metric tons/year","source_row":15571,"estimated":true}},{"type":"Feature","id":"meijer-8251","geometry":{"type":"Point","coordinates":[118.104583,5.870417]},"properties":{"id":"meijer-8251","type":"river-plastic","name":"River outfall 8251","country":null,"source_id":"meijer-rivers-2021","year":2015,"value":256.761,"unit":"tonnes/year","metric":"Modeled floating macroplastic emissions","original_value":256.761,"original_unit":"metric tons/year","source_row":8251,"estimated":true}},{"type":"Feature","id":"meijer-12764","geometry":{"type":"Point","coordinates":[120.255,14.849167]},"properties":{"id":"meijer-12764","type":"river-plastic","name":"River outfall 12764","country":null,"source_id":"meijer-rivers-2021","year":2015,"value":255.867,"unit":"tonnes/year","metric":"Modeled floating macroplastic emissions","original_value":255.867,"original_unit":"metric tons/year","source_row":12764,"estimated":true}},{"type":"Feature","id":"meijer-9563","geometry":{"type":"Point","coordinates":[126.044583,9.240417]},"properties":{"id":"meijer-9563","type":"river-plastic","name":"River outfall 9563","country":null,"source_id":"meijer-rivers-2021","year":2015,"value":255.593,"unit":"tonnes/year","metric":"Modeled floating macroplastic emissions","original_value":255.593,"original_unit":"metric tons/year","source_row":9563,"estimated":true}},{"type":"Feature","id":"meijer-2227","geometry":{"type":"Point","coordinates":[112.814583,-7.47625]},"properties":{"id":"meijer-2227","type":"river-plastic","name":"River outfall 2227","country":null,"source_id":"meijer-rivers-2021","year":2015,"value":254.587,"unit":"tonnes/year","metric":"Modeled floating macroplastic emissions","original_value":254.587,"original_unit":"metric tons/year","source_row":2227,"estimated":true}},{"type":"Feature","id":"meijer-21474","geometry":{"type":"Point","coordinates":[-6.10375,4.974583]},"properties":{"id":"meijer-21474","type":"river-plastic","name":"River outfall 21474","country":null,"source_id":"meijer-rivers-2021","year":2015,"value":254.102,"unit":"tonnes/year","metric":"Modeled floating macroplastic emissions","original_value":254.102,"original_unit":"metric tons/year","source_row":21474,"estimated":true}},{"type":"Feature","id":"meijer-27335","geometry":{"type":"Point","coordinates":[-79.699583,8.874583]},"properties":{"id":"meijer-27335","type":"river-plastic","name":"River outfall 27335","country":null,"source_id":"meijer-rivers-2021","year":2015,"value":252.857,"unit":"tonnes/year","metric":"Modeled floating macroplastic emissions","original_value":252.857,"original_unit":"metric tons/year","source_row":27335,"estimated":true}},{"type":"Feature","id":"meijer-27983","geometry":{"type":"Point","coordinates":[-79.699583,8.874583]},"properties":{"id":"meijer-27983","type":"river-plastic","name":"River outfall 27983","country":null,"source_id":"meijer-rivers-2021","year":2015,"value":252.857,"unit":"tonnes/year","metric":"Modeled floating macroplastic emissions","original_value":252.857,"original_unit":"metric tons/year","source_row":27983,"estimated":true}},{"type":"Feature","id":"meijer-14109","geometry":{"type":"Point","coordinates":[104.81875,9.034583]},"properties":{"id":"meijer-14109","type":"river-plastic","name":"River outfall 14109","country":null,"source_id":"meijer-rivers-2021","year":2015,"value":251.928,"unit":"tonnes/year","metric":"Modeled floating macroplastic emissions","original_value":251.928,"original_unit":"metric tons/year","source_row":14109,"estimated":true}},{"type":"Feature","id":"meijer-10167","geometry":{"type":"Point","coordinates":[122.848456,10.278454]},"properties":{"id":"meijer-10167","type":"river-plastic","name":"River outfall 10167","country":null,"source_id":"meijer-rivers-2021","year":2015,"value":251.345,"unit":"tonnes/year","metric":"Modeled floating macroplastic emissions","original_value":251.345,"original_unit":"metric tons/year","source_row":10167,"estimated":true}},{"type":"Feature","id":"meijer-11758","geometry":{"type":"Point","coordinates":[121.469583,13.13625]},"properties":{"id":"meijer-11758","type":"river-plastic","name":"River outfall 11758","country":null,"source_id":"meijer-rivers-2021","year":2015,"value":251.241,"unit":"tonnes/year","metric":"Modeled floating macroplastic emissions","original_value":251.241,"original_unit":"metric tons/year","source_row":11758,"estimated":true}},{"type":"Feature","id":"meijer-9999","geometry":{"type":"Point","coordinates":[123.23625,10.029583]},"properties":{"id":"meijer-9999","type":"river-plastic","name":"River outfall 9999","country":null,"source_id":"meijer-rivers-2021","year":2015,"value":251.228,"unit":"tonnes/year","metric":"Modeled floating macroplastic emissions","original_value":251.228,"original_unit":"metric tons/year","source_row":9999,"estimated":true}},{"type":"Feature","id":"meijer-2606","geometry":{"type":"Point","coordinates":[110.574583,-6.734583]},"properties":{"id":"meijer-2606","type":"river-plastic","name":"River outfall 2606","country":null,"source_id":"meijer-rivers-2021","year":2015,"value":251.042,"unit":"tonnes/year","metric":"Modeled floating macroplastic emissions","original_value":251.042,"original_unit":"metric tons/year","source_row":2606,"estimated":true}},{"type":"Feature","id":"meijer-29265","geometry":{"type":"Point","coordinates":[-72.344583,18.62875]},"properties":{"id":"meijer-29265","type":"river-plastic","name":"River outfall 29265","country":null,"source_id":"meijer-rivers-2021","year":2015,"value":250.955,"unit":"tonnes/year","metric":"Modeled floating macroplastic emissions","original_value":250.955,"original_unit":"metric tons/year","source_row":29265,"estimated":true}},{"type":"Feature","id":"meijer-10454","geometry":{"type":"Point","coordinates":[122.94875,10.712083]},"properties":{"id":"meijer-10454","type":"river-plastic","name":"River outfall 10454","country":null,"source_id":"meijer-rivers-2021","year":2015,"value":249.972,"unit":"tonnes/year","metric":"Modeled floating macroplastic emissions","original_value":249.972,"original_unit":"metric tons/year","source_row":10454,"estimated":true}},{"type":"Feature","id":"meijer-2525","geometry":{"type":"Point","coordinates":[105.882083,-6.837917]},"properties":{"id":"meijer-2525","type":"river-plastic","name":"River outfall 2525","country":null,"source_id":"meijer-rivers-2021","year":2015,"value":249.868,"unit":"tonnes/year","metric":"Modeled floating macroplastic emissions","original_value":249.868,"original_unit":"metric tons/year","source_row":2525,"estimated":true}},{"type":"Feature","id":"meijer-13230","geometry":{"type":"Point","coordinates":[103.740833,1.459583]},"properties":{"id":"meijer-13230","type":"river-plastic","name":"River outfall 13230","country":null,"source_id":"meijer-rivers-2021","year":2015,"value":249.393,"unit":"tonnes/year","metric":"Modeled floating macroplastic emissions","original_value":249.393,"original_unit":"metric tons/year","source_row":13230,"estimated":true}},{"type":"Feature","id":"meijer-11881","geometry":{"type":"Point","coordinates":[123.737917,13.35625]},"properties":{"id":"meijer-11881","type":"river-plastic","name":"River outfall 11881","country":null,"source_id":"meijer-rivers-2021","year":2015,"value":248.687,"unit":"tonnes/year","metric":"Modeled floating macroplastic emissions","original_value":248.687,"original_unit":"metric tons/year","source_row":11881,"estimated":true}},{"type":"Feature","id":"meijer-17137","geometry":{"type":"Point","coordinates":[72.717083,19.970417]},"properties":{"id":"meijer-17137","type":"river-plastic","name":"River outfall 17137","country":null,"source_id":"meijer-rivers-2021","year":2015,"value":248.489,"unit":"tonnes/year","metric":"Modeled floating macroplastic emissions","original_value":248.489,"original_unit":"metric tons/year","source_row":17137,"estimated":true}},{"type":"Feature","id":"meijer-14894","geometry":{"type":"Point","coordinates":[79.8125,11.88125]},"properties":{"id":"meijer-14894","type":"river-plastic","name":"River outfall 14894","country":null,"source_id":"meijer-rivers-2021","year":2015,"value":248.278,"unit":"tonnes/year","metric":"Modeled floating macroplastic emissions","original_value":248.278,"original_unit":"metric tons/year","source_row":14894,"estimated":true}},{"type":"Feature","id":"meijer-28965","geometry":{"type":"Point","coordinates":[-73.749583,18.189583]},"properties":{"id":"meijer-28965","type":"river-plastic","name":"River outfall 28965","country":null,"source_id":"meijer-rivers-2021","year":2015,"value":247.955,"unit":"tonnes/year","metric":"Modeled floating macroplastic emissions","original_value":247.955,"original_unit":"metric tons/year","source_row":28965,"estimated":true}},{"type":"Feature","id":"meijer-19760","geometry":{"type":"Point","coordinates":[124.369583,40.029583]},"properties":{"id":"meijer-19760","type":"river-plastic","name":"River outfall 19760","country":null,"source_id":"meijer-rivers-2021","year":2015,"value":247.7,"unit":"tonnes/year","metric":"Modeled floating macroplastic emissions","original_value":247.7,"original_unit":"metric tons/year","source_row":19760,"estimated":true}},{"type":"Feature","id":"meijer-9298","geometry":{"type":"Point","coordinates":[123.657083,8.63625]},"properties":{"id":"meijer-9298","type":"river-plastic","name":"River outfall 9298","country":null,"source_id":"meijer-rivers-2021","year":2015,"value":247.167,"unit":"tonnes/year","metric":"Modeled floating macroplastic emissions","original_value":247.167,"original_unit":"metric tons/year","source_row":9298,"estimated":true}},{"type":"Feature","id":"meijer-18886","geometry":{"type":"Point","coordinates":[117.030417,23.629583]},"properties":{"id":"meijer-18886","type":"river-plastic","name":"River outfall 18886","country":null,"source_id":"meijer-rivers-2021","year":2015,"value":247.148,"unit":"tonnes/year","metric":"Modeled floating macroplastic emissions","original_value":247.148,"original_unit":"metric tons/year","source_row":18886,"estimated":true}},{"type":"Feature","id":"meijer-29245","geometry":{"type":"Point","coordinates":[-72.34875,18.547917]},"properties":{"id":"meijer-29245","type":"river-plastic","name":"River outfall 29245","country":null,"source_id":"meijer-rivers-2021","year":2015,"value":246.806,"unit":"tonnes/year","metric":"Modeled floating macroplastic emissions","original_value":246.806,"original_unit":"metric tons/year","source_row":29245,"estimated":true}},{"type":"Feature","id":"meijer-15151","geometry":{"type":"Point","coordinates":[74.93125,12.611667]},"properties":{"id":"meijer-15151","type":"river-plastic","name":"River outfall 15151","country":null,"source_id":"meijer-rivers-2021","year":2015,"value":246.036,"unit":"tonnes/year","metric":"Modeled floating macroplastic emissions","original_value":246.036,"original_unit":"metric tons/year","source_row":15151,"estimated":true}},{"type":"Feature","id":"meijer-19030","geometry":{"type":"Point","coordinates":[121.437374,25.160949]},"properties":{"id":"meijer-19030","type":"river-plastic","name":"River outfall 19030","country":null,"source_id":"meijer-rivers-2021","year":2015,"value":245.946,"unit":"tonnes/year","metric":"Modeled floating macroplastic emissions","original_value":245.946,"original_unit":"metric tons/year","source_row":19030,"estimated":true}},{"type":"Feature","id":"meijer-25530","geometry":{"type":"Point","coordinates":[-57.969167,-34.817917]},"properties":{"id":"meijer-25530","type":"river-plastic","name":"River outfall 25530","country":null,"source_id":"meijer-rivers-2021","year":2015,"value":244.742,"unit":"tonnes/year","metric":"Modeled floating macroplastic emissions","original_value":244.742,"original_unit":"metric tons/year","source_row":25530,"estimated":true}},{"type":"Feature","id":"meijer-3615","geometry":{"type":"Point","coordinates":[105.857083,-4.677083]},"properties":{"id":"meijer-3615","type":"river-plastic","name":"River outfall 3615","country":null,"source_id":"meijer-rivers-2021","year":2015,"value":244.293,"unit":"tonnes/year","metric":"Modeled floating macroplastic emissions","original_value":244.293,"original_unit":"metric tons/year","source_row":3615,"estimated":true}},{"type":"Feature","id":"meijer-8769","geometry":{"type":"Point","coordinates":[125.680417,7.254583]},"properties":{"id":"meijer-8769","type":"river-plastic","name":"River outfall 8769","country":null,"source_id":"meijer-rivers-2021","year":2015,"value":243.768,"unit":"tonnes/year","metric":"Modeled floating macroplastic emissions","original_value":243.768,"original_unit":"metric tons/year","source_row":8769,"estimated":true}},{"type":"Feature","id":"meijer-28378","geometry":{"type":"Point","coordinates":[-90.33625,13.83375]},"properties":{"id":"meijer-28378","type":"river-plastic","name":"River outfall 28378","country":null,"source_id":"meijer-rivers-2021","year":2015,"value":243.576,"unit":"tonnes/year","metric":"Modeled floating macroplastic emissions","original_value":243.576,"original_unit":"metric tons/year","source_row":28378,"estimated":true}},{"type":"Feature","id":"meijer-13028","geometry":{"type":"Point","coordinates":[120.422917,17.187083]},"properties":{"id":"meijer-13028","type":"river-plastic","name":"River outfall 13028","country":null,"source_id":"meijer-rivers-2021","year":2015,"value":243.22,"unit":"tonnes/year","metric":"Modeled floating macroplastic emissions","original_value":243.22,"original_unit":"metric tons/year","source_row":13028,"estimated":true}},{"type":"Feature","id":"meijer-15595","geometry":{"type":"Point","coordinates":[97.75929,15.534047]},"properties":{"id":"meijer-15595","type":"river-plastic","name":"River outfall 15595","country":null,"source_id":"meijer-rivers-2021","year":2015,"value":242.908,"unit":"tonnes/year","metric":"Modeled floating macroplastic emissions","original_value":242.908,"original_unit":"metric tons/year","source_row":15595,"estimated":true}},{"type":"Feature","id":"meijer-16676","geometry":{"type":"Point","coordinates":[72.976667,18.51]},"properties":{"id":"meijer-16676","type":"river-plastic","name":"River outfall 16676","country":null,"source_id":"meijer-rivers-2021","year":2015,"value":242.828,"unit":"tonnes/year","metric":"Modeled floating macroplastic emissions","original_value":242.828,"original_unit":"metric tons/year","source_row":16676,"estimated":true}},{"type":"Feature","id":"meijer-26306","geometry":{"type":"Point","coordinates":[-34.82875,-7.957917]},"properties":{"id":"meijer-26306","type":"river-plastic","name":"River outfall 26306","country":null,"source_id":"meijer-rivers-2021","year":2015,"value":242.638,"unit":"tonnes/year","metric":"Modeled floating macroplastic emissions","original_value":242.638,"original_unit":"metric tons/year","source_row":26306,"estimated":true}},{"type":"Feature","id":"meijer-13005","geometry":{"type":"Point","coordinates":[120.3375,16.76125]},"properties":{"id":"meijer-13005","type":"river-plastic","name":"River outfall 13005","country":null,"source_id":"meijer-rivers-2021","year":2015,"value":242.212,"unit":"tonnes/year","metric":"Modeled floating macroplastic emissions","original_value":242.212,"original_unit":"metric tons/year","source_row":13005,"estimated":true}},{"type":"Feature","id":"meijer-13995","geometry":{"type":"Point","coordinates":[81.25375,8.462083]},"properties":{"id":"meijer-13995","type":"river-plastic","name":"River outfall 13995","country":null,"source_id":"meijer-rivers-2021","year":2015,"value":242.066,"unit":"tonnes/year","metric":"Modeled floating macroplastic emissions","original_value":242.066,"original_unit":"metric tons/year","source_row":13995,"estimated":true}},{"type":"Feature","id":"meijer-7643","geometry":{"type":"Point","coordinates":[98.792917,3.722917]},"properties":{"id":"meijer-7643","type":"river-plastic","name":"River outfall 7643","country":null,"source_id":"meijer-rivers-2021","year":2015,"value":241.183,"unit":"tonnes/year","metric":"Modeled floating macroplastic emissions","original_value":241.183,"original_unit":"metric tons/year","source_row":7643,"estimated":true}},{"type":"Feature","id":"meijer-16350","geometry":{"type":"Point","coordinates":[73.317917,16.807917]},"properties":{"id":"meijer-16350","type":"river-plastic","name":"River outfall 16350","country":null,"source_id":"meijer-rivers-2021","year":2015,"value":240.865,"unit":"tonnes/year","metric":"Modeled floating macroplastic emissions","original_value":240.865,"original_unit":"metric tons/year","source_row":16350,"estimated":true}},{"type":"Feature","id":"meijer-17522","geometry":{"type":"Point","coordinates":[110.187917,20.847917]},"properties":{"id":"meijer-17522","type":"river-plastic","name":"River outfall 17522","country":null,"source_id":"meijer-rivers-2021","year":2015,"value":239.535,"unit":"tonnes/year","metric":"Modeled floating macroplastic emissions","original_value":239.535,"original_unit":"metric tons/year","source_row":17522,"estimated":true}},{"type":"Feature","id":"meijer-10579","geometry":{"type":"Point","coordinates":[123.028333,10.91875]},"properties":{"id":"meijer-10579","type":"river-plastic","name":"River outfall 10579","country":null,"source_id":"meijer-rivers-2021","year":2015,"value":238.987,"unit":"tonnes/year","metric":"Modeled floating macroplastic emissions","original_value":238.987,"original_unit":"metric tons/year","source_row":10579,"estimated":true}},{"type":"Feature","id":"meijer-7658","geometry":{"type":"Point","coordinates":[98.6725,3.777083]},"properties":{"id":"meijer-7658","type":"river-plastic","name":"River outfall 7658","country":null,"source_id":"meijer-rivers-2021","year":2015,"value":238.704,"unit":"tonnes/year","metric":"Modeled floating macroplastic emissions","original_value":238.704,"original_unit":"metric tons/year","source_row":7658,"estimated":true}},{"type":"Feature","id":"meijer-6732","geometry":{"type":"Point","coordinates":[102.124167,1.123333]},"properties":{"id":"meijer-6732","type":"river-plastic","name":"River outfall 6732","country":null,"source_id":"meijer-rivers-2021","year":2015,"value":237.744,"unit":"tonnes/year","metric":"Modeled floating macroplastic emissions","original_value":237.744,"original_unit":"metric tons/year","source_row":6732,"estimated":true}},{"type":"Feature","id":"meijer-21831","geometry":{"type":"Point","coordinates":[-13.095417,8.84125]},"properties":{"id":"meijer-21831","type":"river-plastic","name":"River outfall 21831","country":null,"source_id":"meijer-rivers-2021","year":2015,"value":237.43,"unit":"tonnes/year","metric":"Modeled floating macroplastic emissions","original_value":237.43,"original_unit":"metric tons/year","source_row":21831,"estimated":true}},{"type":"Feature","id":"meijer-28270","geometry":{"type":"Point","coordinates":[-87.337917,13.095417]},"properties":{"id":"meijer-28270","type":"river-plastic","name":"River outfall 28270","country":null,"source_id":"meijer-rivers-2021","year":2015,"value":237.069,"unit":"tonnes/year","metric":"Modeled floating macroplastic emissions","original_value":237.069,"original_unit":"metric tons/year","source_row":28270,"estimated":true}},{"type":"Feature","id":"meijer-26036","geometry":{"type":"Point","coordinates":[-40.805417,-21.005417]},"properties":{"id":"meijer-26036","type":"river-plastic","name":"River outfall 26036","country":null,"source_id":"meijer-rivers-2021","year":2015,"value":236.163,"unit":"tonnes/year","metric":"Modeled floating macroplastic emissions","original_value":236.163,"original_unit":"metric tons/year","source_row":26036,"estimated":true}},{"type":"Feature","id":"meijer-14204","geometry":{"type":"Point","coordinates":[106.13875,9.40375]},"properties":{"id":"meijer-14204","type":"river-plastic","name":"River outfall 14204","country":null,"source_id":"meijer-rivers-2021","year":2015,"value":235.686,"unit":"tonnes/year","metric":"Modeled floating macroplastic emissions","original_value":235.686,"original_unit":"metric tons/year","source_row":14204,"estimated":true}},{"type":"Feature","id":"meijer-23352","geometry":{"type":"Point","coordinates":[19.387083,40.835417]},"properties":{"id":"meijer-23352","type":"river-plastic","name":"River outfall 23352","country":null,"source_id":"meijer-rivers-2021","year":2015,"value":235.544,"unit":"tonnes/year","metric":"Modeled floating macroplastic emissions","original_value":235.544,"original_unit":"metric tons/year","source_row":23352,"estimated":true}},{"type":"Feature","id":"meijer-19571","geometry":{"type":"Point","coordinates":[120.319583,36.23875]},"properties":{"id":"meijer-19571","type":"river-plastic","name":"River outfall 19571","country":null,"source_id":"meijer-rivers-2021","year":2015,"value":235.172,"unit":"tonnes/year","metric":"Modeled floating macroplastic emissions","original_value":235.172,"original_unit":"metric tons/year","source_row":19571,"estimated":true}},{"type":"Feature","id":"meijer-17177","geometry":{"type":"Point","coordinates":[110.314583,20.042083]},"properties":{"id":"meijer-17177","type":"river-plastic","name":"River outfall 17177","country":null,"source_id":"meijer-rivers-2021","year":2015,"value":235.083,"unit":"tonnes/year","metric":"Modeled floating macroplastic emissions","original_value":235.083,"original_unit":"metric tons/year","source_row":17177,"estimated":true}},{"type":"Feature","id":"meijer-13011","geometry":{"type":"Point","coordinates":[120.40625,16.905833]},"properties":{"id":"meijer-13011","type":"river-plastic","name":"River outfall 13011","country":null,"source_id":"meijer-rivers-2021","year":2015,"value":234.904,"unit":"tonnes/year","metric":"Modeled floating macroplastic emissions","original_value":234.904,"original_unit":"metric tons/year","source_row":13011,"estimated":true}},{"type":"Feature","id":"meijer-14853","geometry":{"type":"Point","coordinates":[79.785833,11.73625]},"properties":{"id":"meijer-14853","type":"river-plastic","name":"River outfall 14853","country":null,"source_id":"meijer-rivers-2021","year":2015,"value":234.234,"unit":"tonnes/year","metric":"Modeled floating macroplastic emissions","original_value":234.234,"original_unit":"metric tons/year","source_row":14853,"estimated":true}},{"type":"Feature","id":"meijer-2892","geometry":{"type":"Point","coordinates":[106.56875,-6.030417]},"properties":{"id":"meijer-2892","type":"river-plastic","name":"River outfall 2892","country":null,"source_id":"meijer-rivers-2021","year":2015,"value":234.106,"unit":"tonnes/year","metric":"Modeled floating macroplastic emissions","original_value":234.106,"original_unit":"metric tons/year","source_row":2892,"estimated":true}},{"type":"Feature","id":"meijer-19629","geometry":{"type":"Point","coordinates":[118.964583,37.28125]},"properties":{"id":"meijer-19629","type":"river-plastic","name":"River outfall 19629","country":null,"source_id":"meijer-rivers-2021","year":2015,"value":233.793,"unit":"tonnes/year","metric":"Modeled floating macroplastic emissions","original_value":233.793,"original_unit":"metric tons/year","source_row":19629,"estimated":true}},{"type":"Feature","id":"meijer-22764","geometry":{"type":"Point","coordinates":[34.907917,36.725417]},"properties":{"id":"meijer-22764","type":"river-plastic","name":"River outfall 22764","country":null,"source_id":"meijer-rivers-2021","year":2015,"value":233.663,"unit":"tonnes/year","metric":"Modeled floating macroplastic emissions","original_value":233.663,"original_unit":"metric tons/year","source_row":22764,"estimated":true}},{"type":"Feature","id":"meijer-1552","geometry":{"type":"Point","coordinates":[113.47625,-8.384583]},"properties":{"id":"meijer-1552","type":"river-plastic","name":"River outfall 1552","country":null,"source_id":"meijer-rivers-2021","year":2015,"value":232.818,"unit":"tonnes/year","metric":"Modeled floating macroplastic emissions","original_value":232.818,"original_unit":"metric tons/year","source_row":1552,"estimated":true}},{"type":"Feature","id":"meijer-2645","geometry":{"type":"Point","coordinates":[111.199583,-6.670417]},"properties":{"id":"meijer-2645","type":"river-plastic","name":"River outfall 2645","country":null,"source_id":"meijer-rivers-2021","year":2015,"value":232.144,"unit":"tonnes/year","metric":"Modeled floating macroplastic emissions","original_value":232.144,"original_unit":"metric tons/year","source_row":2645,"estimated":true}},{"type":"Feature","id":"meijer-28545","geometry":{"type":"Point","coordinates":[-88.230417,15.725417]},"properties":{"id":"meijer-28545","type":"river-plastic","name":"River outfall 28545","country":null,"source_id":"meijer-rivers-2021","year":2015,"value":232.126,"unit":"tonnes/year","metric":"Modeled floating macroplastic emissions","original_value":232.126,"original_unit":"metric tons/year","source_row":28545,"estimated":true}},{"type":"Feature","id":"meijer-13451","geometry":{"type":"Point","coordinates":[103.444583,4.242083]},"properties":{"id":"meijer-13451","type":"river-plastic","name":"River outfall 13451","country":null,"source_id":"meijer-rivers-2021","year":2015,"value":231.774,"unit":"tonnes/year","metric":"Modeled floating macroplastic emissions","original_value":231.774,"original_unit":"metric tons/year","source_row":13451,"estimated":true}},{"type":"Feature","id":"meijer-10201","geometry":{"type":"Point","coordinates":[124.97375,10.33875]},"properties":{"id":"meijer-10201","type":"river-plastic","name":"River outfall 10201","country":null,"source_id":"meijer-rivers-2021","year":2015,"value":231.297,"unit":"tonnes/year","metric":"Modeled floating macroplastic emissions","original_value":231.297,"original_unit":"metric tons/year","source_row":10201,"estimated":true}},{"type":"Feature","id":"meijer-13220","geometry":{"type":"Point","coordinates":[103.549583,1.437083]},"properties":{"id":"meijer-13220","type":"river-plastic","name":"River outfall 13220","country":null,"source_id":"meijer-rivers-2021","year":2015,"value":231.248,"unit":"tonnes/year","metric":"Modeled floating macroplastic emissions","original_value":231.248,"original_unit":"metric tons/year","source_row":13220,"estimated":true}},{"type":"Feature","id":"meijer-10566","geometry":{"type":"Point","coordinates":[125.01625,10.897083]},"properties":{"id":"meijer-10566","type":"river-plastic","name":"River outfall 10566","country":null,"source_id":"meijer-rivers-2021","year":2015,"value":230.699,"unit":"tonnes/year","metric":"Modeled floating macroplastic emissions","original_value":230.699,"original_unit":"metric tons/year","source_row":10566,"estimated":true}},{"type":"Feature","id":"meijer-14964","geometry":{"type":"Point","coordinates":[75.1775,12.1]},"properties":{"id":"meijer-14964","type":"river-plastic","name":"River outfall 14964","country":null,"source_id":"meijer-rivers-2021","year":2015,"value":230.45,"unit":"tonnes/year","metric":"Modeled floating macroplastic emissions","original_value":230.45,"original_unit":"metric tons/year","source_row":14964,"estimated":true}},{"type":"Feature","id":"meijer-23681","geometry":{"type":"Point","coordinates":[32.052917,41.579583]},"properties":{"id":"meijer-23681","type":"river-plastic","name":"River outfall 23681","country":null,"source_id":"meijer-rivers-2021","year":2015,"value":230.317,"unit":"tonnes/year","metric":"Modeled floating macroplastic emissions","original_value":230.317,"original_unit":"metric tons/year","source_row":23681,"estimated":true}},{"type":"Feature","id":"meijer-13490","geometry":{"type":"Point","coordinates":[103.402083,4.7775]},"properties":{"id":"meijer-13490","type":"river-plastic","name":"River outfall 13490","country":null,"source_id":"meijer-rivers-2021","year":2015,"value":230.198,"unit":"tonnes/year","metric":"Modeled floating macroplastic emissions","original_value":230.198,"original_unit":"metric tons/year","source_row":13490,"estimated":true}},{"type":"Feature","id":"meijer-8934","geometry":{"type":"Point","coordinates":[122.1325,7.680417]},"properties":{"id":"meijer-8934","type":"river-plastic","name":"River outfall 8934","country":null,"source_id":"meijer-rivers-2021","year":2015,"value":229.942,"unit":"tonnes/year","metric":"Modeled floating macroplastic emissions","original_value":229.942,"original_unit":"metric tons/year","source_row":8934,"estimated":true}},{"type":"Feature","id":"meijer-19350","geometry":{"type":"Point","coordinates":[121.079583,30.59625]},"properties":{"id":"meijer-19350","type":"river-plastic","name":"River outfall 19350","country":null,"source_id":"meijer-rivers-2021","year":2015,"value":229.602,"unit":"tonnes/year","metric":"Modeled floating macroplastic emissions","original_value":229.602,"original_unit":"metric tons/year","source_row":19350,"estimated":true}},{"type":"Feature","id":"meijer-14914","geometry":{"type":"Point","coordinates":[79.83375,11.92375]},"properties":{"id":"meijer-14914","type":"river-plastic","name":"River outfall 14914","country":null,"source_id":"meijer-rivers-2021","year":2015,"value":229.407,"unit":"tonnes/year","metric":"Modeled floating macroplastic emissions","original_value":229.407,"original_unit":"metric tons/year","source_row":14914,"estimated":true}},{"type":"Feature","id":"meijer-19450","geometry":{"type":"Point","coordinates":[120.325833,34.105]},"properties":{"id":"meijer-19450","type":"river-plastic","name":"River outfall 19450","country":null,"source_id":"meijer-rivers-2021","year":2015,"value":229.362,"unit":"tonnes/year","metric":"Modeled floating macroplastic emissions","original_value":229.362,"original_unit":"metric tons/year","source_row":19450,"estimated":true}},{"type":"Feature","id":"meijer-2554","geometry":{"type":"Point","coordinates":[109.49375,-6.804583]},"properties":{"id":"meijer-2554","type":"river-plastic","name":"River outfall 2554","country":null,"source_id":"meijer-rivers-2021","year":2015,"value":228.62,"unit":"tonnes/year","metric":"Modeled floating macroplastic emissions","original_value":228.62,"original_unit":"metric tons/year","source_row":2554,"estimated":true}},{"type":"Feature","id":"meijer-20079","geometry":{"type":"Point","coordinates":[32.520417,-25.932917]},"properties":{"id":"meijer-20079","type":"river-plastic","name":"River outfall 20079","country":null,"source_id":"meijer-rivers-2021","year":2015,"value":228.383,"unit":"tonnes/year","metric":"Modeled floating macroplastic emissions","original_value":228.383,"original_unit":"metric tons/year","source_row":20079,"estimated":true}},{"type":"Feature","id":"meijer-16543","geometry":{"type":"Point","coordinates":[83.342083,17.737917]},"properties":{"id":"meijer-16543","type":"river-plastic","name":"River outfall 16543","country":null,"source_id":"meijer-rivers-2021","year":2015,"value":228.077,"unit":"tonnes/year","metric":"Modeled floating macroplastic emissions","original_value":228.077,"original_unit":"metric tons/year","source_row":16543,"estimated":true}},{"type":"Feature","id":"meijer-5944","geometry":{"type":"Point","coordinates":[117.33125,-0.74875]},"properties":{"id":"meijer-5944","type":"river-plastic","name":"River outfall 5944","country":null,"source_id":"meijer-rivers-2021","year":2015,"value":227.507,"unit":"tonnes/year","metric":"Modeled floating macroplastic emissions","original_value":227.507,"original_unit":"metric tons/year","source_row":5944,"estimated":true}},{"type":"Feature","id":"meijer-11175","geometry":{"type":"Point","coordinates":[124.592083,12.065417]},"properties":{"id":"meijer-11175","type":"river-plastic","name":"River outfall 11175","country":null,"source_id":"meijer-rivers-2021","year":2015,"value":227.426,"unit":"tonnes/year","metric":"Modeled floating macroplastic emissions","original_value":227.426,"original_unit":"metric tons/year","source_row":11175,"estimated":true}},{"type":"Feature","id":"meijer-8250","geometry":{"type":"Point","coordinates":[118.107083,5.869583]},"properties":{"id":"meijer-8250","type":"river-plastic","name":"River outfall 8250","country":null,"source_id":"meijer-rivers-2021","year":2015,"value":225.584,"unit":"tonnes/year","metric":"Modeled floating macroplastic emissions","original_value":225.584,"original_unit":"metric tons/year","source_row":8250,"estimated":true}},{"type":"Feature","id":"meijer-8699","geometry":{"type":"Point","coordinates":[125.535417,7.039583]},"properties":{"id":"meijer-8699","type":"river-plastic","name":"River outfall 8699","country":null,"source_id":"meijer-rivers-2021","year":2015,"value":225.508,"unit":"tonnes/year","metric":"Modeled floating macroplastic emissions","original_value":225.508,"original_unit":"metric tons/year","source_row":8699,"estimated":true}},{"type":"Feature","id":"meijer-19224","geometry":{"type":"Point","coordinates":[121.51875,28.62875]},"properties":{"id":"meijer-19224","type":"river-plastic","name":"River outfall 19224","country":null,"source_id":"meijer-rivers-2021","year":2015,"value":225.051,"unit":"tonnes/year","metric":"Modeled floating macroplastic emissions","original_value":225.051,"original_unit":"metric tons/year","source_row":19224,"estimated":true}},{"type":"Feature","id":"meijer-14510","geometry":{"type":"Point","coordinates":[107.36375,10.467917]},"properties":{"id":"meijer-14510","type":"river-plastic","name":"River outfall 14510","country":null,"source_id":"meijer-rivers-2021","year":2015,"value":225.018,"unit":"tonnes/year","metric":"Modeled floating macroplastic emissions","original_value":225.018,"original_unit":"metric tons/year","source_row":14510,"estimated":true}},{"type":"Feature","id":"meijer-10862","geometry":{"type":"Point","coordinates":[124.98625,11.417917]},"properties":{"id":"meijer-10862","type":"river-plastic","name":"River outfall 10862","country":null,"source_id":"meijer-rivers-2021","year":2015,"value":224.256,"unit":"tonnes/year","metric":"Modeled floating macroplastic emissions","original_value":224.256,"original_unit":"metric tons/year","source_row":10862,"estimated":true}},{"type":"Feature","id":"meijer-21449","geometry":{"type":"Point","coordinates":[8.277083,4.85375]},"properties":{"id":"meijer-21449","type":"river-plastic","name":"River outfall 21449","country":null,"source_id":"meijer-rivers-2021","year":2015,"value":223.93,"unit":"tonnes/year","metric":"Modeled floating macroplastic emissions","original_value":223.93,"original_unit":"metric tons/year","source_row":21449,"estimated":true}},{"type":"Feature","id":"meijer-18576","geometry":{"type":"Point","coordinates":[113.865417,22.55625]},"properties":{"id":"meijer-18576","type":"river-plastic","name":"River outfall 18576","country":null,"source_id":"meijer-rivers-2021","year":2015,"value":223.827,"unit":"tonnes/year","metric":"Modeled floating macroplastic emissions","original_value":223.827,"original_unit":"metric tons/year","source_row":18576,"estimated":true}},{"type":"Feature","id":"meijer-9707","geometry":{"type":"Point","coordinates":[125.72375,9.585417]},"properties":{"id":"meijer-9707","type":"river-plastic","name":"River outfall 9707","country":null,"source_id":"meijer-rivers-2021","year":2015,"value":223.728,"unit":"tonnes/year","metric":"Modeled floating macroplastic emissions","original_value":223.728,"original_unit":"metric tons/year","source_row":9707,"estimated":true}},{"type":"Feature","id":"meijer-16842","geometry":{"type":"Point","coordinates":[110.56375,19.15625]},"properties":{"id":"meijer-16842","type":"river-plastic","name":"River outfall 16842","country":null,"source_id":"meijer-rivers-2021","year":2015,"value":223.014,"unit":"tonnes/year","metric":"Modeled floating macroplastic emissions","original_value":223.014,"original_unit":"metric tons/year","source_row":16842,"estimated":true}},{"type":"Feature","id":"meijer-14101","geometry":{"type":"Point","coordinates":[78.26875,9.009583]},"properties":{"id":"meijer-14101","type":"river-plastic","name":"River outfall 14101","country":null,"source_id":"meijer-rivers-2021","year":2015,"value":222.921,"unit":"tonnes/year","metric":"Modeled floating macroplastic emissions","original_value":222.921,"original_unit":"metric tons/year","source_row":14101,"estimated":true}},{"type":"Feature","id":"meijer-13389","geometry":{"type":"Point","coordinates":[101.09375,3.504583]},"properties":{"id":"meijer-13389","type":"river-plastic","name":"River outfall 13389","country":null,"source_id":"meijer-rivers-2021","year":2015,"value":222.903,"unit":"tonnes/year","metric":"Modeled floating macroplastic emissions","original_value":222.903,"original_unit":"metric tons/year","source_row":13389,"estimated":true}},{"type":"Feature","id":"meijer-18319","geometry":{"type":"Point","coordinates":[113.570417,22.29625]},"properties":{"id":"meijer-18319","type":"river-plastic","name":"River outfall 18319","country":null,"source_id":"meijer-rivers-2021","year":2015,"value":222.793,"unit":"tonnes/year","metric":"Modeled floating macroplastic emissions","original_value":222.793,"original_unit":"metric tons/year","source_row":18319,"estimated":true}},{"type":"Feature","id":"meijer-2575","geometry":{"type":"Point","coordinates":[110.572917,-6.774583]},"properties":{"id":"meijer-2575","type":"river-plastic","name":"River outfall 2575","country":null,"source_id":"meijer-rivers-2021","year":2015,"value":222.531,"unit":"tonnes/year","metric":"Modeled floating macroplastic emissions","original_value":222.531,"original_unit":"metric tons/year","source_row":2575,"estimated":true}},{"type":"Feature","id":"meijer-27606","geometry":{"type":"Point","coordinates":[-61.025417,10.604583]},"properties":{"id":"meijer-27606","type":"river-plastic","name":"River outfall 27606","country":null,"source_id":"meijer-rivers-2021","year":2015,"value":222.176,"unit":"tonnes/year","metric":"Modeled floating macroplastic emissions","original_value":222.176,"original_unit":"metric tons/year","source_row":27606,"estimated":true}},{"type":"Feature","id":"meijer-8772","geometry":{"type":"Point","coordinates":[124.205417,7.267083]},"properties":{"id":"meijer-8772","type":"river-plastic","name":"River outfall 8772","country":null,"source_id":"meijer-rivers-2021","year":2015,"value":221.925,"unit":"tonnes/year","metric":"Modeled floating macroplastic emissions","original_value":221.925,"original_unit":"metric tons/year","source_row":8772,"estimated":true}},{"type":"Feature","id":"meijer-12896","geometry":{"type":"Point","coordinates":[120.147917,16.037917]},"properties":{"id":"meijer-12896","type":"river-plastic","name":"River outfall 12896","country":null,"source_id":"meijer-rivers-2021","year":2015,"value":221.916,"unit":"tonnes/year","metric":"Modeled floating macroplastic emissions","original_value":221.916,"original_unit":"metric tons/year","source_row":12896,"estimated":true}},{"type":"Feature","id":"meijer-15247","geometry":{"type":"Point","coordinates":[74.7825,13.04375]},"properties":{"id":"meijer-15247","type":"river-plastic","name":"River outfall 15247","country":null,"source_id":"meijer-rivers-2021","year":2015,"value":221.697,"unit":"tonnes/year","metric":"Modeled floating macroplastic emissions","original_value":221.697,"original_unit":"metric tons/year","source_row":15247,"estimated":true}},{"type":"Feature","id":"meijer-2020","geometry":{"type":"Point","coordinates":[108.145417,-7.782083]},"properties":{"id":"meijer-2020","type":"river-plastic","name":"River outfall 2020","country":null,"source_id":"meijer-rivers-2021","year":2015,"value":221.512,"unit":"tonnes/year","metric":"Modeled floating macroplastic emissions","original_value":221.512,"original_unit":"metric tons/year","source_row":2020,"estimated":true}},{"type":"Feature","id":"meijer-10816","geometry":{"type":"Point","coordinates":[124.74625,11.332083]},"properties":{"id":"meijer-10816","type":"river-plastic","name":"River outfall 10816","country":null,"source_id":"meijer-rivers-2021","year":2015,"value":221.283,"unit":"tonnes/year","metric":"Modeled floating macroplastic emissions","original_value":221.283,"original_unit":"metric tons/year","source_row":10816,"estimated":true}},{"type":"Feature","id":"meijer-8215","geometry":{"type":"Point","coordinates":[115.90875,5.752917]},"properties":{"id":"meijer-8215","type":"river-plastic","name":"River outfall 8215","country":null,"source_id":"meijer-rivers-2021","year":2015,"value":221.233,"unit":"tonnes/year","metric":"Modeled floating macroplastic emissions","original_value":221.233,"original_unit":"metric tons/year","source_row":8215,"estimated":true}},{"type":"Feature","id":"meijer-17948","geometry":{"type":"Point","coordinates":[87.879583,21.799583]},"properties":{"id":"meijer-17948","type":"river-plastic","name":"River outfall 17948","country":null,"source_id":"meijer-rivers-2021","year":2015,"value":220.823,"unit":"tonnes/year","metric":"Modeled floating macroplastic emissions","original_value":220.823,"original_unit":"metric tons/year","source_row":17948,"estimated":true}},{"type":"Feature","id":"meijer-27344","geometry":{"type":"Point","coordinates":[-79.56375,8.942917]},"properties":{"id":"meijer-27344","type":"river-plastic","name":"River outfall 27344","country":null,"source_id":"meijer-rivers-2021","year":2015,"value":220.646,"unit":"tonnes/year","metric":"Modeled floating macroplastic emissions","original_value":220.646,"original_unit":"metric tons/year","source_row":27344,"estimated":true}},{"type":"Feature","id":"meijer-27992","geometry":{"type":"Point","coordinates":[-79.56375,8.942917]},"properties":{"id":"meijer-27992","type":"river-plastic","name":"River outfall 27992","country":null,"source_id":"meijer-rivers-2021","year":2015,"value":220.646,"unit":"tonnes/year","metric":"Modeled floating macroplastic emissions","original_value":220.646,"original_unit":"metric tons/year","source_row":27992,"estimated":true}},{"type":"Feature","id":"meijer-8749","geometry":{"type":"Point","coordinates":[125.65625,7.17625]},"properties":{"id":"meijer-8749","type":"river-plastic","name":"River outfall 8749","country":null,"source_id":"meijer-rivers-2021","year":2015,"value":219.554,"unit":"tonnes/year","metric":"Modeled floating macroplastic emissions","original_value":219.554,"original_unit":"metric tons/year","source_row":8749,"estimated":true}},{"type":"Feature","id":"meijer-9148","geometry":{"type":"Point","coordinates":[123.857917,8.321667]},"properties":{"id":"meijer-9148","type":"river-plastic","name":"River outfall 9148","country":null,"source_id":"meijer-rivers-2021","year":2015,"value":219.477,"unit":"tonnes/year","metric":"Modeled floating macroplastic emissions","original_value":219.477,"original_unit":"metric tons/year","source_row":9148,"estimated":true}},{"type":"Feature","id":"meijer-9296","geometry":{"type":"Point","coordinates":[123.402083,8.63125]},"properties":{"id":"meijer-9296","type":"river-plastic","name":"River outfall 9296","country":null,"source_id":"meijer-rivers-2021","year":2015,"value":219.386,"unit":"tonnes/year","metric":"Modeled floating macroplastic emissions","original_value":219.386,"original_unit":"metric tons/year","source_row":9296,"estimated":true}},{"type":"Feature","id":"meijer-19485","geometry":{"type":"Point","coordinates":[119.221667,34.792917]},"properties":{"id":"meijer-19485","type":"river-plastic","name":"River outfall 19485","country":null,"source_id":"meijer-rivers-2021","year":2015,"value":218.916,"unit":"tonnes/year","metric":"Modeled floating macroplastic emissions","original_value":218.916,"original_unit":"metric tons/year","source_row":19485,"estimated":true}},{"type":"Feature","id":"meijer-15770","geometry":{"type":"Point","coordinates":[108.222083,16.02375]},"properties":{"id":"meijer-15770","type":"river-plastic","name":"River outfall 15770","country":null,"source_id":"meijer-rivers-2021","year":2015,"value":218.803,"unit":"tonnes/year","metric":"Modeled floating macroplastic emissions","original_value":218.803,"original_unit":"metric tons/year","source_row":15770,"estimated":true}},{"type":"Feature","id":"meijer-15816","geometry":{"type":"Point","coordinates":[108.17875,16.07625]},"properties":{"id":"meijer-15816","type":"river-plastic","name":"River outfall 15816","country":null,"source_id":"meijer-rivers-2021","year":2015,"value":218.27,"unit":"tonnes/year","metric":"Modeled floating macroplastic emissions","original_value":218.27,"original_unit":"metric tons/year","source_row":15816,"estimated":true}},{"type":"Feature","id":"meijer-13970","geometry":{"type":"Point","coordinates":[77.073333,8.312917]},"properties":{"id":"meijer-13970","type":"river-plastic","name":"River outfall 13970","country":null,"source_id":"meijer-rivers-2021","year":2015,"value":217.805,"unit":"tonnes/year","metric":"Modeled floating macroplastic emissions","original_value":217.805,"original_unit":"metric tons/year","source_row":13970,"estimated":true}},{"type":"Feature","id":"meijer-25458","geometry":{"type":"Point","coordinates":[-57.5425,-37.9775]},"properties":{"id":"meijer-25458","type":"river-plastic","name":"River outfall 25458","country":null,"source_id":"meijer-rivers-2021","year":2015,"value":217.509,"unit":"tonnes/year","metric":"Modeled floating macroplastic emissions","original_value":217.509,"original_unit":"metric tons/year","source_row":25458,"estimated":true}},{"type":"Feature","id":"meijer-14406","geometry":{"type":"Point","coordinates":[104.845417,10.145417]},"properties":{"id":"meijer-14406","type":"river-plastic","name":"River outfall 14406","country":null,"source_id":"meijer-rivers-2021","year":2015,"value":217.273,"unit":"tonnes/year","metric":"Modeled floating macroplastic emissions","original_value":217.273,"original_unit":"metric tons/year","source_row":14406,"estimated":true}},{"type":"Feature","id":"meijer-26852","geometry":{"type":"Point","coordinates":[-51.080417,-0.667083]},"properties":{"id":"meijer-26852","type":"river-plastic","name":"River outfall 26852","country":null,"source_id":"meijer-rivers-2021","year":2015,"value":216.922,"unit":"tonnes/year","metric":"Modeled floating macroplastic emissions","original_value":216.922,"original_unit":"metric tons/year","source_row":26852,"estimated":true}},{"type":"Feature","id":"meijer-14481","geometry":{"type":"Point","coordinates":[104.487083,10.375417]},"properties":{"id":"meijer-14481","type":"river-plastic","name":"River outfall 14481","country":null,"source_id":"meijer-rivers-2021","year":2015,"value":216.695,"unit":"tonnes/year","metric":"Modeled floating macroplastic emissions","original_value":216.695,"original_unit":"metric tons/year","source_row":14481,"estimated":true}},{"type":"Feature","id":"meijer-13090","geometry":{"type":"Point","coordinates":[120.574583,18.282917]},"properties":{"id":"meijer-13090","type":"river-plastic","name":"River outfall 13090","country":null,"source_id":"meijer-rivers-2021","year":2015,"value":216.636,"unit":"tonnes/year","metric":"Modeled floating macroplastic emissions","original_value":216.636,"original_unit":"metric tons/year","source_row":13090,"estimated":true}},{"type":"Feature","id":"meijer-9103","geometry":{"type":"Point","coordinates":[123.867083,8.192083]},"properties":{"id":"meijer-9103","type":"river-plastic","name":"River outfall 9103","country":null,"source_id":"meijer-rivers-2021","year":2015,"value":216.625,"unit":"tonnes/year","metric":"Modeled floating macroplastic emissions","original_value":216.625,"original_unit":"metric tons/year","source_row":9103,"estimated":true}},{"type":"Feature","id":"meijer-8936","geometry":{"type":"Point","coordinates":[123.92125,7.690417]},"properties":{"id":"meijer-8936","type":"river-plastic","name":"River outfall 8936","country":null,"source_id":"meijer-rivers-2021","year":2015,"value":216.612,"unit":"tonnes/year","metric":"Modeled floating macroplastic emissions","original_value":216.612,"original_unit":"metric tons/year","source_row":8936,"estimated":true}},{"type":"Feature","id":"meijer-17258","geometry":{"type":"Point","coordinates":[72.74875,20.20375]},"properties":{"id":"meijer-17258","type":"river-plastic","name":"River outfall 17258","country":null,"source_id":"meijer-rivers-2021","year":2015,"value":216.542,"unit":"tonnes/year","metric":"Modeled floating macroplastic emissions","original_value":216.542,"original_unit":"metric tons/year","source_row":17258,"estimated":true}},{"type":"Feature","id":"meijer-12010","geometry":{"type":"Point","coordinates":[124.227083,13.575417]},"properties":{"id":"meijer-12010","type":"river-plastic","name":"River outfall 12010","country":null,"source_id":"meijer-rivers-2021","year":2015,"value":215.983,"unit":"tonnes/year","metric":"Modeled floating macroplastic emissions","original_value":215.983,"original_unit":"metric tons/year","source_row":12010,"estimated":true}},{"type":"Feature","id":"meijer-22379","geometry":{"type":"Point","coordinates":[7.762083,36.879583]},"properties":{"id":"meijer-22379","type":"river-plastic","name":"River outfall 22379","country":null,"source_id":"meijer-rivers-2021","year":2015,"value":215.946,"unit":"tonnes/year","metric":"Modeled floating macroplastic emissions","original_value":215.946,"original_unit":"metric tons/year","source_row":22379,"estimated":true}},{"type":"Feature","id":"meijer-9830","geometry":{"type":"Point","coordinates":[126.044583,9.761667]},"properties":{"id":"meijer-9830","type":"river-plastic","name":"River outfall 9830","country":null,"source_id":"meijer-rivers-2021","year":2015,"value":215.671,"unit":"tonnes/year","metric":"Modeled floating macroplastic emissions","original_value":215.671,"original_unit":"metric tons/year","source_row":9830,"estimated":true}},{"type":"Feature","id":"meijer-8553","geometry":{"type":"Point","coordinates":[125.372917,6.720417]},"properties":{"id":"meijer-8553","type":"river-plastic","name":"River outfall 8553","country":null,"source_id":"meijer-rivers-2021","year":2015,"value":215.293,"unit":"tonnes/year","metric":"Modeled floating macroplastic emissions","original_value":215.293,"original_unit":"metric tons/year","source_row":8553,"estimated":true}},{"type":"Feature","id":"meijer-11204","geometry":{"type":"Point","coordinates":[125.442083,12.135417]},"properties":{"id":"meijer-11204","type":"river-plastic","name":"River outfall 11204","country":null,"source_id":"meijer-rivers-2021","year":2015,"value":215.077,"unit":"tonnes/year","metric":"Modeled floating macroplastic emissions","original_value":215.077,"original_unit":"metric tons/year","source_row":11204,"estimated":true}},{"type":"Feature","id":"meijer-10511","geometry":{"type":"Point","coordinates":[122.96875,10.794167]},"properties":{"id":"meijer-10511","type":"river-plastic","name":"River outfall 10511","country":null,"source_id":"meijer-rivers-2021","year":2015,"value":214.22,"unit":"tonnes/year","metric":"Modeled floating macroplastic emissions","original_value":214.22,"original_unit":"metric tons/year","source_row":10511,"estimated":true}},{"type":"Feature","id":"meijer-18799","geometry":{"type":"Point","coordinates":[116.242083,22.937083]},"properties":{"id":"meijer-18799","type":"river-plastic","name":"River outfall 18799","country":null,"source_id":"meijer-rivers-2021","year":2015,"value":214.119,"unit":"tonnes/year","metric":"Modeled floating macroplastic emissions","original_value":214.119,"original_unit":"metric tons/year","source_row":18799,"estimated":true}},{"type":"Feature","id":"meijer-16553","geometry":{"type":"Point","coordinates":[73.090417,17.842083]},"properties":{"id":"meijer-16553","type":"river-plastic","name":"River outfall 16553","country":null,"source_id":"meijer-rivers-2021","year":2015,"value":213.993,"unit":"tonnes/year","metric":"Modeled floating macroplastic emissions","original_value":213.993,"original_unit":"metric tons/year","source_row":16553,"estimated":true}},{"type":"Feature","id":"meijer-12267","geometry":{"type":"Point","coordinates":[122.590417,13.89625]},"properties":{"id":"meijer-12267","type":"river-plastic","name":"River outfall 12267","country":null,"source_id":"meijer-rivers-2021","year":2015,"value":213.413,"unit":"tonnes/year","metric":"Modeled floating macroplastic emissions","original_value":213.413,"original_unit":"metric tons/year","source_row":12267,"estimated":true}},{"type":"Feature","id":"meijer-2018","geometry":{"type":"Point","coordinates":[109.63875,-7.78625]},"properties":{"id":"meijer-2018","type":"river-plastic","name":"River outfall 2018","country":null,"source_id":"meijer-rivers-2021","year":2015,"value":211.834,"unit":"tonnes/year","metric":"Modeled floating macroplastic emissions","original_value":211.834,"original_unit":"metric tons/year","source_row":2018,"estimated":true}},{"type":"Feature","id":"meijer-14051","geometry":{"type":"Point","coordinates":[76.672917,8.78375]},"properties":{"id":"meijer-14051","type":"river-plastic","name":"River outfall 14051","country":null,"source_id":"meijer-rivers-2021","year":2015,"value":211.607,"unit":"tonnes/year","metric":"Modeled floating macroplastic emissions","original_value":211.607,"original_unit":"metric tons/year","source_row":14051,"estimated":true}},{"type":"Feature","id":"meijer-16137","geometry":{"type":"Point","coordinates":[73.404583,16.404583]},"properties":{"id":"meijer-16137","type":"river-plastic","name":"River outfall 16137","country":null,"source_id":"meijer-rivers-2021","year":2015,"value":211.532,"unit":"tonnes/year","metric":"Modeled floating macroplastic emissions","original_value":211.532,"original_unit":"metric tons/year","source_row":16137,"estimated":true}},{"type":"Feature","id":"meijer-13000","geometry":{"type":"Point","coordinates":[120.317083,16.630417]},"properties":{"id":"meijer-13000","type":"river-plastic","name":"River outfall 13000","country":null,"source_id":"meijer-rivers-2021","year":2015,"value":211.437,"unit":"tonnes/year","metric":"Modeled floating macroplastic emissions","original_value":211.437,"original_unit":"metric tons/year","source_row":13000,"estimated":true}},{"type":"Feature","id":"meijer-25780","geometry":{"type":"Point","coordinates":[-48.66625,-26.577917]},"properties":{"id":"meijer-25780","type":"river-plastic","name":"River outfall 25780","country":null,"source_id":"meijer-rivers-2021","year":2015,"value":211.252,"unit":"tonnes/year","metric":"Modeled floating macroplastic emissions","original_value":211.252,"original_unit":"metric tons/year","source_row":25780,"estimated":true}},{"type":"Feature","id":"meijer-28093","geometry":{"type":"Point","coordinates":[-84.63875,9.784583]},"properties":{"id":"meijer-28093","type":"river-plastic","name":"River outfall 28093","country":null,"source_id":"meijer-rivers-2021","year":2015,"value":211.223,"unit":"tonnes/year","metric":"Modeled floating macroplastic emissions","original_value":211.223,"original_unit":"metric tons/year","source_row":28093,"estimated":true}},{"type":"Feature","id":"meijer-11358","geometry":{"type":"Point","coordinates":[125.305,12.38375]},"properties":{"id":"meijer-11358","type":"river-plastic","name":"River outfall 11358","country":null,"source_id":"meijer-rivers-2021","year":2015,"value":210.807,"unit":"tonnes/year","metric":"Modeled floating macroplastic emissions","original_value":210.807,"original_unit":"metric tons/year","source_row":11358,"estimated":true}},{"type":"Feature","id":"meijer-12716","geometry":{"type":"Point","coordinates":[121.66125,14.767917]},"properties":{"id":"meijer-12716","type":"river-plastic","name":"River outfall 12716","country":null,"source_id":"meijer-rivers-2021","year":2015,"value":210.754,"unit":"tonnes/year","metric":"Modeled floating macroplastic emissions","original_value":210.754,"original_unit":"metric tons/year","source_row":12716,"estimated":true}},{"type":"Feature","id":"meijer-25875","geometry":{"type":"Point","coordinates":[-46.34625,-23.967917]},"properties":{"id":"meijer-25875","type":"river-plastic","name":"River outfall 25875","country":null,"source_id":"meijer-rivers-2021","year":2015,"value":210.566,"unit":"tonnes/year","metric":"Modeled floating macroplastic emissions","original_value":210.566,"original_unit":"metric tons/year","source_row":25875,"estimated":true}},{"type":"Feature","id":"meijer-1487","geometry":{"type":"Point","coordinates":[113.60125,-8.434583]},"properties":{"id":"meijer-1487","type":"river-plastic","name":"River outfall 1487","country":null,"source_id":"meijer-rivers-2021","year":2015,"value":210.486,"unit":"tonnes/year","metric":"Modeled floating macroplastic emissions","original_value":210.486,"original_unit":"metric tons/year","source_row":1487,"estimated":true}},{"type":"Feature","id":"meijer-29256","geometry":{"type":"Point","coordinates":[-72.33875,18.57625]},"properties":{"id":"meijer-29256","type":"river-plastic","name":"River outfall 29256","country":null,"source_id":"meijer-rivers-2021","year":2015,"value":210.047,"unit":"tonnes/year","metric":"Modeled floating macroplastic emissions","original_value":210.047,"original_unit":"metric tons/year","source_row":29256,"estimated":true}},{"type":"Feature","id":"meijer-15582","geometry":{"type":"Point","coordinates":[73.909583,15.410417]},"properties":{"id":"meijer-15582","type":"river-plastic","name":"River outfall 15582","country":null,"source_id":"meijer-rivers-2021","year":2015,"value":209.962,"unit":"tonnes/year","metric":"Modeled floating macroplastic emissions","original_value":209.962,"original_unit":"metric tons/year","source_row":15582,"estimated":true}},{"type":"Feature","id":"meijer-8979","geometry":{"type":"Point","coordinates":[123.447917,7.820417]},"properties":{"id":"meijer-8979","type":"river-plastic","name":"River outfall 8979","country":null,"source_id":"meijer-rivers-2021","year":2015,"value":209.83,"unit":"tonnes/year","metric":"Modeled floating macroplastic emissions","original_value":209.83,"original_unit":"metric tons/year","source_row":8979,"estimated":true}},{"type":"Feature","id":"meijer-19196","geometry":{"type":"Point","coordinates":[121.02375,28.14375]},"properties":{"id":"meijer-19196","type":"river-plastic","name":"River outfall 19196","country":null,"source_id":"meijer-rivers-2021","year":2015,"value":209.465,"unit":"tonnes/year","metric":"Modeled floating macroplastic emissions","original_value":209.465,"original_unit":"metric tons/year","source_row":19196,"estimated":true}},{"type":"Feature","id":"meijer-22198","geometry":{"type":"Point","coordinates":[14.52875,32.500417]},"properties":{"id":"meijer-22198","type":"river-plastic","name":"River outfall 22198","country":null,"source_id":"meijer-rivers-2021","year":2015,"value":209.401,"unit":"tonnes/year","metric":"Modeled floating macroplastic emissions","original_value":209.401,"original_unit":"metric tons/year","source_row":22198,"estimated":true}},{"type":"Feature","id":"meijer-11772","geometry":{"type":"Point","coordinates":[123.754583,13.167083]},"properties":{"id":"meijer-11772","type":"river-plastic","name":"River outfall 11772","country":null,"source_id":"meijer-rivers-2021","year":2015,"value":209.268,"unit":"tonnes/year","metric":"Modeled floating macroplastic emissions","original_value":209.268,"original_unit":"metric tons/year","source_row":11772,"estimated":true}},{"type":"Feature","id":"meijer-19340","geometry":{"type":"Point","coordinates":[121.11375,30.29375]},"properties":{"id":"meijer-19340","type":"river-plastic","name":"River outfall 19340","country":null,"source_id":"meijer-rivers-2021","year":2015,"value":208.436,"unit":"tonnes/year","metric":"Modeled floating macroplastic emissions","original_value":208.436,"original_unit":"metric tons/year","source_row":19340,"estimated":true}},{"type":"Feature","id":"meijer-21631","geometry":{"type":"Point","coordinates":[0.64875,5.795417]},"properties":{"id":"meijer-21631","type":"river-plastic","name":"River outfall 21631","country":null,"source_id":"meijer-rivers-2021","year":2015,"value":208.4,"unit":"tonnes/year","metric":"Modeled floating macroplastic emissions","original_value":208.4,"original_unit":"metric tons/year","source_row":21631,"estimated":true}},{"type":"Feature","id":"meijer-7046","geometry":{"type":"Point","coordinates":[111.279583,1.61875]},"properties":{"id":"meijer-7046","type":"river-plastic","name":"River outfall 7046","country":null,"source_id":"meijer-rivers-2021","year":2015,"value":208.384,"unit":"tonnes/year","metric":"Modeled floating macroplastic emissions","original_value":208.384,"original_unit":"metric tons/year","source_row":7046,"estimated":true}},{"type":"Feature","id":"meijer-28298","geometry":{"type":"Point","coordinates":[-88.810417,13.270417]},"properties":{"id":"meijer-28298","type":"river-plastic","name":"River outfall 28298","country":null,"source_id":"meijer-rivers-2021","year":2015,"value":208.212,"unit":"tonnes/year","metric":"Modeled floating macroplastic emissions","original_value":208.212,"original_unit":"metric tons/year","source_row":28298,"estimated":true}},{"type":"Feature","id":"meijer-9679","geometry":{"type":"Point","coordinates":[125.83125,9.5425]},"properties":{"id":"meijer-9679","type":"river-plastic","name":"River outfall 9679","country":null,"source_id":"meijer-rivers-2021","year":2015,"value":208.195,"unit":"tonnes/year","metric":"Modeled floating macroplastic emissions","original_value":208.195,"original_unit":"metric tons/year","source_row":9679,"estimated":true}},{"type":"Feature","id":"meijer-11372","geometry":{"type":"Point","coordinates":[121.979583,12.404167]},"properties":{"id":"meijer-11372","type":"river-plastic","name":"River outfall 11372","country":null,"source_id":"meijer-rivers-2021","year":2015,"value":208.174,"unit":"tonnes/year","metric":"Modeled floating macroplastic emissions","original_value":208.174,"original_unit":"metric tons/year","source_row":11372,"estimated":true}},{"type":"Feature","id":"meijer-18911","geometry":{"type":"Point","coordinates":[117.37875,23.945417]},"properties":{"id":"meijer-18911","type":"river-plastic","name":"River outfall 18911","country":null,"source_id":"meijer-rivers-2021","year":2015,"value":207.497,"unit":"tonnes/year","metric":"Modeled floating macroplastic emissions","original_value":207.497,"original_unit":"metric tons/year","source_row":18911,"estimated":true}},{"type":"Feature","id":"meijer-12024","geometry":{"type":"Point","coordinates":[124.28625,13.594583]},"properties":{"id":"meijer-12024","type":"river-plastic","name":"River outfall 12024","country":null,"source_id":"meijer-rivers-2021","year":2015,"value":207.19,"unit":"tonnes/year","metric":"Modeled floating macroplastic emissions","original_value":207.19,"original_unit":"metric tons/year","source_row":12024,"estimated":true}},{"type":"Feature","id":"meijer-10734","geometry":{"type":"Point","coordinates":[125.015417,11.177917]},"properties":{"id":"meijer-10734","type":"river-plastic","name":"River outfall 10734","country":null,"source_id":"meijer-rivers-2021","year":2015,"value":207.056,"unit":"tonnes/year","metric":"Modeled floating macroplastic emissions","original_value":207.056,"original_unit":"metric tons/year","source_row":10734,"estimated":true}},{"type":"Feature","id":"meijer-10035","geometry":{"type":"Point","coordinates":[122.852083,10.081667]},"properties":{"id":"meijer-10035","type":"river-plastic","name":"River outfall 10035","country":null,"source_id":"meijer-rivers-2021","year":2015,"value":207.041,"unit":"tonnes/year","metric":"Modeled floating macroplastic emissions","original_value":207.041,"original_unit":"metric tons/year","source_row":10035,"estimated":true}},{"type":"Feature","id":"meijer-10838","geometry":{"type":"Point","coordinates":[124.477083,11.377917]},"properties":{"id":"meijer-10838","type":"river-plastic","name":"River outfall 10838","country":null,"source_id":"meijer-rivers-2021","year":2015,"value":206.891,"unit":"tonnes/year","metric":"Modeled floating macroplastic emissions","original_value":206.891,"original_unit":"metric tons/year","source_row":10838,"estimated":true}},{"type":"Feature","id":"meijer-16838","geometry":{"type":"Point","coordinates":[84.80375,19.14625]},"properties":{"id":"meijer-16838","type":"river-plastic","name":"River outfall 16838","country":null,"source_id":"meijer-rivers-2021","year":2015,"value":206.449,"unit":"tonnes/year","metric":"Modeled floating macroplastic emissions","original_value":206.449,"original_unit":"metric tons/year","source_row":16838,"estimated":true}},{"type":"Feature","id":"meijer-13678","geometry":{"type":"Point","coordinates":[100.01875,6.599583]},"properties":{"id":"meijer-13678","type":"river-plastic","name":"River outfall 13678","country":null,"source_id":"meijer-rivers-2021","year":2015,"value":206.223,"unit":"tonnes/year","metric":"Modeled floating macroplastic emissions","original_value":206.223,"original_unit":"metric tons/year","source_row":13678,"estimated":true}},{"type":"Feature","id":"meijer-25871","geometry":{"type":"Point","coordinates":[-46.292917,-23.98875]},"properties":{"id":"meijer-25871","type":"river-plastic","name":"River outfall 25871","country":null,"source_id":"meijer-rivers-2021","year":2015,"value":206.127,"unit":"tonnes/year","metric":"Modeled floating macroplastic emissions","original_value":206.127,"original_unit":"metric tons/year","source_row":25871,"estimated":true}},{"type":"Feature","id":"meijer-13997","geometry":{"type":"Point","coordinates":[100.06375,8.47125]},"properties":{"id":"meijer-13997","type":"river-plastic","name":"River outfall 13997","country":null,"source_id":"meijer-rivers-2021","year":2015,"value":206.03,"unit":"tonnes/year","metric":"Modeled floating macroplastic emissions","original_value":206.03,"original_unit":"metric tons/year","source_row":13997,"estimated":true}},{"type":"Feature","id":"meijer-10608","geometry":{"type":"Point","coordinates":[122.771667,10.959167]},"properties":{"id":"meijer-10608","type":"river-plastic","name":"River outfall 10608","country":null,"source_id":"meijer-rivers-2021","year":2015,"value":206.028,"unit":"tonnes/year","metric":"Modeled floating macroplastic emissions","original_value":206.028,"original_unit":"metric tons/year","source_row":10608,"estimated":true}},{"type":"Feature","id":"meijer-15398","geometry":{"type":"Point","coordinates":[109.22625,13.812917]},"properties":{"id":"meijer-15398","type":"river-plastic","name":"River outfall 15398","country":null,"source_id":"meijer-rivers-2021","year":2015,"value":205.996,"unit":"tonnes/year","metric":"Modeled floating macroplastic emissions","original_value":205.996,"original_unit":"metric tons/year","source_row":15398,"estimated":true}},{"type":"Feature","id":"meijer-9927","geometry":{"type":"Point","coordinates":[125.98125,9.937917]},"properties":{"id":"meijer-9927","type":"river-plastic","name":"River outfall 9927","country":null,"source_id":"meijer-rivers-2021","year":2015,"value":205.976,"unit":"tonnes/year","metric":"Modeled floating macroplastic emissions","original_value":205.976,"original_unit":"metric tons/year","source_row":9927,"estimated":true}},{"type":"Feature","id":"meijer-27633","geometry":{"type":"Point","coordinates":[-63.25875,10.671667]},"properties":{"id":"meijer-27633","type":"river-plastic","name":"River outfall 27633","country":null,"source_id":"meijer-rivers-2021","year":2015,"value":205.008,"unit":"tonnes/year","metric":"Modeled floating macroplastic emissions","original_value":205.008,"original_unit":"metric tons/year","source_row":27633,"estimated":true}},{"type":"Feature","id":"meijer-11568","geometry":{"type":"Point","coordinates":[123.872083,12.67375]},"properties":{"id":"meijer-11568","type":"river-plastic","name":"River outfall 11568","country":null,"source_id":"meijer-rivers-2021","year":2015,"value":204.685,"unit":"tonnes/year","metric":"Modeled floating macroplastic emissions","original_value":204.685,"original_unit":"metric tons/year","source_row":11568,"estimated":true}},{"type":"Feature","id":"meijer-27631","geometry":{"type":"Point","coordinates":[-61.537083,10.667917]},"properties":{"id":"meijer-27631","type":"river-plastic","name":"River outfall 27631","country":null,"source_id":"meijer-rivers-2021","year":2015,"value":204.522,"unit":"tonnes/year","metric":"Modeled floating macroplastic emissions","original_value":204.522,"original_unit":"metric tons/year","source_row":27631,"estimated":true}},{"type":"Feature","id":"meijer-18953","geometry":{"type":"Point","coordinates":[118.070417,24.475417]},"properties":{"id":"meijer-18953","type":"river-plastic","name":"River outfall 18953","country":null,"source_id":"meijer-rivers-2021","year":2015,"value":204.507,"unit":"tonnes/year","metric":"Modeled floating macroplastic emissions","original_value":204.507,"original_unit":"metric tons/year","source_row":18953,"estimated":true}},{"type":"Feature","id":"meijer-12794","geometry":{"type":"Point","coordinates":[120.065417,14.98875]},"properties":{"id":"meijer-12794","type":"river-plastic","name":"River outfall 12794","country":null,"source_id":"meijer-rivers-2021","year":2015,"value":204.386,"unit":"tonnes/year","metric":"Modeled floating macroplastic emissions","original_value":204.386,"original_unit":"metric tons/year","source_row":12794,"estimated":true}},{"type":"Feature","id":"meijer-14377","geometry":{"type":"Point","coordinates":[76.255417,10.039583]},"properties":{"id":"meijer-14377","type":"river-plastic","name":"River outfall 14377","country":null,"source_id":"meijer-rivers-2021","year":2015,"value":203.949,"unit":"tonnes/year","metric":"Modeled floating macroplastic emissions","original_value":203.949,"original_unit":"metric tons/year","source_row":14377,"estimated":true}},{"type":"Feature","id":"meijer-6024","geometry":{"type":"Point","coordinates":[117.414583,-0.535417]},"properties":{"id":"meijer-6024","type":"river-plastic","name":"River outfall 6024","country":null,"source_id":"meijer-rivers-2021","year":2015,"value":203.946,"unit":"tonnes/year","metric":"Modeled floating macroplastic emissions","original_value":203.946,"original_unit":"metric tons/year","source_row":6024,"estimated":true}},{"type":"Feature","id":"meijer-13059","geometry":{"type":"Point","coordinates":[120.43625,17.742083]},"properties":{"id":"meijer-13059","type":"river-plastic","name":"River outfall 13059","country":null,"source_id":"meijer-rivers-2021","year":2015,"value":203.895,"unit":"tonnes/year","metric":"Modeled floating macroplastic emissions","original_value":203.895,"original_unit":"metric tons/year","source_row":13059,"estimated":true}},{"type":"Feature","id":"meijer-22305","geometry":{"type":"Point","coordinates":[-0.11875,35.787917]},"properties":{"id":"meijer-22305","type":"river-plastic","name":"River outfall 22305","country":null,"source_id":"meijer-rivers-2021","year":2015,"value":203.808,"unit":"tonnes/year","metric":"Modeled floating macroplastic emissions","original_value":203.808,"original_unit":"metric tons/year","source_row":22305,"estimated":true}},{"type":"Feature","id":"meijer-15429","geometry":{"type":"Point","coordinates":[98.20875,13.969583]},"properties":{"id":"meijer-15429","type":"river-plastic","name":"River outfall 15429","country":null,"source_id":"meijer-rivers-2021","year":2015,"value":203.75,"unit":"tonnes/year","metric":"Modeled floating macroplastic emissions","original_value":203.75,"original_unit":"metric tons/year","source_row":15429,"estimated":true}},{"type":"Feature","id":"meijer-16822","geometry":{"type":"Point","coordinates":[93.66375,19.070417]},"properties":{"id":"meijer-16822","type":"river-plastic","name":"River outfall 16822","country":null,"source_id":"meijer-rivers-2021","year":2015,"value":203.664,"unit":"tonnes/year","metric":"Modeled floating macroplastic emissions","original_value":203.664,"original_unit":"metric tons/year","source_row":16822,"estimated":true}},{"type":"Feature","id":"meijer-14013","geometry":{"type":"Point","coordinates":[100.005417,8.567083]},"properties":{"id":"meijer-14013","type":"river-plastic","name":"River outfall 14013","country":null,"source_id":"meijer-rivers-2021","year":2015,"value":203.357,"unit":"tonnes/year","metric":"Modeled floating macroplastic emissions","original_value":203.357,"original_unit":"metric tons/year","source_row":14013,"estimated":true}},{"type":"Feature","id":"meijer-8959","geometry":{"type":"Point","coordinates":[122.76125,7.754583]},"properties":{"id":"meijer-8959","type":"river-plastic","name":"River outfall 8959","country":null,"source_id":"meijer-rivers-2021","year":2015,"value":203.264,"unit":"tonnes/year","metric":"Modeled floating macroplastic emissions","original_value":203.264,"original_unit":"metric tons/year","source_row":8959,"estimated":true}},{"type":"Feature","id":"meijer-21115","geometry":{"type":"Point","coordinates":[9.212917,4.00375]},"properties":{"id":"meijer-21115","type":"river-plastic","name":"River outfall 21115","country":null,"source_id":"meijer-rivers-2021","year":2015,"value":203.116,"unit":"tonnes/year","metric":"Modeled floating macroplastic emissions","original_value":203.116,"original_unit":"metric tons/year","source_row":21115,"estimated":true}},{"type":"Feature","id":"meijer-25712","geometry":{"type":"Point","coordinates":[-48.857917,-28.615]},"properties":{"id":"meijer-25712","type":"river-plastic","name":"River outfall 25712","country":null,"source_id":"meijer-rivers-2021","year":2015,"value":202.975,"unit":"tonnes/year","metric":"Modeled floating macroplastic emissions","original_value":202.975,"original_unit":"metric tons/year","source_row":25712,"estimated":true}},{"type":"Feature","id":"meijer-8951","geometry":{"type":"Point","coordinates":[123.11875,7.72625]},"properties":{"id":"meijer-8951","type":"river-plastic","name":"River outfall 8951","country":null,"source_id":"meijer-rivers-2021","year":2015,"value":202.761,"unit":"tonnes/year","metric":"Modeled floating macroplastic emissions","original_value":202.761,"original_unit":"metric tons/year","source_row":8951,"estimated":true}},{"type":"Feature","id":"meijer-5829","geometry":{"type":"Point","coordinates":[100.35125,-0.93125]},"properties":{"id":"meijer-5829","type":"river-plastic","name":"River outfall 5829","country":null,"source_id":"meijer-rivers-2021","year":2015,"value":202.717,"unit":"tonnes/year","metric":"Modeled floating macroplastic emissions","original_value":202.717,"original_unit":"metric tons/year","source_row":5829,"estimated":true}},{"type":"Feature","id":"meijer-10041","geometry":{"type":"Point","coordinates":[123.65125,10.089583]},"properties":{"id":"meijer-10041","type":"river-plastic","name":"River outfall 10041","country":null,"source_id":"meijer-rivers-2021","year":2015,"value":202.449,"unit":"tonnes/year","metric":"Modeled floating macroplastic emissions","original_value":202.449,"original_unit":"metric tons/year","source_row":10041,"estimated":true}},{"type":"Feature","id":"meijer-15922","geometry":{"type":"Point","coordinates":[95.277917,16.180833]},"properties":{"id":"meijer-15922","type":"river-plastic","name":"River outfall 15922","country":null,"source_id":"meijer-rivers-2021","year":2015,"value":202.415,"unit":"tonnes/year","metric":"Modeled floating macroplastic emissions","original_value":202.415,"original_unit":"metric tons/year","source_row":15922,"estimated":true}},{"type":"Feature","id":"meijer-15191","geometry":{"type":"Point","coordinates":[74.892083,12.70625]},"properties":{"id":"meijer-15191","type":"river-plastic","name":"River outfall 15191","country":null,"source_id":"meijer-rivers-2021","year":2015,"value":202.137,"unit":"tonnes/year","metric":"Modeled floating macroplastic emissions","original_value":202.137,"original_unit":"metric tons/year","source_row":15191,"estimated":true}},{"type":"Feature","id":"meijer-18726","geometry":{"type":"Point","coordinates":[113.31375,22.799583]},"properties":{"id":"meijer-18726","type":"river-plastic","name":"River outfall 18726","country":null,"source_id":"meijer-rivers-2021","year":2015,"value":201.828,"unit":"tonnes/year","metric":"Modeled floating macroplastic emissions","original_value":201.828,"original_unit":"metric tons/year","source_row":18726,"estimated":true}},{"type":"Feature","id":"meijer-20037","geometry":{"type":"Point","coordinates":[31.00125,-29.884583]},"properties":{"id":"meijer-20037","type":"river-plastic","name":"River outfall 20037","country":null,"source_id":"meijer-rivers-2021","year":2015,"value":201.776,"unit":"tonnes/year","metric":"Modeled floating macroplastic emissions","original_value":201.776,"original_unit":"metric tons/year","source_row":20037,"estimated":true}},{"type":"Feature","id":"meijer-12171","geometry":{"type":"Point","coordinates":[120.99875,13.782917]},"properties":{"id":"meijer-12171","type":"river-plastic","name":"River outfall 12171","country":null,"source_id":"meijer-rivers-2021","year":2015,"value":201.533,"unit":"tonnes/year","metric":"Modeled floating macroplastic emissions","original_value":201.533,"original_unit":"metric tons/year","source_row":12171,"estimated":true}},{"type":"Feature","id":"meijer-9077","geometry":{"type":"Point","coordinates":[123.832917,8.14125]},"properties":{"id":"meijer-9077","type":"river-plastic","name":"River outfall 9077","country":null,"source_id":"meijer-rivers-2021","year":2015,"value":201.437,"unit":"tonnes/year","metric":"Modeled floating macroplastic emissions","original_value":201.437,"original_unit":"metric tons/year","source_row":9077,"estimated":true}},{"type":"Feature","id":"meijer-10442","geometry":{"type":"Point","coordinates":[124.795417,10.69875]},"properties":{"id":"meijer-10442","type":"river-plastic","name":"River outfall 10442","country":null,"source_id":"meijer-rivers-2021","year":2015,"value":201.314,"unit":"tonnes/year","metric":"Modeled floating macroplastic emissions","original_value":201.314,"original_unit":"metric tons/year","source_row":10442,"estimated":true}},{"type":"Feature","id":"meijer-12648","geometry":{"type":"Point","coordinates":[120.585417,14.629583]},"properties":{"id":"meijer-12648","type":"river-plastic","name":"River outfall 12648","country":null,"source_id":"meijer-rivers-2021","year":2015,"value":201.206,"unit":"tonnes/year","metric":"Modeled floating macroplastic emissions","original_value":201.206,"original_unit":"metric tons/year","source_row":12648,"estimated":true}},{"type":"Feature","id":"meijer-13029","geometry":{"type":"Point","coordinates":[120.41875,17.225417]},"properties":{"id":"meijer-13029","type":"river-plastic","name":"River outfall 13029","country":null,"source_id":"meijer-rivers-2021","year":2015,"value":201.016,"unit":"tonnes/year","metric":"Modeled floating macroplastic emissions","original_value":201.016,"original_unit":"metric tons/year","source_row":13029,"estimated":true}},{"type":"Feature","id":"meijer-10459","geometry":{"type":"Point","coordinates":[121.96625,10.71625]},"properties":{"id":"meijer-10459","type":"river-plastic","name":"River outfall 10459","country":null,"source_id":"meijer-rivers-2021","year":2015,"value":200.864,"unit":"tonnes/year","metric":"Modeled floating macroplastic emissions","original_value":200.864,"original_unit":"metric tons/year","source_row":10459,"estimated":true}},{"type":"Feature","id":"meijer-21861","geometry":{"type":"Point","coordinates":[-13.64375,9.617083]},"properties":{"id":"meijer-21861","type":"river-plastic","name":"River outfall 21861","country":null,"source_id":"meijer-rivers-2021","year":2015,"value":200.817,"unit":"tonnes/year","metric":"Modeled floating macroplastic emissions","original_value":200.817,"original_unit":"metric tons/year","source_row":21861,"estimated":true}},{"type":"Feature","id":"meijer-10861","geometry":{"type":"Point","coordinates":[125.547917,11.41625]},"properties":{"id":"meijer-10861","type":"river-plastic","name":"River outfall 10861","country":null,"source_id":"meijer-rivers-2021","year":2015,"value":200.784,"unit":"tonnes/year","metric":"Modeled floating macroplastic emissions","original_value":200.784,"original_unit":"metric tons/year","source_row":10861,"estimated":true}},{"type":"Feature","id":"meijer-12773","geometry":{"type":"Point","coordinates":[120.22875,14.87625]},"properties":{"id":"meijer-12773","type":"river-plastic","name":"River outfall 12773","country":null,"source_id":"meijer-rivers-2021","year":2015,"value":200.673,"unit":"tonnes/year","metric":"Modeled floating macroplastic emissions","original_value":200.673,"original_unit":"metric tons/year","source_row":12773,"estimated":true}},{"type":"Feature","id":"meijer-16655","geometry":{"type":"Point","coordinates":[105.88875,18.3975]},"properties":{"id":"meijer-16655","type":"river-plastic","name":"River outfall 16655","country":null,"source_id":"meijer-rivers-2021","year":2015,"value":200.243,"unit":"tonnes/year","metric":"Modeled floating macroplastic emissions","original_value":200.243,"original_unit":"metric tons/year","source_row":16655,"estimated":true}},{"type":"Feature","id":"meijer-21457","geometry":{"type":"Point","coordinates":[-2.279583,4.905417]},"properties":{"id":"meijer-21457","type":"river-plastic","name":"River outfall 21457","country":null,"source_id":"meijer-rivers-2021","year":2015,"value":200.233,"unit":"tonnes/year","metric":"Modeled floating macroplastic emissions","original_value":200.233,"original_unit":"metric tons/year","source_row":21457,"estimated":true}},{"type":"Feature","id":"meijer-16379","geometry":{"type":"Point","coordinates":[107.15875,16.88125]},"properties":{"id":"meijer-16379","type":"river-plastic","name":"River outfall 16379","country":null,"source_id":"meijer-rivers-2021","year":2015,"value":200.09,"unit":"tonnes/year","metric":"Modeled floating macroplastic emissions","original_value":200.09,"original_unit":"metric tons/year","source_row":16379,"estimated":true}},{"type":"Feature","id":"meijer-9158","geometry":{"type":"Point","coordinates":[126.332083,8.362917]},"properties":{"id":"meijer-9158","type":"river-plastic","name":"River outfall 9158","country":null,"source_id":"meijer-rivers-2021","year":2015,"value":200.029,"unit":"tonnes/year","metric":"Modeled floating macroplastic emissions","original_value":200.029,"original_unit":"metric tons/year","source_row":9158,"estimated":true}},{"type":"Feature","id":"meijer-17875","geometry":{"type":"Point","coordinates":[87.749583,21.69375]},"properties":{"id":"meijer-17875","type":"river-plastic","name":"River outfall 17875","country":null,"source_id":"meijer-rivers-2021","year":2015,"value":199.496,"unit":"tonnes/year","metric":"Modeled floating macroplastic emissions","original_value":199.496,"original_unit":"metric tons/year","source_row":17875,"estimated":true}},{"type":"Feature","id":"meijer-12689","geometry":{"type":"Point","coordinates":[120.549583,14.712917]},"properties":{"id":"meijer-12689","type":"river-plastic","name":"River outfall 12689","country":null,"source_id":"meijer-rivers-2021","year":2015,"value":199.349,"unit":"tonnes/year","metric":"Modeled floating macroplastic emissions","original_value":199.349,"original_unit":"metric tons/year","source_row":12689,"estimated":true}},{"type":"Feature","id":"meijer-10957","geometry":{"type":"Point","coordinates":[124.577917,11.58625]},"properties":{"id":"meijer-10957","type":"river-plastic","name":"River outfall 10957","country":null,"source_id":"meijer-rivers-2021","year":2015,"value":199.283,"unit":"tonnes/year","metric":"Modeled floating macroplastic emissions","original_value":199.283,"original_unit":"metric tons/year","source_row":10957,"estimated":true}},{"type":"Feature","id":"meijer-21523","geometry":{"type":"Point","coordinates":[-3.725417,5.19375]},"properties":{"id":"meijer-21523","type":"river-plastic","name":"River outfall 21523","country":null,"source_id":"meijer-rivers-2021","year":2015,"value":199.26,"unit":"tonnes/year","metric":"Modeled floating macroplastic emissions","original_value":199.26,"original_unit":"metric tons/year","source_row":21523,"estimated":true}},{"type":"Feature","id":"meijer-14624","geometry":{"type":"Point","coordinates":[75.90625,10.83625]},"properties":{"id":"meijer-14624","type":"river-plastic","name":"River outfall 14624","country":null,"source_id":"meijer-rivers-2021","year":2015,"value":199.134,"unit":"tonnes/year","metric":"Modeled floating macroplastic emissions","original_value":199.134,"original_unit":"metric tons/year","source_row":14624,"estimated":true}},{"type":"Feature","id":"meijer-26526","geometry":{"type":"Point","coordinates":[-79.91375,-2.27375]},"properties":{"id":"meijer-26526","type":"river-plastic","name":"River outfall 26526","country":null,"source_id":"meijer-rivers-2021","year":2015,"value":199.086,"unit":"tonnes/year","metric":"Modeled floating macroplastic emissions","original_value":199.086,"original_unit":"metric tons/year","source_row":26526,"estimated":true}},{"type":"Feature","id":"meijer-16222","geometry":{"type":"Point","coordinates":[97.450417,16.539583]},"properties":{"id":"meijer-16222","type":"river-plastic","name":"River outfall 16222","country":null,"source_id":"meijer-rivers-2021","year":2015,"value":198.963,"unit":"tonnes/year","metric":"Modeled floating macroplastic emissions","original_value":198.963,"original_unit":"metric tons/year","source_row":16222,"estimated":true}},{"type":"Feature","id":"meijer-21037","geometry":{"type":"Point","coordinates":[9.654045,4.059289]},"properties":{"id":"meijer-21037","type":"river-plastic","name":"River outfall 21037","country":null,"source_id":"meijer-rivers-2021","year":2015,"value":198.611,"unit":"tonnes/year","metric":"Modeled floating macroplastic emissions","original_value":198.611,"original_unit":"metric tons/year","source_row":21037,"estimated":true}},{"type":"Feature","id":"meijer-10184","geometry":{"type":"Point","coordinates":[124.792083,10.302083]},"properties":{"id":"meijer-10184","type":"river-plastic","name":"River outfall 10184","country":null,"source_id":"meijer-rivers-2021","year":2015,"value":198.416,"unit":"tonnes/year","metric":"Modeled floating macroplastic emissions","original_value":198.416,"original_unit":"metric tons/year","source_row":10184,"estimated":true}},{"type":"Feature","id":"meijer-10630","geometry":{"type":"Point","coordinates":[122.805417,10.995417]},"properties":{"id":"meijer-10630","type":"river-plastic","name":"River outfall 10630","country":null,"source_id":"meijer-rivers-2021","year":2015,"value":198.108,"unit":"tonnes/year","metric":"Modeled floating macroplastic emissions","original_value":198.108,"original_unit":"metric tons/year","source_row":10630,"estimated":true}},{"type":"Feature","id":"meijer-25705","geometry":{"type":"Point","coordinates":[-49.34375,-28.92375]},"properties":{"id":"meijer-25705","type":"river-plastic","name":"River outfall 25705","country":null,"source_id":"meijer-rivers-2021","year":2015,"value":198.002,"unit":"tonnes/year","metric":"Modeled floating macroplastic emissions","original_value":198.002,"original_unit":"metric tons/year","source_row":25705,"estimated":true}},{"type":"Feature","id":"meijer-16565","geometry":{"type":"Point","coordinates":[73.064167,17.932917]},"properties":{"id":"meijer-16565","type":"river-plastic","name":"River outfall 16565","country":null,"source_id":"meijer-rivers-2021","year":2015,"value":197.892,"unit":"tonnes/year","metric":"Modeled floating macroplastic emissions","original_value":197.892,"original_unit":"metric tons/year","source_row":16565,"estimated":true}},{"type":"Feature","id":"meijer-21005","geometry":{"type":"Point","coordinates":[9.65375,3.550417]},"properties":{"id":"meijer-21005","type":"river-plastic","name":"River outfall 21005","country":null,"source_id":"meijer-rivers-2021","year":2015,"value":197.534,"unit":"tonnes/year","metric":"Modeled floating macroplastic emissions","original_value":197.534,"original_unit":"metric tons/year","source_row":21005,"estimated":true}},{"type":"Feature","id":"meijer-12508","geometry":{"type":"Point","coordinates":[122.96375,14.152083]},"properties":{"id":"meijer-12508","type":"river-plastic","name":"River outfall 12508","country":null,"source_id":"meijer-rivers-2021","year":2015,"value":197.407,"unit":"tonnes/year","metric":"Modeled floating macroplastic emissions","original_value":197.407,"original_unit":"metric tons/year","source_row":12508,"estimated":true}},{"type":"Feature","id":"meijer-18785","geometry":{"type":"Point","coordinates":[115.614583,22.8975]},"properties":{"id":"meijer-18785","type":"river-plastic","name":"River outfall 18785","country":null,"source_id":"meijer-rivers-2021","year":2015,"value":197.234,"unit":"tonnes/year","metric":"Modeled floating macroplastic emissions","original_value":197.234,"original_unit":"metric tons/year","source_row":18785,"estimated":true}},{"type":"Feature","id":"meijer-10629","geometry":{"type":"Point","coordinates":[123.234583,10.994583]},"properties":{"id":"meijer-10629","type":"river-plastic","name":"River outfall 10629","country":null,"source_id":"meijer-rivers-2021","year":2015,"value":197.094,"unit":"tonnes/year","metric":"Modeled floating macroplastic emissions","original_value":197.094,"original_unit":"metric tons/year","source_row":10629,"estimated":true}},{"type":"Feature","id":"meijer-16189","geometry":{"type":"Point","coordinates":[94.722083,16.504583]},"properties":{"id":"meijer-16189","type":"river-plastic","name":"River outfall 16189","country":null,"source_id":"meijer-rivers-2021","year":2015,"value":196.783,"unit":"tonnes/year","metric":"Modeled floating macroplastic emissions","original_value":196.783,"original_unit":"metric tons/year","source_row":16189,"estimated":true}},{"type":"Feature","id":"meijer-26296","geometry":{"type":"Point","coordinates":[-34.96875,-8.382917]},"properties":{"id":"meijer-26296","type":"river-plastic","name":"River outfall 26296","country":null,"source_id":"meijer-rivers-2021","year":2015,"value":196.681,"unit":"tonnes/year","metric":"Modeled floating macroplastic emissions","original_value":196.681,"original_unit":"metric tons/year","source_row":26296,"estimated":true}},{"type":"Feature","id":"meijer-22369","geometry":{"type":"Point","coordinates":[3.66875,36.83875]},"properties":{"id":"meijer-22369","type":"river-plastic","name":"River outfall 22369","country":null,"source_id":"meijer-rivers-2021","year":2015,"value":196.601,"unit":"tonnes/year","metric":"Modeled floating macroplastic emissions","original_value":196.601,"original_unit":"metric tons/year","source_row":22369,"estimated":true}},{"type":"Feature","id":"meijer-12037","geometry":{"type":"Point","coordinates":[123.539583,13.607083]},"properties":{"id":"meijer-12037","type":"river-plastic","name":"River outfall 12037","country":null,"source_id":"meijer-rivers-2021","year":2015,"value":196.468,"unit":"tonnes/year","metric":"Modeled floating macroplastic emissions","original_value":196.468,"original_unit":"metric tons/year","source_row":12037,"estimated":true}},{"type":"Feature","id":"meijer-22422","geometry":{"type":"Point","coordinates":[10.185,37.112083]},"properties":{"id":"meijer-22422","type":"river-plastic","name":"River outfall 22422","country":null,"source_id":"meijer-rivers-2021","year":2015,"value":196.048,"unit":"tonnes/year","metric":"Modeled floating macroplastic emissions","original_value":196.048,"original_unit":"metric tons/year","source_row":22422,"estimated":true}},{"type":"Feature","id":"meijer-19776","geometry":{"type":"Point","coordinates":[122.159583,40.707917]},"properties":{"id":"meijer-19776","type":"river-plastic","name":"River outfall 19776","country":null,"source_id":"meijer-rivers-2021","year":2015,"value":195.89,"unit":"tonnes/year","metric":"Modeled floating macroplastic emissions","original_value":195.89,"original_unit":"metric tons/year","source_row":19776,"estimated":true}},{"type":"Feature","id":"meijer-13325","geometry":{"type":"Point","coordinates":[101.712083,2.59625]},"properties":{"id":"meijer-13325","type":"river-plastic","name":"River outfall 13325","country":null,"source_id":"meijer-rivers-2021","year":2015,"value":195.114,"unit":"tonnes/year","metric":"Modeled floating macroplastic emissions","original_value":195.114,"original_unit":"metric tons/year","source_row":13325,"estimated":true}},{"type":"Feature","id":"meijer-16498","geometry":{"type":"Point","coordinates":[82.872917,17.424583]},"properties":{"id":"meijer-16498","type":"river-plastic","name":"River outfall 16498","country":null,"source_id":"meijer-rivers-2021","year":2015,"value":195.002,"unit":"tonnes/year","metric":"Modeled floating macroplastic emissions","original_value":195.002,"original_unit":"metric tons/year","source_row":16498,"estimated":true}},{"type":"Feature","id":"meijer-9052","geometry":{"type":"Point","coordinates":[122.61875,8.105417]},"properties":{"id":"meijer-9052","type":"river-plastic","name":"River outfall 9052","country":null,"source_id":"meijer-rivers-2021","year":2015,"value":194.527,"unit":"tonnes/year","metric":"Modeled floating macroplastic emissions","original_value":194.527,"original_unit":"metric tons/year","source_row":9052,"estimated":true}},{"type":"Feature","id":"meijer-13419","geometry":{"type":"Point","coordinates":[100.845,3.85375]},"properties":{"id":"meijer-13419","type":"river-plastic","name":"River outfall 13419","country":null,"source_id":"meijer-rivers-2021","year":2015,"value":193.859,"unit":"tonnes/year","metric":"Modeled floating macroplastic emissions","original_value":193.859,"original_unit":"metric tons/year","source_row":13419,"estimated":true}},{"type":"Feature","id":"meijer-10613","geometry":{"type":"Point","coordinates":[123.28375,10.97125]},"properties":{"id":"meijer-10613","type":"river-plastic","name":"River outfall 10613","country":null,"source_id":"meijer-rivers-2021","year":2015,"value":193.694,"unit":"tonnes/year","metric":"Modeled floating macroplastic emissions","original_value":193.694,"original_unit":"metric tons/year","source_row":10613,"estimated":true}},{"type":"Feature","id":"meijer-29157","geometry":{"type":"Point","coordinates":[-69.309583,18.45]},"properties":{"id":"meijer-29157","type":"river-plastic","name":"River outfall 29157","country":null,"source_id":"meijer-rivers-2021","year":2015,"value":193.627,"unit":"tonnes/year","metric":"Modeled floating macroplastic emissions","original_value":193.627,"original_unit":"metric tons/year","source_row":29157,"estimated":true}},{"type":"Feature","id":"meijer-16813","geometry":{"type":"Point","coordinates":[73.005,19.02875]},"properties":{"id":"meijer-16813","type":"river-plastic","name":"River outfall 16813","country":null,"source_id":"meijer-rivers-2021","year":2015,"value":193.492,"unit":"tonnes/year","metric":"Modeled floating macroplastic emissions","original_value":193.492,"original_unit":"metric tons/year","source_row":16813,"estimated":true}},{"type":"Feature","id":"meijer-16268","geometry":{"type":"Point","coordinates":[73.382083,16.612083]},"properties":{"id":"meijer-16268","type":"river-plastic","name":"River outfall 16268","country":null,"source_id":"meijer-rivers-2021","year":2015,"value":193.114,"unit":"tonnes/year","metric":"Modeled floating macroplastic emissions","original_value":193.114,"original_unit":"metric tons/year","source_row":16268,"estimated":true}},{"type":"Feature","id":"meijer-13987","geometry":{"type":"Point","coordinates":[100.14125,8.389583]},"properties":{"id":"meijer-13987","type":"river-plastic","name":"River outfall 13987","country":null,"source_id":"meijer-rivers-2021","year":2015,"value":192.039,"unit":"tonnes/year","metric":"Modeled floating macroplastic emissions","original_value":192.039,"original_unit":"metric tons/year","source_row":13987,"estimated":true}},{"type":"Feature","id":"meijer-12334","geometry":{"type":"Point","coordinates":[120.732917,13.933333]},"properties":{"id":"meijer-12334","type":"river-plastic","name":"River outfall 12334","country":null,"source_id":"meijer-rivers-2021","year":2015,"value":191.547,"unit":"tonnes/year","metric":"Modeled floating macroplastic emissions","original_value":191.547,"original_unit":"metric tons/year","source_row":12334,"estimated":true}},{"type":"Feature","id":"meijer-11383","geometry":{"type":"Point","coordinates":[120.974583,12.43375]},"properties":{"id":"meijer-11383","type":"river-plastic","name":"River outfall 11383","country":null,"source_id":"meijer-rivers-2021","year":2015,"value":191.426,"unit":"tonnes/year","metric":"Modeled floating macroplastic emissions","original_value":191.426,"original_unit":"metric tons/year","source_row":11383,"estimated":true}},{"type":"Feature","id":"meijer-29420","geometry":{"type":"Point","coordinates":[-72.682917,19.415417]},"properties":{"id":"meijer-29420","type":"river-plastic","name":"River outfall 29420","country":null,"source_id":"meijer-rivers-2021","year":2015,"value":191.354,"unit":"tonnes/year","metric":"Modeled floating macroplastic emissions","original_value":191.354,"original_unit":"metric tons/year","source_row":29420,"estimated":true}},{"type":"Feature","id":"meijer-9412","geometry":{"type":"Point","coordinates":[126.272083,8.977083]},"properties":{"id":"meijer-9412","type":"river-plastic","name":"River outfall 9412","country":null,"source_id":"meijer-rivers-2021","year":2015,"value":191.294,"unit":"tonnes/year","metric":"Modeled floating macroplastic emissions","original_value":191.294,"original_unit":"metric tons/year","source_row":9412,"estimated":true}},{"type":"Feature","id":"meijer-28651","geometry":{"type":"Point","coordinates":[-87.717917,15.91875]},"properties":{"id":"meijer-28651","type":"river-plastic","name":"River outfall 28651","country":null,"source_id":"meijer-rivers-2021","year":2015,"value":190.788,"unit":"tonnes/year","metric":"Modeled floating macroplastic emissions","original_value":190.788,"original_unit":"metric tons/year","source_row":28651,"estimated":true}},{"type":"Feature","id":"meijer-12153","geometry":{"type":"Point","coordinates":[121.03375,13.767083]},"properties":{"id":"meijer-12153","type":"river-plastic","name":"River outfall 12153","country":null,"source_id":"meijer-rivers-2021","year":2015,"value":190.632,"unit":"tonnes/year","metric":"Modeled floating macroplastic emissions","original_value":190.632,"original_unit":"metric tons/year","source_row":12153,"estimated":true}},{"type":"Feature","id":"meijer-7636","geometry":{"type":"Point","coordinates":[98.845417,3.702083]},"properties":{"id":"meijer-7636","type":"river-plastic","name":"River outfall 7636","country":null,"source_id":"meijer-rivers-2021","year":2015,"value":190.575,"unit":"tonnes/year","metric":"Modeled floating macroplastic emissions","original_value":190.575,"original_unit":"metric tons/year","source_row":7636,"estimated":true}},{"type":"Feature","id":"meijer-21814","geometry":{"type":"Point","coordinates":[-12.91125,8.557917]},"properties":{"id":"meijer-21814","type":"river-plastic","name":"River outfall 21814","country":null,"source_id":"meijer-rivers-2021","year":2015,"value":190.554,"unit":"tonnes/year","metric":"Modeled floating macroplastic emissions","original_value":190.554,"original_unit":"metric tons/year","source_row":21814,"estimated":true}},{"type":"Feature","id":"meijer-16576","geometry":{"type":"Point","coordinates":[83.56625,18.012083]},"properties":{"id":"meijer-16576","type":"river-plastic","name":"River outfall 16576","country":null,"source_id":"meijer-rivers-2021","year":2015,"value":190.189,"unit":"tonnes/year","metric":"Modeled floating macroplastic emissions","original_value":190.189,"original_unit":"metric tons/year","source_row":16576,"estimated":true}},{"type":"Feature","id":"meijer-17713","geometry":{"type":"Point","coordinates":[72.689583,21.459583]},"properties":{"id":"meijer-17713","type":"river-plastic","name":"River outfall 17713","country":null,"source_id":"meijer-rivers-2021","year":2015,"value":190.013,"unit":"tonnes/year","metric":"Modeled floating macroplastic emissions","original_value":190.013,"original_unit":"metric tons/year","source_row":17713,"estimated":true}},{"type":"Feature","id":"meijer-21504","geometry":{"type":"Point","coordinates":[5.449583,5.132917]},"properties":{"id":"meijer-21504","type":"river-plastic","name":"River outfall 21504","country":null,"source_id":"meijer-rivers-2021","year":2015,"value":189.661,"unit":"tonnes/year","metric":"Modeled floating macroplastic emissions","original_value":189.661,"original_unit":"metric tons/year","source_row":21504,"estimated":true}},{"type":"Feature","id":"meijer-15132","geometry":{"type":"Point","coordinates":[74.95625,12.549583]},"properties":{"id":"meijer-15132","type":"river-plastic","name":"River outfall 15132","country":null,"source_id":"meijer-rivers-2021","year":2015,"value":189.647,"unit":"tonnes/year","metric":"Modeled floating macroplastic emissions","original_value":189.647,"original_unit":"metric tons/year","source_row":15132,"estimated":true}},{"type":"Feature","id":"meijer-12159","geometry":{"type":"Point","coordinates":[121.017917,13.77625]},"properties":{"id":"meijer-12159","type":"river-plastic","name":"River outfall 12159","country":null,"source_id":"meijer-rivers-2021","year":2015,"value":189.248,"unit":"tonnes/year","metric":"Modeled floating macroplastic emissions","original_value":189.248,"original_unit":"metric tons/year","source_row":12159,"estimated":true}},{"type":"Feature","id":"meijer-13066","geometry":{"type":"Point","coordinates":[120.44625,17.854583]},"properties":{"id":"meijer-13066","type":"river-plastic","name":"River outfall 13066","country":null,"source_id":"meijer-rivers-2021","year":2015,"value":188.943,"unit":"tonnes/year","metric":"Modeled floating macroplastic emissions","original_value":188.943,"original_unit":"metric tons/year","source_row":13066,"estimated":true}},{"type":"Feature","id":"meijer-12826","geometry":{"type":"Point","coordinates":[120.01375,15.27125]},"properties":{"id":"meijer-12826","type":"river-plastic","name":"River outfall 12826","country":null,"source_id":"meijer-rivers-2021","year":2015,"value":188.924,"unit":"tonnes/year","metric":"Modeled floating macroplastic emissions","original_value":188.924,"original_unit":"metric tons/year","source_row":12826,"estimated":true}},{"type":"Feature","id":"meijer-13916","geometry":{"type":"Point","coordinates":[77.484583,8.089583]},"properties":{"id":"meijer-13916","type":"river-plastic","name":"River outfall 13916","country":null,"source_id":"meijer-rivers-2021","year":2015,"value":188.557,"unit":"tonnes/year","metric":"Modeled floating macroplastic emissions","original_value":188.557,"original_unit":"metric tons/year","source_row":13916,"estimated":true}},{"type":"Feature","id":"meijer-13601","geometry":{"type":"Point","coordinates":[81.022917,6.10625]},"properties":{"id":"meijer-13601","type":"river-plastic","name":"River outfall 13601","country":null,"source_id":"meijer-rivers-2021","year":2015,"value":188.105,"unit":"tonnes/year","metric":"Modeled floating macroplastic emissions","original_value":188.105,"original_unit":"metric tons/year","source_row":13601,"estimated":true}},{"type":"Feature","id":"meijer-19569","geometry":{"type":"Point","coordinates":[120.142917,36.182917]},"properties":{"id":"meijer-19569","type":"river-plastic","name":"River outfall 19569","country":null,"source_id":"meijer-rivers-2021","year":2015,"value":188.092,"unit":"tonnes/year","metric":"Modeled floating macroplastic emissions","original_value":188.092,"original_unit":"metric tons/year","source_row":19569,"estimated":true}},{"type":"Feature","id":"meijer-15252","geometry":{"type":"Point","coordinates":[109.30875,13.062917]},"properties":{"id":"meijer-15252","type":"river-plastic","name":"River outfall 15252","country":null,"source_id":"meijer-rivers-2021","year":2015,"value":187.151,"unit":"tonnes/year","metric":"Modeled floating macroplastic emissions","original_value":187.151,"original_unit":"metric tons/year","source_row":15252,"estimated":true}},{"type":"Feature","id":"meijer-15399","geometry":{"type":"Point","coordinates":[74.62125,13.81375]},"properties":{"id":"meijer-15399","type":"river-plastic","name":"River outfall 15399","country":null,"source_id":"meijer-rivers-2021","year":2015,"value":186.714,"unit":"tonnes/year","metric":"Modeled floating macroplastic emissions","original_value":186.714,"original_unit":"metric tons/year","source_row":15399,"estimated":true}},{"type":"Feature","id":"meijer-11918","geometry":{"type":"Point","coordinates":[121.09375,13.41625]},"properties":{"id":"meijer-11918","type":"river-plastic","name":"River outfall 11918","country":null,"source_id":"meijer-rivers-2021","year":2015,"value":186.491,"unit":"tonnes/year","metric":"Modeled floating macroplastic emissions","original_value":186.491,"original_unit":"metric tons/year","source_row":11918,"estimated":true}},{"type":"Feature","id":"meijer-13747","geometry":{"type":"Point","coordinates":[100.704583,7.05875]},"properties":{"id":"meijer-13747","type":"river-plastic","name":"River outfall 13747","country":null,"source_id":"meijer-rivers-2021","year":2015,"value":186.476,"unit":"tonnes/year","metric":"Modeled floating macroplastic emissions","original_value":186.476,"original_unit":"metric tons/year","source_row":13747,"estimated":true}},{"type":"Feature","id":"meijer-17747","geometry":{"type":"Point","coordinates":[87.124583,21.51625]},"properties":{"id":"meijer-17747","type":"river-plastic","name":"River outfall 17747","country":null,"source_id":"meijer-rivers-2021","year":2015,"value":186.181,"unit":"tonnes/year","metric":"Modeled floating macroplastic emissions","original_value":186.181,"original_unit":"metric tons/year","source_row":17747,"estimated":true}},{"type":"Feature","id":"meijer-6149","geometry":{"type":"Point","coordinates":[99.76,-0.100417]},"properties":{"id":"meijer-6149","type":"river-plastic","name":"River outfall 6149","country":null,"source_id":"meijer-rivers-2021","year":2015,"value":186.153,"unit":"tonnes/year","metric":"Modeled floating macroplastic emissions","original_value":186.153,"original_unit":"metric tons/year","source_row":6149,"estimated":true}},{"type":"Feature","id":"meijer-14507","geometry":{"type":"Point","coordinates":[107.137917,10.462917]},"properties":{"id":"meijer-14507","type":"river-plastic","name":"River outfall 14507","country":null,"source_id":"meijer-rivers-2021","year":2015,"value":186.152,"unit":"tonnes/year","metric":"Modeled floating macroplastic emissions","original_value":186.152,"original_unit":"metric tons/year","source_row":14507,"estimated":true}},{"type":"Feature","id":"meijer-17655","geometry":{"type":"Point","coordinates":[72.109583,21.302083]},"properties":{"id":"meijer-17655","type":"river-plastic","name":"River outfall 17655","country":null,"source_id":"meijer-rivers-2021","year":2015,"value":185.917,"unit":"tonnes/year","metric":"Modeled floating macroplastic emissions","original_value":185.917,"original_unit":"metric tons/year","source_row":17655,"estimated":true}},{"type":"Feature","id":"meijer-18802","geometry":{"type":"Point","coordinates":[113.614583,22.939583]},"properties":{"id":"meijer-18802","type":"river-plastic","name":"River outfall 18802","country":null,"source_id":"meijer-rivers-2021","year":2015,"value":185.707,"unit":"tonnes/year","metric":"Modeled floating macroplastic emissions","original_value":185.707,"original_unit":"metric tons/year","source_row":18802,"estimated":true}},{"type":"Feature","id":"meijer-5852","geometry":{"type":"Point","coordinates":[119.859583,-0.885417]},"properties":{"id":"meijer-5852","type":"river-plastic","name":"River outfall 5852","country":null,"source_id":"meijer-rivers-2021","year":2015,"value":185.637,"unit":"tonnes/year","metric":"Modeled floating macroplastic emissions","original_value":185.637,"original_unit":"metric tons/year","source_row":5852,"estimated":true}},{"type":"Feature","id":"meijer-18793","geometry":{"type":"Point","coordinates":[90.72375,22.92]},"properties":{"id":"meijer-18793","type":"river-plastic","name":"River outfall 18793","country":null,"source_id":"meijer-rivers-2021","year":2015,"value":185.364,"unit":"tonnes/year","metric":"Modeled floating macroplastic emissions","original_value":185.364,"original_unit":"metric tons/year","source_row":18793,"estimated":true}},{"type":"Feature","id":"meijer-8385","geometry":{"type":"Point","coordinates":[125.25,6.09625]},"properties":{"id":"meijer-8385","type":"river-plastic","name":"River outfall 8385","country":null,"source_id":"meijer-rivers-2021","year":2015,"value":185.271,"unit":"tonnes/year","metric":"Modeled floating macroplastic emissions","original_value":185.271,"original_unit":"metric tons/year","source_row":8385,"estimated":true}},{"type":"Feature","id":"meijer-16959","geometry":{"type":"Point","coordinates":[72.780417,19.495417]},"properties":{"id":"meijer-16959","type":"river-plastic","name":"River outfall 16959","country":null,"source_id":"meijer-rivers-2021","year":2015,"value":185.254,"unit":"tonnes/year","metric":"Modeled floating macroplastic emissions","original_value":185.254,"original_unit":"metric tons/year","source_row":16959,"estimated":true}},{"type":"Feature","id":"meijer-10217","geometry":{"type":"Point","coordinates":[124.73875,10.374583]},"properties":{"id":"meijer-10217","type":"river-plastic","name":"River outfall 10217","country":null,"source_id":"meijer-rivers-2021","year":2015,"value":185.156,"unit":"tonnes/year","metric":"Modeled floating macroplastic emissions","original_value":185.156,"original_unit":"metric tons/year","source_row":10217,"estimated":true}},{"type":"Feature","id":"meijer-11932","geometry":{"type":"Point","coordinates":[121.81125,13.45125]},"properties":{"id":"meijer-11932","type":"river-plastic","name":"River outfall 11932","country":null,"source_id":"meijer-rivers-2021","year":2015,"value":185.149,"unit":"tonnes/year","metric":"Modeled floating macroplastic emissions","original_value":185.149,"original_unit":"metric tons/year","source_row":11932,"estimated":true}},{"type":"Feature","id":"meijer-16472","geometry":{"type":"Point","coordinates":[82.610417,17.292917]},"properties":{"id":"meijer-16472","type":"river-plastic","name":"River outfall 16472","country":null,"source_id":"meijer-rivers-2021","year":2015,"value":184.923,"unit":"tonnes/year","metric":"Modeled floating macroplastic emissions","original_value":184.923,"original_unit":"metric tons/year","source_row":16472,"estimated":true}},{"type":"Feature","id":"meijer-18811","geometry":{"type":"Point","coordinates":[116.290417,22.959583]},"properties":{"id":"meijer-18811","type":"river-plastic","name":"River outfall 18811","country":null,"source_id":"meijer-rivers-2021","year":2015,"value":184.76,"unit":"tonnes/year","metric":"Modeled floating macroplastic emissions","original_value":184.76,"original_unit":"metric tons/year","source_row":18811,"estimated":true}},{"type":"Feature","id":"meijer-23418","geometry":{"type":"Point","coordinates":[28.757083,40.980417]},"properties":{"id":"meijer-23418","type":"river-plastic","name":"River outfall 23418","country":null,"source_id":"meijer-rivers-2021","year":2015,"value":184.518,"unit":"tonnes/year","metric":"Modeled floating macroplastic emissions","original_value":184.518,"original_unit":"metric tons/year","source_row":23418,"estimated":true}},{"type":"Feature","id":"meijer-16562","geometry":{"type":"Point","coordinates":[83.459583,17.90625]},"properties":{"id":"meijer-16562","type":"river-plastic","name":"River outfall 16562","country":null,"source_id":"meijer-rivers-2021","year":2015,"value":184.442,"unit":"tonnes/year","metric":"Modeled floating macroplastic emissions","original_value":184.442,"original_unit":"metric tons/year","source_row":16562,"estimated":true}},{"type":"Feature","id":"meijer-18881","geometry":{"type":"Point","coordinates":[116.884167,23.554583]},"properties":{"id":"meijer-18881","type":"river-plastic","name":"River outfall 18881","country":null,"source_id":"meijer-rivers-2021","year":2015,"value":184.362,"unit":"tonnes/year","metric":"Modeled floating macroplastic emissions","original_value":184.362,"original_unit":"metric tons/year","source_row":18881,"estimated":true}},{"type":"Feature","id":"meijer-13010","geometry":{"type":"Point","coordinates":[120.39875,16.87875]},"properties":{"id":"meijer-13010","type":"river-plastic","name":"River outfall 13010","country":null,"source_id":"meijer-rivers-2021","year":2015,"value":184.128,"unit":"tonnes/year","metric":"Modeled floating macroplastic emissions","original_value":184.128,"original_unit":"metric tons/year","source_row":13010,"estimated":true}},{"type":"Feature","id":"meijer-23041","geometry":{"type":"Point","coordinates":[27.077917,38.467917]},"properties":{"id":"meijer-23041","type":"river-plastic","name":"River outfall 23041","country":null,"source_id":"meijer-rivers-2021","year":2015,"value":183.739,"unit":"tonnes/year","metric":"Modeled floating macroplastic emissions","original_value":183.739,"original_unit":"metric tons/year","source_row":23041,"estimated":true}},{"type":"Feature","id":"meijer-27386","geometry":{"type":"Point","coordinates":[-71.750417,9.202083]},"properties":{"id":"meijer-27386","type":"river-plastic","name":"River outfall 27386","country":null,"source_id":"meijer-rivers-2021","year":2015,"value":183.314,"unit":"tonnes/year","metric":"Modeled floating macroplastic emissions","original_value":183.314,"original_unit":"metric tons/year","source_row":27386,"estimated":true}},{"type":"Feature","id":"meijer-10994","geometry":{"type":"Point","coordinates":[124.974583,11.662083]},"properties":{"id":"meijer-10994","type":"river-plastic","name":"River outfall 10994","country":null,"source_id":"meijer-rivers-2021","year":2015,"value":183.203,"unit":"tonnes/year","metric":"Modeled floating macroplastic emissions","original_value":183.203,"original_unit":"metric tons/year","source_row":10994,"estimated":true}},{"type":"Feature","id":"meijer-15385","geometry":{"type":"Point","coordinates":[98.280417,13.712083]},"properties":{"id":"meijer-15385","type":"river-plastic","name":"River outfall 15385","country":null,"source_id":"meijer-rivers-2021","year":2015,"value":183.023,"unit":"tonnes/year","metric":"Modeled floating macroplastic emissions","original_value":183.023,"original_unit":"metric tons/year","source_row":15385,"estimated":true}},{"type":"Feature","id":"meijer-8297","geometry":{"type":"Point","coordinates":[121.15375,5.92875]},"properties":{"id":"meijer-8297","type":"river-plastic","name":"River outfall 8297","country":null,"source_id":"meijer-rivers-2021","year":2015,"value":182.996,"unit":"tonnes/year","metric":"Modeled floating macroplastic emissions","original_value":182.996,"original_unit":"metric tons/year","source_row":8297,"estimated":true}},{"type":"Feature","id":"meijer-23413","geometry":{"type":"Point","coordinates":[28.697917,40.97375]},"properties":{"id":"meijer-23413","type":"river-plastic","name":"River outfall 23413","country":null,"source_id":"meijer-rivers-2021","year":2015,"value":182.724,"unit":"tonnes/year","metric":"Modeled floating macroplastic emissions","original_value":182.724,"original_unit":"metric tons/year","source_row":23413,"estimated":true}},{"type":"Feature","id":"meijer-29483","geometry":{"type":"Point","coordinates":[-72.195417,19.742917]},"properties":{"id":"meijer-29483","type":"river-plastic","name":"River outfall 29483","country":null,"source_id":"meijer-rivers-2021","year":2015,"value":182.633,"unit":"tonnes/year","metric":"Modeled floating macroplastic emissions","original_value":182.633,"original_unit":"metric tons/year","source_row":29483,"estimated":true}},{"type":"Feature","id":"meijer-15576","geometry":{"type":"Point","coordinates":[97.782917,15.399583]},"properties":{"id":"meijer-15576","type":"river-plastic","name":"River outfall 15576","country":null,"source_id":"meijer-rivers-2021","year":2015,"value":182.625,"unit":"tonnes/year","metric":"Modeled floating macroplastic emissions","original_value":182.625,"original_unit":"metric tons/year","source_row":15576,"estimated":true}},{"type":"Feature","id":"meijer-13426","geometry":{"type":"Point","coordinates":[103.388333,3.952917]},"properties":{"id":"meijer-13426","type":"river-plastic","name":"River outfall 13426","country":null,"source_id":"meijer-rivers-2021","year":2015,"value":182.575,"unit":"tonnes/year","metric":"Modeled floating macroplastic emissions","original_value":182.575,"original_unit":"metric tons/year","source_row":13426,"estimated":true}},{"type":"Feature","id":"meijer-21270","geometry":{"type":"Point","coordinates":[8.912917,4.514583]},"properties":{"id":"meijer-21270","type":"river-plastic","name":"River outfall 21270","country":null,"source_id":"meijer-rivers-2021","year":2015,"value":181.603,"unit":"tonnes/year","metric":"Modeled floating macroplastic emissions","original_value":181.603,"original_unit":"metric tons/year","source_row":21270,"estimated":true}},{"type":"Feature","id":"meijer-14527","geometry":{"type":"Point","coordinates":[99.242917,10.50875]},"properties":{"id":"meijer-14527","type":"river-plastic","name":"River outfall 14527","country":null,"source_id":"meijer-rivers-2021","year":2015,"value":181.375,"unit":"tonnes/year","metric":"Modeled floating macroplastic emissions","original_value":181.375,"original_unit":"metric tons/year","source_row":14527,"estimated":true}},{"type":"Feature","id":"meijer-9122","geometry":{"type":"Point","coordinates":[126.312917,8.220417]},"properties":{"id":"meijer-9122","type":"river-plastic","name":"River outfall 9122","country":null,"source_id":"meijer-rivers-2021","year":2015,"value":180.745,"unit":"tonnes/year","metric":"Modeled floating macroplastic emissions","original_value":180.745,"original_unit":"metric tons/year","source_row":9122,"estimated":true}},{"type":"Feature","id":"meijer-16542","geometry":{"type":"Point","coordinates":[106.43125,17.734583]},"properties":{"id":"meijer-16542","type":"river-plastic","name":"River outfall 16542","country":null,"source_id":"meijer-rivers-2021","year":2015,"value":180.684,"unit":"tonnes/year","metric":"Modeled floating macroplastic emissions","original_value":180.684,"original_unit":"metric tons/year","source_row":16542,"estimated":true}},{"type":"Feature","id":"meijer-18689","geometry":{"type":"Point","coordinates":[113.720417,22.752083]},"properties":{"id":"meijer-18689","type":"river-plastic","name":"River outfall 18689","country":null,"source_id":"meijer-rivers-2021","year":2015,"value":180.506,"unit":"tonnes/year","metric":"Modeled floating macroplastic emissions","original_value":180.506,"original_unit":"metric tons/year","source_row":18689,"estimated":true}},{"type":"Feature","id":"meijer-10534","geometry":{"type":"Point","coordinates":[123.53625,10.834583]},"properties":{"id":"meijer-10534","type":"river-plastic","name":"River outfall 10534","country":null,"source_id":"meijer-rivers-2021","year":2015,"value":179.809,"unit":"tonnes/year","metric":"Modeled floating macroplastic emissions","original_value":179.809,"original_unit":"metric tons/year","source_row":10534,"estimated":true}},{"type":"Feature","id":"meijer-21001","geometry":{"type":"Point","coordinates":[9.90625,3.260833]},"properties":{"id":"meijer-21001","type":"river-plastic","name":"River outfall 21001","country":null,"source_id":"meijer-rivers-2021","year":2015,"value":179.725,"unit":"tonnes/year","metric":"Modeled floating macroplastic emissions","original_value":179.725,"original_unit":"metric tons/year","source_row":21001,"estimated":true}},{"type":"Feature","id":"meijer-12867","geometry":{"type":"Point","coordinates":[121.56625,15.765417]},"properties":{"id":"meijer-12867","type":"river-plastic","name":"River outfall 12867","country":null,"source_id":"meijer-rivers-2021","year":2015,"value":179.695,"unit":"tonnes/year","metric":"Modeled floating macroplastic emissions","original_value":179.695,"original_unit":"metric tons/year","source_row":12867,"estimated":true}},{"type":"Feature","id":"meijer-2832","geometry":{"type":"Point","coordinates":[107.812917,-6.187917]},"properties":{"id":"meijer-2832","type":"river-plastic","name":"River outfall 2832","country":null,"source_id":"meijer-rivers-2021","year":2015,"value":179.671,"unit":"tonnes/year","metric":"Modeled floating macroplastic emissions","original_value":179.671,"original_unit":"metric tons/year","source_row":2832,"estimated":true}},{"type":"Feature","id":"meijer-11849","geometry":{"type":"Point","coordinates":[123.805,13.29375]},"properties":{"id":"meijer-11849","type":"river-plastic","name":"River outfall 11849","country":null,"source_id":"meijer-rivers-2021","year":2015,"value":179.326,"unit":"tonnes/year","metric":"Modeled floating macroplastic emissions","original_value":179.326,"original_unit":"metric tons/year","source_row":11849,"estimated":true}},{"type":"Feature","id":"meijer-12731","geometry":{"type":"Point","coordinates":[120.548333,14.7825]},"properties":{"id":"meijer-12731","type":"river-plastic","name":"River outfall 12731","country":null,"source_id":"meijer-rivers-2021","year":2015,"value":179.303,"unit":"tonnes/year","metric":"Modeled floating macroplastic emissions","original_value":179.303,"original_unit":"metric tons/year","source_row":12731,"estimated":true}},{"type":"Feature","id":"meijer-21406","geometry":{"type":"Point","coordinates":[6.952083,4.744583]},"properties":{"id":"meijer-21406","type":"river-plastic","name":"River outfall 21406","country":null,"source_id":"meijer-rivers-2021","year":2015,"value":179.166,"unit":"tonnes/year","metric":"Modeled floating macroplastic emissions","original_value":179.166,"original_unit":"metric tons/year","source_row":21406,"estimated":true}},{"type":"Feature","id":"meijer-23530","geometry":{"type":"Point","coordinates":[30.64875,41.127917]},"properties":{"id":"meijer-23530","type":"river-plastic","name":"River outfall 23530","country":null,"source_id":"meijer-rivers-2021","year":2015,"value":178.757,"unit":"tonnes/year","metric":"Modeled floating macroplastic emissions","original_value":178.757,"original_unit":"metric tons/year","source_row":23530,"estimated":true}},{"type":"Feature","id":"meijer-9438","geometry":{"type":"Point","coordinates":[125.524583,9.012083]},"properties":{"id":"meijer-9438","type":"river-plastic","name":"River outfall 9438","country":null,"source_id":"meijer-rivers-2021","year":2015,"value":178.704,"unit":"tonnes/year","metric":"Modeled floating macroplastic emissions","original_value":178.704,"original_unit":"metric tons/year","source_row":9438,"estimated":true}},{"type":"Feature","id":"meijer-27187","geometry":{"type":"Point","coordinates":[-58.187083,6.782917]},"properties":{"id":"meijer-27187","type":"river-plastic","name":"River outfall 27187","country":null,"source_id":"meijer-rivers-2021","year":2015,"value":178.656,"unit":"tonnes/year","metric":"Modeled floating macroplastic emissions","original_value":178.656,"original_unit":"metric tons/year","source_row":27187,"estimated":true}},{"type":"Feature","id":"meijer-25692","geometry":{"type":"Point","coordinates":[-51.257083,-30.012917]},"properties":{"id":"meijer-25692","type":"river-plastic","name":"River outfall 25692","country":null,"source_id":"meijer-rivers-2021","year":2015,"value":177.88,"unit":"tonnes/year","metric":"Modeled floating macroplastic emissions","original_value":177.88,"original_unit":"metric tons/year","source_row":25692,"estimated":true}},{"type":"Feature","id":"meijer-27357","geometry":{"type":"Point","coordinates":[-79.419583,9.01625]},"properties":{"id":"meijer-27357","type":"river-plastic","name":"River outfall 27357","country":null,"source_id":"meijer-rivers-2021","year":2015,"value":177.795,"unit":"tonnes/year","metric":"Modeled floating macroplastic emissions","original_value":177.795,"original_unit":"metric tons/year","source_row":27357,"estimated":true}},{"type":"Feature","id":"meijer-14381","geometry":{"type":"Point","coordinates":[76.26125,10.057083]},"properties":{"id":"meijer-14381","type":"river-plastic","name":"River outfall 14381","country":null,"source_id":"meijer-rivers-2021","year":2015,"value":177.652,"unit":"tonnes/year","metric":"Modeled floating macroplastic emissions","original_value":177.652,"original_unit":"metric tons/year","source_row":14381,"estimated":true}},{"type":"Feature","id":"meijer-2389","geometry":{"type":"Point","coordinates":[110.439583,-6.952083]},"properties":{"id":"meijer-2389","type":"river-plastic","name":"River outfall 2389","country":null,"source_id":"meijer-rivers-2021","year":2015,"value":177.588,"unit":"tonnes/year","metric":"Modeled floating macroplastic emissions","original_value":177.588,"original_unit":"metric tons/year","source_row":2389,"estimated":true}},{"type":"Feature","id":"meijer-14778","geometry":{"type":"Point","coordinates":[109.009289,11.542621]},"properties":{"id":"meijer-14778","type":"river-plastic","name":"River outfall 14778","country":null,"source_id":"meijer-rivers-2021","year":2015,"value":177.417,"unit":"tonnes/year","metric":"Modeled floating macroplastic emissions","original_value":177.417,"original_unit":"metric tons/year","source_row":14778,"estimated":true}},{"type":"Feature","id":"meijer-2491","geometry":{"type":"Point","coordinates":[110.517083,-6.864583]},"properties":{"id":"meijer-2491","type":"river-plastic","name":"River outfall 2491","country":null,"source_id":"meijer-rivers-2021","year":2015,"value":177.081,"unit":"tonnes/year","metric":"Modeled floating macroplastic emissions","original_value":177.081,"original_unit":"metric tons/year","source_row":2491,"estimated":true}},{"type":"Feature","id":"meijer-20313","geometry":{"type":"Point","coordinates":[36.90375,-17.93125]},"properties":{"id":"meijer-20313","type":"river-plastic","name":"River outfall 20313","country":null,"source_id":"meijer-rivers-2021","year":2015,"value":176.918,"unit":"tonnes/year","metric":"Modeled floating macroplastic emissions","original_value":176.918,"original_unit":"metric tons/year","source_row":20313,"estimated":true}},{"type":"Feature","id":"meijer-2133","geometry":{"type":"Point","coordinates":[113.937917,-7.682083]},"properties":{"id":"meijer-2133","type":"river-plastic","name":"River outfall 2133","country":null,"source_id":"meijer-rivers-2021","year":2015,"value":176.868,"unit":"tonnes/year","metric":"Modeled floating macroplastic emissions","original_value":176.868,"original_unit":"metric tons/year","source_row":2133,"estimated":true}},{"type":"Feature","id":"meijer-12020","geometry":{"type":"Point","coordinates":[122.314583,13.592083]},"properties":{"id":"meijer-12020","type":"river-plastic","name":"River outfall 12020","country":null,"source_id":"meijer-rivers-2021","year":2015,"value":176.753,"unit":"tonnes/year","metric":"Modeled floating macroplastic emissions","original_value":176.753,"original_unit":"metric tons/year","source_row":12020,"estimated":true}},{"type":"Feature","id":"meijer-13473","geometry":{"type":"Point","coordinates":[100.61625,4.44625]},"properties":{"id":"meijer-13473","type":"river-plastic","name":"River outfall 13473","country":null,"source_id":"meijer-rivers-2021","year":2015,"value":176.705,"unit":"tonnes/year","metric":"Modeled floating macroplastic emissions","original_value":176.705,"original_unit":"metric tons/year","source_row":13473,"estimated":true}},{"type":"Feature","id":"meijer-10946","geometry":{"type":"Point","coordinates":[122.490417,11.567083]},"properties":{"id":"meijer-10946","type":"river-plastic","name":"River outfall 10946","country":null,"source_id":"meijer-rivers-2021","year":2015,"value":176.452,"unit":"tonnes/year","metric":"Modeled floating macroplastic emissions","original_value":176.452,"original_unit":"metric tons/year","source_row":10946,"estimated":true}},{"type":"Feature","id":"meijer-11651","geometry":{"type":"Point","coordinates":[124.134583,12.932083]},"properties":{"id":"meijer-11651","type":"river-plastic","name":"River outfall 11651","country":null,"source_id":"meijer-rivers-2021","year":2015,"value":176.329,"unit":"tonnes/year","metric":"Modeled floating macroplastic emissions","original_value":176.329,"original_unit":"metric tons/year","source_row":11651,"estimated":true}},{"type":"Feature","id":"meijer-15604","geometry":{"type":"Point","coordinates":[73.752917,15.630833]},"properties":{"id":"meijer-15604","type":"river-plastic","name":"River outfall 15604","country":null,"source_id":"meijer-rivers-2021","year":2015,"value":176.181,"unit":"tonnes/year","metric":"Modeled floating macroplastic emissions","original_value":176.181,"original_unit":"metric tons/year","source_row":15604,"estimated":true}},{"type":"Feature","id":"meijer-21527","geometry":{"type":"Point","coordinates":[-0.920417,5.207083]},"properties":{"id":"meijer-21527","type":"river-plastic","name":"River outfall 21527","country":null,"source_id":"meijer-rivers-2021","year":2015,"value":175.886,"unit":"tonnes/year","metric":"Modeled floating macroplastic emissions","original_value":175.886,"original_unit":"metric tons/year","source_row":21527,"estimated":true}},{"type":"Feature","id":"meijer-10129","geometry":{"type":"Point","coordinates":[123.782083,10.230417]},"properties":{"id":"meijer-10129","type":"river-plastic","name":"River outfall 10129","country":null,"source_id":"meijer-rivers-2021","year":2015,"value":175.802,"unit":"tonnes/year","metric":"Modeled floating macroplastic emissions","original_value":175.802,"original_unit":"metric tons/year","source_row":10129,"estimated":true}},{"type":"Feature","id":"meijer-15815","geometry":{"type":"Point","coordinates":[95.710417,16.075417]},"properties":{"id":"meijer-15815","type":"river-plastic","name":"River outfall 15815","country":null,"source_id":"meijer-rivers-2021","year":2015,"value":175.48,"unit":"tonnes/year","metric":"Modeled floating macroplastic emissions","original_value":175.48,"original_unit":"metric tons/year","source_row":15815,"estimated":true}},{"type":"Feature","id":"meijer-28010","geometry":{"type":"Point","coordinates":[-79.419583,9.01625]},"properties":{"id":"meijer-28010","type":"river-plastic","name":"River outfall 28010","country":null,"source_id":"meijer-rivers-2021","year":2015,"value":175.424,"unit":"tonnes/year","metric":"Modeled floating macroplastic emissions","original_value":175.424,"original_unit":"metric tons/year","source_row":28010,"estimated":true}},{"type":"Feature","id":"meijer-9034","geometry":{"type":"Point","coordinates":[123.75375,8.05625]},"properties":{"id":"meijer-9034","type":"river-plastic","name":"River outfall 9034","country":null,"source_id":"meijer-rivers-2021","year":2015,"value":175.343,"unit":"tonnes/year","metric":"Modeled floating macroplastic emissions","original_value":175.343,"original_unit":"metric tons/year","source_row":9034,"estimated":true}},{"type":"Feature","id":"meijer-25636","geometry":{"type":"Point","coordinates":[-52.254583,-31.77875]},"properties":{"id":"meijer-25636","type":"river-plastic","name":"River outfall 25636","country":null,"source_id":"meijer-rivers-2021","year":2015,"value":175.11,"unit":"tonnes/year","metric":"Modeled floating macroplastic emissions","original_value":175.11,"original_unit":"metric tons/year","source_row":25636,"estimated":true}},{"type":"Feature","id":"meijer-16334","geometry":{"type":"Point","coordinates":[96.125417,16.762083]},"properties":{"id":"meijer-16334","type":"river-plastic","name":"River outfall 16334","country":null,"source_id":"meijer-rivers-2021","year":2015,"value":174.97,"unit":"tonnes/year","metric":"Modeled floating macroplastic emissions","original_value":174.97,"original_unit":"metric tons/year","source_row":16334,"estimated":true}},{"type":"Feature","id":"meijer-3412","geometry":{"type":"Point","coordinates":[119.402917,-5.167083]},"properties":{"id":"meijer-3412","type":"river-plastic","name":"River outfall 3412","country":null,"source_id":"meijer-rivers-2021","year":2015,"value":174.556,"unit":"tonnes/year","metric":"Modeled floating macroplastic emissions","original_value":174.556,"original_unit":"metric tons/year","source_row":3412,"estimated":true}},{"type":"Feature","id":"meijer-19344","geometry":{"type":"Point","coordinates":[120.63625,30.407083]},"properties":{"id":"meijer-19344","type":"river-plastic","name":"River outfall 19344","country":null,"source_id":"meijer-rivers-2021","year":2015,"value":174.473,"unit":"tonnes/year","metric":"Modeled floating macroplastic emissions","original_value":174.473,"original_unit":"metric tons/year","source_row":19344,"estimated":true}},{"type":"Feature","id":"meijer-21727","geometry":{"type":"Point","coordinates":[-12.32625,7.532917]},"properties":{"id":"meijer-21727","type":"river-plastic","name":"River outfall 21727","country":null,"source_id":"meijer-rivers-2021","year":2015,"value":173.513,"unit":"tonnes/year","metric":"Modeled floating macroplastic emissions","original_value":173.513,"original_unit":"metric tons/year","source_row":21727,"estimated":true}},{"type":"Feature","id":"meijer-19191","geometry":{"type":"Point","coordinates":[120.995833,28.09875]},"properties":{"id":"meijer-19191","type":"river-plastic","name":"River outfall 19191","country":null,"source_id":"meijer-rivers-2021","year":2015,"value":172.974,"unit":"tonnes/year","metric":"Modeled floating macroplastic emissions","original_value":172.974,"original_unit":"metric tons/year","source_row":19191,"estimated":true}},{"type":"Feature","id":"meijer-1663","geometry":{"type":"Point","coordinates":[113.30875,-8.308333]},"properties":{"id":"meijer-1663","type":"river-plastic","name":"River outfall 1663","country":null,"source_id":"meijer-rivers-2021","year":2015,"value":172.717,"unit":"tonnes/year","metric":"Modeled floating macroplastic emissions","original_value":172.717,"original_unit":"metric tons/year","source_row":1663,"estimated":true}},{"type":"Feature","id":"meijer-16099","geometry":{"type":"Point","coordinates":[96.080417,16.349167]},"properties":{"id":"meijer-16099","type":"river-plastic","name":"River outfall 16099","country":null,"source_id":"meijer-rivers-2021","year":2015,"value":172.619,"unit":"tonnes/year","metric":"Modeled floating macroplastic emissions","original_value":172.619,"original_unit":"metric tons/year","source_row":16099,"estimated":true}},{"type":"Feature","id":"meijer-4342","geometry":{"type":"Point","coordinates":[114.55625,-3.322917]},"properties":{"id":"meijer-4342","type":"river-plastic","name":"River outfall 4342","country":null,"source_id":"meijer-rivers-2021","year":2015,"value":172.494,"unit":"tonnes/year","metric":"Modeled floating macroplastic emissions","original_value":172.494,"original_unit":"metric tons/year","source_row":4342,"estimated":true}},{"type":"Feature","id":"meijer-10070","geometry":{"type":"Point","coordinates":[123.492917,10.12125]},"properties":{"id":"meijer-10070","type":"river-plastic","name":"River outfall 10070","country":null,"source_id":"meijer-rivers-2021","year":2015,"value":172.359,"unit":"tonnes/year","metric":"Modeled floating macroplastic emissions","original_value":172.359,"original_unit":"metric tons/year","source_row":10070,"estimated":true}},{"type":"Feature","id":"meijer-10645","geometry":{"type":"Point","coordinates":[122.85125,11.01875]},"properties":{"id":"meijer-10645","type":"river-plastic","name":"River outfall 10645","country":null,"source_id":"meijer-rivers-2021","year":2015,"value":172.129,"unit":"tonnes/year","metric":"Modeled floating macroplastic emissions","original_value":172.129,"original_unit":"metric tons/year","source_row":10645,"estimated":true}}]}