{"type":"FeatureCollection","version":"2026-09-19","metadata":{"total_records":58502,"reported_treatment_records":33792,"displayed_records":1000,"source_id":"hydrowaste-2022","year":null,"subset":"Top 1,000 native reported-treatment discharge values (QUAL_WASTE=1), not design capacities or estimated values. Snapshot December 2021; actual reporting years differ and are not provided per record.","position_method":"Reported treatment-plant location, not modeled outfall; native regional location-quality code retained.","uncertainty":"Source location quality is regional:1 high,2 medium,3 low,4 not assessed. No per-record statistical interval. Native reporting date unavailable.","unit_warning":"Liquid effluent volume m³/day; cannot be added to solid-material mass."},"features":[{"type":"Feature","id":"hydrowaste-27787","geometry":{"type":"Point","coordinates":[-87.77,41.814]},"properties":{"id":"hydrowaste-27787","type":"wastewater-treatment","name":"Stickney Treatment Plant MWRDGC","country":"USA","source_id":"hydrowaste-2022","year":null,"value":3073754.382,"unit":"m³/day","metric":"Reported treated effluent","original_value":3073754.382,"original_unit":"m³/day","source_row":27787,"quality_location":2,"quality_waste":1,"status":"Not Reported","estimated":false}},{"type":"Feature","id":"hydrowaste-30967","geometry":{"type":"Point","coordinates":[-83.129,42.283]},"properties":{"id":"hydrowaste-30967","type":"wastewater-treatment","name":"DETROIT STP","country":"USA","source_id":"hydrowaste-2022","year":null,"value":2500264.494,"unit":"m³/day","metric":"Reported treated effluent","original_value":2500264.494,"original_unit":"m³/day","source_row":30967,"quality_location":2,"quality_waste":1,"status":"Not Reported","estimated":false}},{"type":"Feature","id":"hydrowaste-47641","geometry":{"type":"Point","coordinates":[-73.525,45.673]},"properties":{"id":"hydrowaste-47641","type":"wastewater-treatment","name":"Station d epuration des eaux usees Jean R Marcotte","country":"CAN","source_id":"hydrowaste-2022","year":null,"value":2237760.0,"unit":"m³/day","metric":"Reported treated effluent","original_value":2237760.0,"original_unit":"m³/day","source_row":47641,"quality_location":2,"quality_waste":1,"status":"Operational","estimated":false}},{"type":"Feature","id":"hydrowaste-45742","geometry":{"type":"Point","coordinates":[121.742,31.253]},"properties":{"id":"hydrowaste-45742","type":"wastewater-treatment","name":"Shanghai","country":"CHN","source_id":"hydrowaste-2022","year":null,"value":2057600.0,"unit":"m³/day","metric":"Reported treated effluent","original_value":2057600.0,"original_unit":"m³/day","source_row":45742,"quality_location":4,"quality_waste":1,"status":"Not Reported","estimated":false}},{"type":"Feature","id":"hydrowaste-44901","geometry":{"type":"Point","coordinates":[-99.219,20.008]},"properties":{"id":"hydrowaste-44901","type":"wastewater-treatment","name":"Atotonilco de Tula","country":"MEX","source_id":"hydrowaste-2022","year":null,"value":1870560.0,"unit":"m³/day","metric":"Reported treated effluent","original_value":1870560.0,"original_unit":"m³/day","source_row":44901,"quality_location":3,"quality_waste":1,"status":"Not Reported","estimated":false}},{"type":"Feature","id":"hydrowaste-33149","geometry":{"type":"Point","coordinates":[-115.033,36.1]},"properties":{"id":"hydrowaste-33149","type":"wastewater-treatment","name":"SCOP","country":"USA","source_id":"hydrowaste-2022","year":null,"value":1514164.75,"unit":"m³/day","metric":"Reported treated effluent","original_value":1514164.75,"original_unit":"m³/day","source_row":33149,"quality_location":2,"quality_waste":1,"status":"Projected","estimated":false}},{"type":"Feature","id":"hydrowaste-26638","geometry":{"type":"Point","coordinates":[-77.018,38.821]},"properties":{"id":"hydrowaste-26638","type":"wastewater-treatment","name":"BLUE PLAINS STP","country":"USA","source_id":"hydrowaste-2022","year":null,"value":1400602.366,"unit":"m³/day","metric":"Reported treated effluent","original_value":1400602.366,"original_unit":"m³/day","source_row":26638,"quality_location":2,"quality_waste":1,"status":"Not Reported","estimated":false}},{"type":"Feature","id":"hydrowaste-45741","geometry":{"type":"Point","coordinates":[121.599,31.355]},"properties":{"id":"hydrowaste-45741","type":"wastewater-treatment","name":"Shanghai","country":"CHN","source_id":"hydrowaste-2022","year":null,"value":1300000.0,"unit":"m³/day","metric":"Reported treated effluent","original_value":1300000.0,"original_unit":"m³/day","source_row":45741,"quality_location":4,"quality_waste":1,"status":"Not Reported","estimated":false}},{"type":"Feature","id":"hydrowaste-25943","geometry":{"type":"Point","coordinates":[-118.284,33.804]},"properties":{"id":"hydrowaste-25943","type":"wastewater-treatment","name":"Joint WPCP","country":"USA","source_id":"hydrowaste-2022","year":null,"value":1283254.6,"unit":"m³/day","metric":"Reported treated effluent","original_value":1283254.6,"original_unit":"m³/day","source_row":25943,"quality_location":2,"quality_waste":1,"status":"Not Reported","estimated":false}},{"type":"Feature","id":"hydrowaste-25954","geometry":{"type":"Point","coordinates":[-118.435,33.931]},"properties":{"id":"hydrowaste-25954","type":"wastewater-treatment","name":"Hyperion WWTP","country":"USA","source_id":"hydrowaste-2022","year":null,"value":1230258.835,"unit":"m³/day","metric":"Reported treated effluent","original_value":1230258.835,"original_unit":"m³/day","source_row":25954,"quality_location":2,"quality_waste":1,"status":"Not Reported","estimated":false}},{"type":"Feature","id":"hydrowaste-53178","geometry":{"type":"Point","coordinates":[-77.133,-11.995]},"properties":{"id":"hydrowaste-53178","type":"wastewater-treatment","name":"Taboada","country":"PER","source_id":"hydrowaste-2022","year":null,"value":1209600.0,"unit":"m³/day","metric":"Reported treated effluent","original_value":1209600.0,"original_unit":"m³/day","source_row":53178,"quality_location":1,"quality_waste":1,"status":"Not Reported","estimated":false}},{"type":"Feature","id":"hydrowaste-30751","geometry":{"type":"Point","coordinates":[-70.957,42.35]},"properties":{"id":"hydrowaste-30751","type":"wastewater-treatment","name":"Mass Water Resources Authority","country":"USA","source_id":"hydrowaste-2022","year":null,"value":1173477.658,"unit":"m³/day","metric":"Reported treated effluent","original_value":1173477.658,"original_unit":"m³/day","source_row":30751,"quality_location":2,"quality_waste":1,"status":"Not Reported","estimated":false}},{"type":"Feature","id":"hydrowaste-27791","geometry":{"type":"Point","coordinates":[-87.716,42.019]},"properties":{"id":"hydrowaste-27791","type":"wastewater-treatment","name":"NORTHSIDE WATER RECLAMATION PLANT","country":"USA","source_id":"hydrowaste-2022","year":null,"value":1105340.246,"unit":"m³/day","metric":"Reported treated effluent","original_value":1105340.246,"original_unit":"m³/day","source_row":27791,"quality_location":2,"quality_waste":1,"status":"Not Reported","estimated":false}},{"type":"Feature","id":"hydrowaste-33250","geometry":{"type":"Point","coordinates":[-74.13,40.713]},"properties":{"id":"hydrowaste-33250","type":"wastewater-treatment","name":"Passaic Valley Sewerage Commision   CS_CSO_STP","country":"USA","source_id":"hydrowaste-2022","year":null,"value":1053593.666,"unit":"m³/day","metric":"Reported treated effluent","original_value":1053593.666,"original_unit":"m³/day","source_row":33250,"quality_location":2,"quality_waste":1,"status":"Not Reported","estimated":false}},{"type":"Feature","id":"hydrowaste-33576","geometry":{"type":"Point","coordinates":[-73.946,40.731]},"properties":{"id":"hydrowaste-33576","type":"wastewater-treatment","name":"New York C   Newtown Creek WPCP","country":"USA","source_id":"hydrowaste-2022","year":null,"value":1026830.805,"unit":"m³/day","metric":"Reported treated effluent","original_value":1026830.805,"original_unit":"m³/day","source_row":33576,"quality_location":2,"quality_waste":1,"status":"Not Reported","estimated":false}},{"type":"Feature","id":"hydrowaste-33566","geometry":{"type":"Point","coordinates":[-73.923,40.788]},"properties":{"id":"hydrowaste-33566","type":"wastewater-treatment","name":"New York C   Wards Island WPCP","country":"USA","source_id":"hydrowaste-2022","year":null,"value":946352.95,"unit":"m³/day","metric":"Reported treated effluent","original_value":946352.95,"original_unit":"m³/day","source_row":33566,"quality_location":2,"quality_waste":1,"status":"Not Reported","estimated":false}},{"type":"Feature","id":"hydrowaste-27793","geometry":{"type":"Point","coordinates":[-87.61,41.663]},"properties":{"id":"hydrowaste-27793","type":"wastewater-treatment","name":"CALUMET WRP","country":"USA","source_id":"hydrowaste-2022","year":null,"value":880411.076,"unit":"m³/day","metric":"Reported treated effluent","original_value":880411.076,"original_unit":"m³/day","source_row":27793,"quality_location":2,"quality_waste":1,"status":"Not Reported","estimated":false}},{"type":"Feature","id":"hydrowaste-20114","geometry":{"type":"Point","coordinates":[6.78,51.536]},"properties":{"id":"hydrowaste-20114","type":"wastewater-treatment","name":"Emscherklaranlage","country":"DEU","source_id":"hydrowaste-2022","year":null,"value":879318.26,"unit":"m³/day","metric":"Reported treated effluent","original_value":879318.26,"original_unit":"m³/day","source_row":20114,"quality_location":2,"quality_waste":1,"status":"Not Reported","estimated":false}},{"type":"Feature","id":"hydrowaste-45153","geometry":{"type":"Point","coordinates":[116.532,39.907]},"properties":{"id":"hydrowaste-45153","type":"wastewater-treatment","name":"Beijing","country":"CHN","source_id":"hydrowaste-2022","year":null,"value":828000.0,"unit":"m³/day","metric":"Reported treated effluent","original_value":828000.0,"original_unit":"m³/day","source_row":45153,"quality_location":4,"quality_waste":1,"status":"Not Reported","estimated":false}},{"type":"Feature","id":"hydrowaste-46946","geometry":{"type":"Point","coordinates":[113.344,23.116]},"properties":{"id":"hydrowaste-46946","type":"wastewater-treatment","name":"Guangdong","country":"CHN","source_id":"hydrowaste-2022","year":null,"value":807100.0,"unit":"m³/day","metric":"Reported treated effluent","original_value":807100.0,"original_unit":"m³/day","source_row":46946,"quality_location":4,"quality_waste":1,"status":"Not Reported","estimated":false}},{"type":"Feature","id":"hydrowaste-39333","geometry":{"type":"Point","coordinates":[-87.914,43.031]},"properties":{"id":"hydrowaste-39333","type":"wastewater-treatment","name":"MILWAUKEE MSD COMBINED","country":"USA","source_id":"hydrowaste-2022","year":null,"value":802507.302,"unit":"m³/day","metric":"Reported treated effluent","original_value":802507.302,"original_unit":"m³/day","source_row":39333,"quality_location":2,"quality_waste":1,"status":"Not Reported","estimated":false}},{"type":"Feature","id":"hydrowaste-42517","geometry":{"type":"Point","coordinates":[-46.849,-23.51]},"properties":{"id":"hydrowaste-42517","type":"wastewater-treatment","name":"ETE BARUERI","country":"BRA","source_id":"hydrowaste-2022","year":null,"value":782664.633,"unit":"m³/day","metric":"Reported treated effluent","original_value":782664.633,"original_unit":"m³/day","source_row":42517,"quality_location":2,"quality_waste":1,"status":"Not Reported","estimated":false}},{"type":"Feature","id":"hydrowaste-31207","geometry":{"type":"Point","coordinates":[-93.044,44.925]},"properties":{"id":"hydrowaste-31207","type":"wastewater-treatment","name":"METROPOLITAN TP","country":"USA","source_id":"hydrowaste-2022","year":null,"value":770785.551,"unit":"m³/day","metric":"Reported treated effluent","original_value":770785.551,"original_unit":"m³/day","source_row":31207,"quality_location":2,"quality_waste":1,"status":"Not Reported","estimated":false}},{"type":"Feature","id":"hydrowaste-36253","geometry":{"type":"Point","coordinates":[-75.218,39.886]},"properties":{"id":"hydrowaste-36253","type":"wastewater-treatment","name":"PHILADELPHIA WATER DEPT SW","country":"USA","source_id":"hydrowaste-2022","year":null,"value":751404.242,"unit":"m³/day","metric":"Reported treated effluent","original_value":751404.242,"original_unit":"m³/day","source_row":36253,"quality_location":2,"quality_waste":1,"status":"Not Reported","estimated":false}},{"type":"Feature","id":"hydrowaste-36252","geometry":{"type":"Point","coordinates":[-75.085,39.991]},"properties":{"id":"hydrowaste-36252","type":"wastewater-treatment","name":"PHILADELPHIA WATER DEPT NE","country":"USA","source_id":"hydrowaste-2022","year":null,"value":744590.501,"unit":"m³/day","metric":"Reported treated effluent","original_value":744590.501,"original_unit":"m³/day","source_row":36252,"quality_location":2,"quality_waste":1,"status":"Not Reported","estimated":false}},{"type":"Feature","id":"hydrowaste-26251","geometry":{"type":"Point","coordinates":[-117.243,32.667]},"properties":{"id":"hydrowaste-26251","type":"wastewater-treatment","name":"Point Loma WWTF","country":"USA","source_id":"hydrowaste-2022","year":null,"value":696515.771,"unit":"m³/day","metric":"Reported treated effluent","original_value":696515.771,"original_unit":"m³/day","source_row":26251,"quality_location":2,"quality_waste":1,"status":"Not Reported","estimated":false}},{"type":"Feature","id":"hydrowaste-46137","geometry":{"type":"Point","coordinates":[120.658,30.141]},"properties":{"id":"hydrowaste-46137","type":"wastewater-treatment","name":"Zhejiang","country":"CHN","source_id":"hydrowaste-2022","year":null,"value":688800.0,"unit":"m³/day","metric":"Reported treated effluent","original_value":688800.0,"original_unit":"m³/day","source_row":46137,"quality_location":4,"quality_waste":1,"status":"Not Reported","estimated":false}},{"type":"Feature","id":"hydrowaste-45772","geometry":{"type":"Point","coordinates":[118.667,32.029]},"properties":{"id":"hydrowaste-45772","type":"wastewater-treatment","name":"Jiangsu","country":"CHN","source_id":"hydrowaste-2022","year":null,"value":687000.0,"unit":"m³/day","metric":"Reported treated effluent","original_value":687000.0,"original_unit":"m³/day","source_row":45772,"quality_location":4,"quality_waste":1,"status":"Not Reported","estimated":false}},{"type":"Feature","id":"hydrowaste-33286","geometry":{"type":"Point","coordinates":[-74.304,40.491]},"properties":{"id":"hydrowaste-33286","type":"wastewater-treatment","name":"Middlesex County UA   CS_STP","country":"USA","source_id":"hydrowaste-2022","year":null,"value":672414.054,"unit":"m³/day","metric":"Reported treated effluent","original_value":672414.054,"original_unit":"m³/day","source_row":33286,"quality_location":2,"quality_waste":1,"status":"Not Reported","estimated":false}},{"type":"Feature","id":"hydrowaste-33577","geometry":{"type":"Point","coordinates":[-73.957,40.826]},"properties":{"id":"hydrowaste-33577","type":"wastewater-treatment","name":"New York C   North River WPCP","country":"USA","source_id":"hydrowaste-2022","year":null,"value":643520.006,"unit":"m³/day","metric":"Reported treated effluent","original_value":643520.006,"original_unit":"m³/day","source_row":33577,"quality_location":2,"quality_waste":1,"status":"Not Reported","estimated":false}},{"type":"Feature","id":"hydrowaste-35050","geometry":{"type":"Point","coordinates":[-81.627,41.399]},"properties":{"id":"hydrowaste-35050","type":"wastewater-treatment","name":"NEORSD Southerly WWTP","country":"USA","source_id":"hydrowaste-2022","year":null,"value":643520.006,"unit":"m³/day","metric":"Reported treated effluent","original_value":643520.006,"original_unit":"m³/day","source_row":35050,"quality_location":2,"quality_waste":1,"status":"Not Reported","estimated":false}},{"type":"Feature","id":"hydrowaste-25974","geometry":{"type":"Point","coordinates":[-121.462,38.449]},"properties":{"id":"hydrowaste-25974","type":"wastewater-treatment","name":"Sacramento Regional WWTF","country":"USA","source_id":"hydrowaste-2022","year":null,"value":624592.947,"unit":"m³/day","metric":"Reported treated effluent","original_value":624592.947,"original_unit":"m³/day","source_row":25974,"quality_location":2,"quality_waste":1,"status":"Not Reported","estimated":false}},{"type":"Feature","id":"hydrowaste-4104","geometry":{"type":"Point","coordinates":[7.808,45.138]},"properties":{"id":"hydrowaste-4104","type":"wastewater-treatment","name":"CASTIGLIONE","country":"ITA","source_id":"hydrowaste-2022","year":null,"value":623282.0,"unit":"m³/day","metric":"Reported treated effluent","original_value":623282.0,"original_unit":"m³/day","source_row":4104,"quality_location":2,"quality_waste":1,"status":"Not Reported","estimated":false}},{"type":"Feature","id":"hydrowaste-36709","geometry":{"type":"Point","coordinates":[-80.041,40.474]},"properties":{"id":"hydrowaste-36709","type":"wastewater-treatment","name":"ALCOSAN STP ALLEGHENY COUNTY","country":"USA","source_id":"hydrowaste-2022","year":null,"value":620807.535,"unit":"m³/day","metric":"Reported treated effluent","original_value":620807.535,"original_unit":"m³/day","source_row":36709,"quality_location":2,"quality_waste":1,"status":"Not Reported","estimated":false}},{"type":"Feature","id":"hydrowaste-46039","geometry":{"type":"Point","coordinates":[120.309,30.281]},"properties":{"id":"hydrowaste-46039","type":"wastewater-treatment","name":"Zhejiang","country":"CHN","source_id":"hydrowaste-2022","year":null,"value":618300.0,"unit":"m³/day","metric":"Reported treated effluent","original_value":618300.0,"original_unit":"m³/day","source_row":46039,"quality_location":4,"quality_waste":1,"status":"Not Reported","estimated":false}},{"type":"Feature","id":"hydrowaste-45154","geometry":{"type":"Point","coordinates":[116.436,39.82]},"properties":{"id":"hydrowaste-45154","type":"wastewater-treatment","name":"Beijing","country":"CHN","source_id":"hydrowaste-2022","year":null,"value":616000.0,"unit":"m³/day","metric":"Reported treated effluent","original_value":616000.0,"original_unit":"m³/day","source_row":45154,"quality_location":4,"quality_waste":1,"status":"Not Reported","estimated":false}},{"type":"Feature","id":"hydrowaste-43000","geometry":{"type":"Point","coordinates":[-100.073,25.723]},"properties":{"id":"hydrowaste-43000","type":"wastewater-treatment","name":"Dulces Nombres","country":"MEX","source_id":"hydrowaste-2022","year":null,"value":615340.8,"unit":"m³/day","metric":"Reported treated effluent","original_value":615340.8,"original_unit":"m³/day","source_row":43000,"quality_location":3,"quality_waste":1,"status":"Not Reported","estimated":false}},{"type":"Feature","id":"hydrowaste-47260","geometry":{"type":"Point","coordinates":[106.623,29.602]},"properties":{"id":"hydrowaste-47260","type":"wastewater-treatment","name":"Chongqing","country":"CHN","source_id":"hydrowaste-2022","year":null,"value":615300.0,"unit":"m³/day","metric":"Reported treated effluent","original_value":615300.0,"original_unit":"m³/day","source_row":47260,"quality_location":4,"quality_waste":1,"status":"Not Reported","estimated":false}},{"type":"Feature","id":"hydrowaste-30523","geometry":{"type":"Point","coordinates":[-76.492,39.295]},"properties":{"id":"hydrowaste-30523","type":"wastewater-treatment","name":"BACK RIVER WWTP","country":"USA","source_id":"hydrowaste-2022","year":null,"value":588567.183,"unit":"m³/day","metric":"Reported treated effluent","original_value":588567.183,"original_unit":"m³/day","source_row":30523,"quality_location":2,"quality_waste":1,"status":"Not Reported","estimated":false}},{"type":"Feature","id":"hydrowaste-47813","geometry":{"type":"Point","coordinates":[-79.317,43.657]},"properties":{"id":"hydrowaste-47813","type":"wastewater-treatment","name":"Ashbridges Bay Treatment Plant","country":"CAN","source_id":"hydrowaste-2022","year":null,"value":576071.0,"unit":"m³/day","metric":"Reported treated effluent","original_value":576071.0,"original_unit":"m³/day","source_row":47813,"quality_location":2,"quality_waste":1,"status":"Operational","estimated":false}},{"type":"Feature","id":"hydrowaste-26295","geometry":{"type":"Point","coordinates":[-104.959,39.813]},"properties":{"id":"hydrowaste-26295","type":"wastewater-treatment","name":"Metro Wastewater Reclamation District   Robert W Hite WWTF","country":"USA","source_id":"hydrowaste-2022","year":null,"value":575382.594,"unit":"m³/day","metric":"Reported treated effluent","original_value":575382.594,"original_unit":"m³/day","source_row":26295,"quality_location":2,"quality_waste":1,"status":"Not Reported","estimated":false}},{"type":"Feature","id":"hydrowaste-37564","geometry":{"type":"Point","coordinates":[-96.926,32.779]},"properties":{"id":"hydrowaste-37564","type":"wastewater-treatment","name":"Central WWTP   TRA","country":"USA","source_id":"hydrowaste-2022","year":null,"value":575382.594,"unit":"m³/day","metric":"Reported treated effluent","original_value":575382.594,"original_unit":"m³/day","source_row":37564,"quality_location":2,"quality_waste":1,"status":"Not Reported","estimated":false}},{"type":"Feature","id":"hydrowaste-26227","geometry":{"type":"Point","coordinates":[-117.939,33.692]},"properties":{"id":"hydrowaste-26227","type":"wastewater-treatment","name":"OCSD WWTP No 2","country":"USA","source_id":"hydrowaste-2022","year":null,"value":571597.182,"unit":"m³/day","metric":"Reported treated effluent","original_value":571597.182,"original_unit":"m³/day","source_row":26227,"quality_location":2,"quality_waste":1,"status":"Not Reported","estimated":false}},{"type":"Feature","id":"hydrowaste-35164","geometry":{"type":"Point","coordinates":[-84.546,39.108]},"properties":{"id":"hydrowaste-35164","type":"wastewater-treatment","name":"MSD Mill Creek Drainage Basin","country":"USA","source_id":"hydrowaste-2022","year":null,"value":571597.182,"unit":"m³/day","metric":"Reported treated effluent","original_value":571597.182,"original_unit":"m³/day","source_row":35164,"quality_location":2,"quality_waste":1,"status":"Not Reported","estimated":false}},{"type":"Feature","id":"hydrowaste-47646","geometry":{"type":"Point","coordinates":[-123.204,49.217]},"properties":{"id":"hydrowaste-47646","type":"wastewater-treatment","name":"Iona Island Wastewater Treatment Plant","country":"CAN","source_id":"hydrowaste-2022","year":null,"value":565295.0,"unit":"m³/day","metric":"Reported treated effluent","original_value":565295.0,"original_unit":"m³/day","source_row":47646,"quality_location":2,"quality_waste":1,"status":"Operational","estimated":false}},{"type":"Feature","id":"hydrowaste-34084","geometry":{"type":"Point","coordinates":[-78.899,42.915]},"properties":{"id":"hydrowaste-34084","type":"wastewater-treatment","name":"BuffaloSewer AuthBird Island STP","country":"USA","source_id":"hydrowaste-2022","year":null,"value":564026.358,"unit":"m³/day","metric":"Reported treated effluent","original_value":564026.358,"original_unit":"m³/day","source_row":34084,"quality_location":2,"quality_waste":1,"status":"Not Reported","estimated":false}},{"type":"Feature","id":"hydrowaste-46954","geometry":{"type":"Point","coordinates":[113.223,23.121]},"properties":{"id":"hydrowaste-46954","type":"wastewater-treatment","name":"Guangdong","country":"CHN","source_id":"hydrowaste-2022","year":null,"value":546000.0,"unit":"m³/day","metric":"Reported treated effluent","original_value":546000.0,"original_unit":"m³/day","source_row":46954,"quality_location":4,"quality_waste":1,"status":"Not Reported","estimated":false}},{"type":"Feature","id":"hydrowaste-25852","geometry":{"type":"Point","coordinates":[-121.953,37.434]},"properties":{"id":"hydrowaste-25852","type":"wastewater-treatment","name":"San Jose_Santa Clara WPCP","country":"USA","source_id":"hydrowaste-2022","year":null,"value":542449.511,"unit":"m³/day","metric":"Reported treated effluent","original_value":542449.511,"original_unit":"m³/day","source_row":25852,"quality_location":2,"quality_waste":1,"status":"Not Reported","estimated":false}},{"type":"Feature","id":"hydrowaste-24534","geometry":{"type":"Point","coordinates":[16.474,48.173]},"properties":{"id":"hydrowaste-24534","type":"wastewater-treatment","name":"Hauptklaranlage Wien","country":"AUT","source_id":"hydrowaste-2022","year":null,"value":536237.041,"unit":"m³/day","metric":"Reported treated effluent","original_value":536237.041,"original_unit":"m³/day","source_row":24534,"quality_location":2,"quality_waste":1,"status":"Not Reported","estimated":false}},{"type":"Feature","id":"hydrowaste-25326","geometry":{"type":"Point","coordinates":[-112.106,33.427]},"properties":{"id":"hydrowaste-25326","type":"wastewater-treatment","name":"Phoenix 91st Ave WWTP","country":"USA","source_id":"hydrowaste-2022","year":null,"value":529957.652,"unit":"m³/day","metric":"Reported treated effluent","original_value":529957.652,"original_unit":"m³/day","source_row":25326,"quality_location":2,"quality_waste":1,"status":"Not Reported","estimated":false}},{"type":"Feature","id":"hydrowaste-37852","geometry":{"type":"Point","coordinates":[-97.144,32.772]},"properties":{"id":"hydrowaste-37852","type":"wastewater-treatment","name":"VILLAGE CREEK STP","country":"USA","source_id":"hydrowaste-2022","year":null,"value":525793.699,"unit":"m³/day","metric":"Reported treated effluent","original_value":525793.699,"original_unit":"m³/day","source_row":37852,"quality_location":2,"quality_waste":1,"status":"Not Reported","estimated":false}},{"type":"Feature","id":"hydrowaste-44659","geometry":{"type":"Point","coordinates":[-103.322,20.778]},"properties":{"id":"hydrowaste-44659","type":"wastewater-treatment","name":"Agua Prieta","country":"MEX","source_id":"hydrowaste-2022","year":null,"value":518400.0,"unit":"m³/day","metric":"Reported treated effluent","original_value":518400.0,"original_unit":"m³/day","source_row":44659,"quality_location":3,"quality_waste":1,"status":"Not Reported","estimated":false}},{"type":"Feature","id":"hydrowaste-35049","geometry":{"type":"Point","coordinates":[-81.585,41.57]},"properties":{"id":"hydrowaste-35049","type":"wastewater-treatment","name":"NEORSD Easterly WWTP","country":"USA","source_id":"hydrowaste-2022","year":null,"value":496229.633,"unit":"m³/day","metric":"Reported treated effluent","original_value":496229.633,"original_unit":"m³/day","source_row":35049,"quality_location":2,"quality_waste":1,"status":"Not Reported","estimated":false}},{"type":"Feature","id":"hydrowaste-47645","geometry":{"type":"Point","coordinates":[-122.951,49.164]},"properties":{"id":"hydrowaste-47645","type":"wastewater-treatment","name":"Annacis Island Wastewater Treatment Plant","country":"CAN","source_id":"hydrowaste-2022","year":null,"value":494191.0,"unit":"m³/day","metric":"Reported treated effluent","original_value":494191.0,"original_unit":"m³/day","source_row":47645,"quality_location":2,"quality_waste":1,"status":"Operational","estimated":false}},{"type":"Feature","id":"hydrowaste-33568","geometry":{"type":"Point","coordinates":[-73.895,40.778]},"properties":{"id":"hydrowaste-33568","type":"wastewater-treatment","name":"New York C   Bowery Bay WPCP","country":"USA","source_id":"hydrowaste-2022","year":null,"value":488734.517,"unit":"m³/day","metric":"Reported treated effluent","original_value":488734.517,"original_unit":"m³/day","source_row":33568,"quality_location":2,"quality_waste":1,"status":"Not Reported","estimated":false}},{"type":"Feature","id":"hydrowaste-26666","geometry":{"type":"Point","coordinates":[-80.153,25.745]},"properties":{"id":"hydrowaste-26666","type":"wastewater-treatment","name":"MDWASD Central District WWTF","country":"USA","source_id":"hydrowaste-2022","year":null,"value":480747.299,"unit":"m³/day","metric":"Reported treated effluent","original_value":480747.299,"original_unit":"m³/day","source_row":26666,"quality_location":2,"quality_waste":1,"status":"Not Reported","estimated":false}},{"type":"Feature","id":"hydrowaste-45724","geometry":{"type":"Point","coordinates":[121.616,31.348]},"properties":{"id":"hydrowaste-45724","type":"wastewater-treatment","name":"Shanghai","country":"CHN","source_id":"hydrowaste-2022","year":null,"value":474000.0,"unit":"m³/day","metric":"Reported treated effluent","original_value":474000.0,"original_unit":"m³/day","source_row":45724,"quality_location":4,"quality_waste":1,"status":"Not Reported","estimated":false}},{"type":"Feature","id":"hydrowaste-37826","geometry":{"type":"Point","coordinates":[-96.547,32.747]},"properties":{"id":"hydrowaste-37826","type":"wastewater-treatment","name":"Central WWTP   Dallas","country":"USA","source_id":"hydrowaste-2022","year":null,"value":468270.581,"unit":"m³/day","metric":"Reported treated effluent","original_value":468270.581,"original_unit":"m³/day","source_row":37826,"quality_location":2,"quality_waste":1,"status":"Not Reported","estimated":false}},{"type":"Feature","id":"hydrowaste-33567","geometry":{"type":"Point","coordinates":[-73.88,40.801]},"properties":{"id":"hydrowaste-33567","type":"wastewater-treatment","name":"New York C   Hunts Point WPCP","country":"USA","source_id":"hydrowaste-2022","year":null,"value":462274.489,"unit":"m³/day","metric":"Reported treated effluent","original_value":462274.489,"original_unit":"m³/day","source_row":33567,"quality_location":2,"quality_waste":1,"status":"Not Reported","estimated":false}},{"type":"Feature","id":"hydrowaste-47861","geometry":{"type":"Point","coordinates":[-79.543,43.579]},"properties":{"id":"hydrowaste-47861","type":"wastewater-treatment","name":"GE Booth Wastewater Treatment Plant","country":"CAN","source_id":"hydrowaste-2022","year":null,"value":455634.0,"unit":"m³/day","metric":"Reported treated effluent","original_value":455634.0,"original_unit":"m³/day","source_row":47861,"quality_location":2,"quality_waste":1,"status":"Operational","estimated":false}},{"type":"Feature","id":"hydrowaste-28008","geometry":{"type":"Point","coordinates":[-86.174,39.747]},"properties":{"id":"hydrowaste-28008","type":"wastewater-treatment","name":"Indianapolis   BELMONT WWTP","country":"USA","source_id":"hydrowaste-2022","year":null,"value":454249.416,"unit":"m³/day","metric":"Reported treated effluent","original_value":454249.416,"original_unit":"m³/day","source_row":28008,"quality_location":2,"quality_waste":1,"status":"Not Reported","estimated":false}},{"type":"Feature","id":"hydrowaste-45174","geometry":{"type":"Point","coordinates":[116.366,40.033]},"properties":{"id":"hydrowaste-45174","type":"wastewater-treatment","name":"Beijing","country":"CHN","source_id":"hydrowaste-2022","year":null,"value":450000.0,"unit":"m³/day","metric":"Reported treated effluent","original_value":450000.0,"original_unit":"m³/day","source_row":45174,"quality_location":4,"quality_waste":1,"status":"Not Reported","estimated":false}},{"type":"Feature","id":"hydrowaste-46026","geometry":{"type":"Point","coordinates":[120.24,30.261]},"properties":{"id":"hydrowaste-46026","type":"wastewater-treatment","name":"Zhejiang","country":"CHN","source_id":"hydrowaste-2022","year":null,"value":448200.0,"unit":"m³/day","metric":"Reported treated effluent","original_value":448200.0,"original_unit":"m³/day","source_row":46026,"quality_location":4,"quality_waste":1,"status":"Not Reported","estimated":false}},{"type":"Feature","id":"hydrowaste-19151","geometry":{"type":"Point","coordinates":[9.936,53.527]},"properties":{"id":"hydrowaste-19151","type":"wastewater-treatment","name":"Klarwerksverbund Kohlbrandhoft Dradenau","country":"DEU","source_id":"hydrowaste-2022","year":null,"value":435616.438,"unit":"m³/day","metric":"Reported treated effluent","original_value":435616.438,"original_unit":"m³/day","source_row":19151,"quality_location":2,"quality_waste":1,"status":"Not Reported","estimated":false}},{"type":"Feature","id":"hydrowaste-31742","geometry":{"type":"Point","coordinates":[-90.27,38.534]},"properties":{"id":"hydrowaste-31742","type":"wastewater-treatment","name":"LEMAY WWTP","country":"USA","source_id":"hydrowaste-2022","year":null,"value":431536.945,"unit":"m³/day","metric":"Reported treated effluent","original_value":431536.945,"original_unit":"m³/day","source_row":31742,"quality_location":2,"quality_waste":1,"status":"Not Reported","estimated":false}},{"type":"Feature","id":"hydrowaste-45234","geometry":{"type":"Point","coordinates":[114.527,37.964]},"properties":{"id":"hydrowaste-45234","type":"wastewater-treatment","name":"Hebei","country":"CHN","source_id":"hydrowaste-2022","year":null,"value":425000.0,"unit":"m³/day","metric":"Reported treated effluent","original_value":425000.0,"original_unit":"m³/day","source_row":45234,"quality_location":4,"quality_waste":1,"status":"Not Reported","estimated":false}},{"type":"Feature","id":"hydrowaste-31741","geometry":{"type":"Point","coordinates":[-90.195,38.674]},"properties":{"id":"hydrowaste-31741","type":"wastewater-treatment","name":"BISSELL POINT WWTP","country":"USA","source_id":"hydrowaste-2022","year":null,"value":420180.71,"unit":"m³/day","metric":"Reported treated effluent","original_value":420180.71,"original_unit":"m³/day","source_row":31741,"quality_location":2,"quality_waste":1,"status":"Not Reported","estimated":false}},{"type":"Feature","id":"hydrowaste-38608","geometry":{"type":"Point","coordinates":[-122.427,47.663]},"properties":{"id":"hydrowaste-38608","type":"wastewater-treatment","name":"WEST POINT WWTP","country":"USA","source_id":"hydrowaste-2022","year":null,"value":416395.298,"unit":"m³/day","metric":"Reported treated effluent","original_value":416395.298,"original_unit":"m³/day","source_row":38608,"quality_location":2,"quality_waste":1,"status":"Not Reported","estimated":false}},{"type":"Feature","id":"hydrowaste-47781","geometry":{"type":"Point","coordinates":[-75.593,45.464]},"properties":{"id":"hydrowaste-47781","type":"wastewater-treatment","name":"Robert O Pickard Environmental Centre","country":"CAN","source_id":"hydrowaste-2022","year":null,"value":400000.0,"unit":"m³/day","metric":"Reported treated effluent","original_value":400000.0,"original_unit":"m³/day","source_row":47781,"quality_location":2,"quality_waste":1,"status":"Operational","estimated":false}},{"type":"Feature","id":"hydrowaste-46723","geometry":{"type":"Point","coordinates":[114.234,30.679]},"properties":{"id":"hydrowaste-46723","type":"wastewater-treatment","name":"Hubei","country":"CHN","source_id":"hydrowaste-2022","year":null,"value":396000.0,"unit":"m³/day","metric":"Reported treated effluent","original_value":396000.0,"original_unit":"m³/day","source_row":46723,"quality_location":4,"quality_waste":1,"status":"Not Reported","estimated":false}},{"type":"Feature","id":"hydrowaste-45720","geometry":{"type":"Point","coordinates":[121.391,31.471]},"properties":{"id":"hydrowaste-45720","type":"wastewater-treatment","name":"Shanghai","country":"CHN","source_id":"hydrowaste-2022","year":null,"value":386000.0,"unit":"m³/day","metric":"Reported treated effluent","original_value":386000.0,"original_unit":"m³/day","source_row":45720,"quality_location":4,"quality_waste":1,"status":"Not Reported","estimated":false}},{"type":"Feature","id":"hydrowaste-45652","geometry":{"type":"Point","coordinates":[125.356,43.95]},"properties":{"id":"hydrowaste-45652","type":"wastewater-treatment","name":"Jilin","country":"CHN","source_id":"hydrowaste-2022","year":null,"value":374200.0,"unit":"m³/day","metric":"Reported treated effluent","original_value":374200.0,"original_unit":"m³/day","source_row":45652,"quality_location":4,"quality_waste":1,"status":"Not Reported","estimated":false}},{"type":"Feature","id":"hydrowaste-29852","geometry":{"type":"Point","coordinates":[-85.836,38.23]},"properties":{"id":"hydrowaste-29852","type":"wastewater-treatment","name":"MSD   MORRIS FORMAN STP","country":"USA","source_id":"hydrowaste-2022","year":null,"value":369077.65,"unit":"m³/day","metric":"Reported treated effluent","original_value":369077.65,"original_unit":"m³/day","source_row":29852,"quality_location":2,"quality_waste":1,"status":"Not Reported","estimated":false}},{"type":"Feature","id":"hydrowaste-1872","geometry":{"type":"Point","coordinates":[23.376,42.759]},"properties":{"id":"hydrowaste-1872","type":"wastewater-treatment","name":"UWWTP Sofia","country":"BGR","source_id":"hydrowaste-2022","year":null,"value":365768.885,"unit":"m³/day","metric":"Reported treated effluent","original_value":365768.885,"original_unit":"m³/day","source_row":1872,"quality_location":2,"quality_waste":1,"status":"Not Reported","estimated":false}},{"type":"Feature","id":"hydrowaste-47788","geometry":{"type":"Point","coordinates":[-114.02,51.01]},"properties":{"id":"hydrowaste-47788","type":"wastewater-treatment","name":"Bonnybrook Wastewater Treatment Plant","country":"CAN","source_id":"hydrowaste-2022","year":null,"value":364250.0,"unit":"m³/day","metric":"Reported treated effluent","original_value":364250.0,"original_unit":"m³/day","source_row":47788,"quality_location":2,"quality_waste":1,"status":"Operational","estimated":false}},{"type":"Feature","id":"hydrowaste-33570","geometry":{"type":"Point","coordinates":[-73.807,40.662]},"properties":{"id":"hydrowaste-33570","type":"wastewater-treatment","name":"New York C   Jamaica WPCP","country":"USA","source_id":"hydrowaste-2022","year":null,"value":363740.22,"unit":"m³/day","metric":"Reported treated effluent","original_value":363740.22,"original_unit":"m³/day","source_row":33570,"quality_location":2,"quality_waste":1,"status":"Not Reported","estimated":false}},{"type":"Feature","id":"hydrowaste-35057","geometry":{"type":"Point","coordinates":[-82.999,39.818]},"properties":{"id":"hydrowaste-35057","type":"wastewater-treatment","name":"Columbus Southerly WWTP and Sewers","country":"USA","source_id":"hydrowaste-2022","year":null,"value":363399.533,"unit":"m³/day","metric":"Reported treated effluent","original_value":363399.533,"original_unit":"m³/day","source_row":35057,"quality_location":2,"quality_waste":1,"status":"Not Reported","estimated":false}},{"type":"Feature","id":"hydrowaste-37999","geometry":{"type":"Point","coordinates":[-95.298,29.755]},"properties":{"id":"hydrowaste-37999","type":"wastewater-treatment","name":"69th Street Plant","country":"USA","source_id":"hydrowaste-2022","year":null,"value":363399.533,"unit":"m³/day","metric":"Reported treated effluent","original_value":363399.533,"original_unit":"m³/day","source_row":37999,"quality_location":2,"quality_waste":1,"status":"Not Reported","estimated":false}},{"type":"Feature","id":"hydrowaste-46084","geometry":{"type":"Point","coordinates":[120.68,30.749]},"properties":{"id":"hydrowaste-46084","type":"wastewater-treatment","name":"Zhejiang","country":"CHN","source_id":"hydrowaste-2022","year":null,"value":360400.0,"unit":"m³/day","metric":"Reported treated effluent","original_value":360400.0,"original_unit":"m³/day","source_row":46084,"quality_location":4,"quality_waste":1,"status":"Not Reported","estimated":false}},{"type":"Feature","id":"hydrowaste-26668","geometry":{"type":"Point","coordinates":[-80.154,25.919]},"properties":{"id":"hydrowaste-26668","type":"wastewater-treatment","name":"MDWASD North District WWTP","country":"USA","source_id":"hydrowaste-2022","year":null,"value":359614.121,"unit":"m³/day","metric":"Reported treated effluent","original_value":359614.121,"original_unit":"m³/day","source_row":26668,"quality_location":2,"quality_waste":1,"status":"Not Reported","estimated":false}},{"type":"Feature","id":"hydrowaste-36254","geometry":{"type":"Point","coordinates":[-75.146,39.902]},"properties":{"id":"hydrowaste-36254","type":"wastewater-treatment","name":"PHILADELPHIA WATER DEPT SE","country":"USA","source_id":"hydrowaste-2022","year":null,"value":358857.039,"unit":"m³/day","metric":"Reported treated effluent","original_value":358857.039,"original_unit":"m³/day","source_row":36254,"quality_location":2,"quality_waste":1,"status":"Not Reported","estimated":false}},{"type":"Feature","id":"hydrowaste-39745","geometry":{"type":"Point","coordinates":[-66.152,18.446]},"properties":{"id":"hydrowaste-39745","type":"wastewater-treatment","name":"Puerto Nuevo Bayamon WWTP","country":"USA","source_id":"hydrowaste-2022","year":null,"value":355828.709,"unit":"m³/day","metric":"Reported treated effluent","original_value":355828.709,"original_unit":"m³/day","source_row":39745,"quality_location":2,"quality_waste":1,"status":"Not Reported","estimated":false}},{"type":"Feature","id":"hydrowaste-45214","geometry":{"type":"Point","coordinates":[117.274,39.166]},"properties":{"id":"hydrowaste-45214","type":"wastewater-treatment","name":"Tianjin","country":"CHN","source_id":"hydrowaste-2022","year":null,"value":352700.0,"unit":"m³/day","metric":"Reported treated effluent","original_value":352700.0,"original_unit":"m³/day","source_row":45214,"quality_location":4,"quality_waste":1,"status":"Not Reported","estimated":false}},{"type":"Feature","id":"hydrowaste-33574","geometry":{"type":"Point","coordinates":[-73.932,40.59]},"properties":{"id":"hydrowaste-33574","type":"wastewater-treatment","name":"New York C   Coney Island WPCP","country":"USA","source_id":"hydrowaste-2022","year":null,"value":352383.984,"unit":"m³/day","metric":"Reported treated effluent","original_value":352383.984,"original_unit":"m³/day","source_row":33574,"quality_location":2,"quality_waste":1,"status":"Not Reported","estimated":false}},{"type":"Feature","id":"hydrowaste-30360","geometry":{"type":"Point","coordinates":[-89.997,29.977]},"properties":{"id":"hydrowaste-30360","type":"wastewater-treatment","name":"NEW ORLEANS EAST BANK","country":"USA","source_id":"hydrowaste-2022","year":null,"value":348636.427,"unit":"m³/day","metric":"Reported treated effluent","original_value":348636.427,"original_unit":"m³/day","source_row":30360,"quality_location":2,"quality_waste":1,"status":"Not Reported","estimated":false}},{"type":"Feature","id":"hydrowaste-26669","geometry":{"type":"Point","coordinates":[-80.333,25.551]},"properties":{"id":"hydrowaste-26669","type":"wastewater-treatment","name":"MDWASD South District WWTP","country":"USA","source_id":"hydrowaste-2022","year":null,"value":348257.886,"unit":"m³/day","metric":"Reported treated effluent","original_value":348257.886,"original_unit":"m³/day","source_row":26669,"quality_location":2,"quality_waste":1,"status":"Not Reported","estimated":false}},{"type":"Feature","id":"hydrowaste-47105","geometry":{"type":"Point","coordinates":[114.146,22.542]},"properties":{"id":"hydrowaste-47105","type":"wastewater-treatment","name":"Guangdong","country":"CHN","source_id":"hydrowaste-2022","year":null,"value":348000.0,"unit":"m³/day","metric":"Reported treated effluent","original_value":348000.0,"original_unit":"m³/day","source_row":47105,"quality_location":4,"quality_waste":1,"status":"Not Reported","estimated":false}},{"type":"Feature","id":"hydrowaste-4604","geometry":{"type":"Point","coordinates":[9.185,45.382]},"properties":{"id":"hydrowaste-4604","type":"wastewater-treatment","name":"DP01514601_MILANO_NOSEDO","country":"ITA","source_id":"hydrowaste-2022","year":null,"value":347967.005,"unit":"m³/day","metric":"Reported treated effluent","original_value":347967.005,"original_unit":"m³/day","source_row":4604,"quality_location":2,"quality_waste":1,"status":"Not Reported","estimated":false}},{"type":"Feature","id":"hydrowaste-37468","geometry":{"type":"Point","coordinates":[-86.789,36.186]},"properties":{"id":"hydrowaste-37468","type":"wastewater-treatment","name":"Nashville   Central WWTP","country":"USA","source_id":"hydrowaste-2022","year":null,"value":347879.344,"unit":"m³/day","metric":"Reported treated effluent","original_value":347879.344,"original_unit":"m³/day","source_row":37468,"quality_location":2,"quality_waste":1,"status":"Not Reported","estimated":false}},{"type":"Feature","id":"hydrowaste-9008","geometry":{"type":"Point","coordinates":[2.259,41.402]},"properties":{"id":"hydrowaste-9008","type":"wastewater-treatment","name":"BESOS","country":"ESP","source_id":"hydrowaste-2022","year":null,"value":343720.126,"unit":"m³/day","metric":"Reported treated effluent","original_value":343720.126,"original_unit":"m³/day","source_row":9008,"quality_location":2,"quality_waste":1,"status":"Not Reported","estimated":false}},{"type":"Feature","id":"hydrowaste-19654","geometry":{"type":"Point","coordinates":[6.981,51.511]},"properties":{"id":"hydrowaste-19654","type":"wastewater-treatment","name":"Bottrop","country":"DEU","source_id":"hydrowaste-2022","year":null,"value":341173.564,"unit":"m³/day","metric":"Reported treated effluent","original_value":341173.564,"original_unit":"m³/day","source_row":19654,"quality_location":2,"quality_waste":1,"status":"Not Reported","estimated":false}},{"type":"Feature","id":"hydrowaste-37453","geometry":{"type":"Point","coordinates":[-90.055,35.192]},"properties":{"id":"hydrowaste-37453","type":"wastewater-treatment","name":"Memphis N Maynard C Stiles STP","country":"USA","source_id":"hydrowaste-2022","year":null,"value":340687.062,"unit":"m³/day","metric":"Reported treated effluent","original_value":340687.062,"original_unit":"m³/day","source_row":37453,"quality_location":2,"quality_waste":1,"status":"Not Reported","estimated":false}},{"type":"Feature","id":"hydrowaste-33152","geometry":{"type":"Point","coordinates":[-115.033,36.1]},"properties":{"id":"hydrowaste-33152","type":"wastewater-treatment","name":"Clark County Water Rec Dist AWT","country":"USA","source_id":"hydrowaste-2022","year":null,"value":336901.65,"unit":"m³/day","metric":"Reported treated effluent","original_value":336901.65,"original_unit":"m³/day","source_row":33152,"quality_location":2,"quality_waste":1,"status":"Not Reported","estimated":false}},{"type":"Feature","id":"hydrowaste-24539","geometry":{"type":"Point","coordinates":[11.887,57.689]},"properties":{"id":"hydrowaste-24539","type":"wastewater-treatment","name":"Gryaab AB Ryaverket","country":"SWE","source_id":"hydrowaste-2022","year":null,"value":335673.973,"unit":"m³/day","metric":"Reported treated effluent","original_value":335673.973,"original_unit":"m³/day","source_row":24539,"quality_location":2,"quality_waste":1,"status":"Not Reported","estimated":false}},{"type":"Feature","id":"hydrowaste-26226","geometry":{"type":"Point","coordinates":[-117.939,33.692]},"properties":{"id":"hydrowaste-26226","type":"wastewater-treatment","name":"OCSD WRP No 1","country":"USA","source_id":"hydrowaste-2022","year":null,"value":333116.238,"unit":"m³/day","metric":"Reported treated effluent","original_value":333116.238,"original_unit":"m³/day","source_row":26226,"quality_location":2,"quality_waste":1,"status":"Not Reported","estimated":false}},{"type":"Feature","id":"hydrowaste-8129","geometry":{"type":"Point","coordinates":[-2.991,43.304]},"properties":{"id":"hydrowaste-8129","type":"wastewater-treatment","name":"GALINDO","country":"ESP","source_id":"hydrowaste-2022","year":null,"value":331729.014,"unit":"m³/day","metric":"Reported treated effluent","original_value":331729.014,"original_unit":"m³/day","source_row":8129,"quality_location":2,"quality_waste":1,"status":"Not Reported","estimated":false}},{"type":"Feature","id":"hydrowaste-27016","geometry":{"type":"Point","coordinates":[-84.573,33.745]},"properties":{"id":"hydrowaste-27016","type":"wastewater-treatment","name":"R M CLAYTON WPCP","country":"USA","source_id":"hydrowaste-2022","year":null,"value":331299.241,"unit":"m³/day","metric":"Reported treated effluent","original_value":331299.241,"original_unit":"m³/day","source_row":27016,"quality_location":2,"quality_waste":1,"status":"Not Reported","estimated":false}},{"type":"Feature","id":"hydrowaste-45771","geometry":{"type":"Point","coordinates":[118.736,32.107]},"properties":{"id":"hydrowaste-45771","type":"wastewater-treatment","name":"Jiangsu","country":"CHN","source_id":"hydrowaste-2022","year":null,"value":331000.0,"unit":"m³/day","metric":"Reported treated effluent","original_value":331000.0,"original_unit":"m³/day","source_row":45771,"quality_location":4,"quality_waste":1,"status":"Not Reported","estimated":false}},{"type":"Feature","id":"hydrowaste-41898","geometry":{"type":"Point","coordinates":[-43.227,-22.989]},"properties":{"id":"hydrowaste-41898","type":"wastewater-treatment","name":"EPC   ESEI EMISSARIO SUBMARINO DE IPANEMA","country":"BRA","source_id":"hydrowaste-2022","year":null,"value":330288.867,"unit":"m³/day","metric":"Reported treated effluent","original_value":330288.867,"original_unit":"m³/day","source_row":41898,"quality_location":2,"quality_waste":1,"status":"Not Reported","estimated":false}},{"type":"Feature","id":"hydrowaste-47809","geometry":{"type":"Point","coordinates":[-79.477,43.634]},"properties":{"id":"hydrowaste-47809","type":"wastewater-treatment","name":"Humber Treatment Plant","country":"CAN","source_id":"hydrowaste-2022","year":null,"value":330000.0,"unit":"m³/day","metric":"Reported treated effluent","original_value":330000.0,"original_unit":"m³/day","source_row":47809,"quality_location":2,"quality_waste":1,"status":"Operational","estimated":false}},{"type":"Feature","id":"hydrowaste-33575","geometry":{"type":"Point","coordinates":[-74.036,40.64]},"properties":{"id":"hydrowaste-33575","type":"wastewater-treatment","name":"New York C   Owls Head WPCP","country":"USA","source_id":"hydrowaste-2022","year":null,"value":329671.514,"unit":"m³/day","metric":"Reported treated effluent","original_value":329671.514,"original_unit":"m³/day","source_row":33575,"quality_location":2,"quality_waste":1,"status":"Not Reported","estimated":false}},{"type":"Feature","id":"hydrowaste-33986","geometry":{"type":"Point","coordinates":[-77.585,43.231]},"properties":{"id":"hydrowaste-33986","type":"wastewater-treatment","name":"Monroe Co Frank E Van Lare STP","country":"USA","source_id":"hydrowaste-2022","year":null,"value":328270.911,"unit":"m³/day","metric":"Reported treated effluent","original_value":328270.911,"original_unit":"m³/day","source_row":33986,"quality_location":2,"quality_waste":1,"status":"Not Reported","estimated":false}},{"type":"Feature","id":"hydrowaste-47756","geometry":{"type":"Point","coordinates":[-73.486,45.584]},"properties":{"id":"hydrowaste-47756","type":"wastewater-treatment","name":"Centre d epuration Rive Sud CERS","country":"CAN","source_id":"hydrowaste-2022","year":null,"value":326648.0,"unit":"m³/day","metric":"Reported treated effluent","original_value":326648.0,"original_unit":"m³/day","source_row":47756,"quality_location":2,"quality_waste":1,"status":"Operational","estimated":false}},{"type":"Feature","id":"hydrowaste-47638","geometry":{"type":"Point","coordinates":[-79.048,43.816]},"properties":{"id":"hydrowaste-47638","type":"wastewater-treatment","name":"Duffin Creek WPCP","country":"CAN","source_id":"hydrowaste-2022","year":null,"value":325627.0,"unit":"m³/day","metric":"Reported treated effluent","original_value":325627.0,"original_unit":"m³/day","source_row":47638,"quality_location":2,"quality_waste":1,"status":"Operational","estimated":false}},{"type":"Feature","id":"hydrowaste-33244","geometry":{"type":"Point","coordinates":[-74.2,40.639]},"properties":{"id":"hydrowaste-33244","type":"wastewater-treatment","name":"Joint Meeting of Essex and Union   CSO_STP","country":"USA","source_id":"hydrowaste-2022","year":null,"value":321760.003,"unit":"m³/day","metric":"Reported treated effluent","original_value":321760.003,"original_unit":"m³/day","source_row":33244,"quality_location":2,"quality_waste":1,"status":"Not Reported","estimated":false}},{"type":"Feature","id":"hydrowaste-35451","geometry":{"type":"Point","coordinates":[-83.483,41.693]},"properties":{"id":"hydrowaste-35451","type":"wastewater-treatment","name":"Toledo Bay View Park WWTP and Sewers","country":"USA","source_id":"hydrowaste-2022","year":null,"value":321760.003,"unit":"m³/day","metric":"Reported treated effluent","original_value":321760.003,"original_unit":"m³/day","source_row":35451,"quality_location":2,"quality_waste":1,"status":"Not Reported","estimated":false}},{"type":"Feature","id":"hydrowaste-45568","geometry":{"type":"Point","coordinates":[123.334,41.841]},"properties":{"id":"hydrowaste-45568","type":"wastewater-treatment","name":"Liaoning","country":"CHN","source_id":"hydrowaste-2022","year":null,"value":320000.0,"unit":"m³/day","metric":"Reported treated effluent","original_value":320000.0,"original_unit":"m³/day","source_row":45568,"quality_location":4,"quality_waste":1,"status":"Not Reported","estimated":false}},{"type":"Feature","id":"hydrowaste-52983","geometry":{"type":"Point","coordinates":[174.772,-36.968]},"properties":{"id":"hydrowaste-52983","type":"wastewater-treatment","name":"Mangere Island Road","country":"NZL","source_id":"hydrowaste-2022","year":null,"value":319238.937,"unit":"m³/day","metric":"Reported treated effluent","original_value":319238.937,"original_unit":"m³/day","source_row":52983,"quality_location":2,"quality_waste":1,"status":"Not Reported","estimated":false}},{"type":"Feature","id":"hydrowaste-25945","geometry":{"type":"Point","coordinates":[-118.021,34.032]},"properties":{"id":"hydrowaste-25945","type":"wastewater-treatment","name":"San Jose Creek WRP","country":"USA","source_id":"hydrowaste-2022","year":null,"value":316460.426,"unit":"m³/day","metric":"Reported treated effluent","original_value":316460.426,"original_unit":"m³/day","source_row":25945,"quality_location":2,"quality_waste":1,"status":"Not Reported","estimated":false}},{"type":"Feature","id":"hydrowaste-45570","geometry":{"type":"Point","coordinates":[123.352,41.762]},"properties":{"id":"hydrowaste-45570","type":"wastewater-treatment","name":"Liaoning","country":"CHN","source_id":"hydrowaste-2022","year":null,"value":314000.0,"unit":"m³/day","metric":"Reported treated effluent","original_value":314000.0,"original_unit":"m³/day","source_row":45570,"quality_location":4,"quality_waste":1,"status":"Not Reported","estimated":false}},{"type":"Feature","id":"hydrowaste-47086","geometry":{"type":"Point","coordinates":[113.89,22.515]},"properties":{"id":"hydrowaste-47086","type":"wastewater-treatment","name":"Guangdong","country":"CHN","source_id":"hydrowaste-2022","year":null,"value":309000.0,"unit":"m³/day","metric":"Reported treated effluent","original_value":309000.0,"original_unit":"m³/day","source_row":47086,"quality_location":4,"quality_waste":1,"status":"Not Reported","estimated":false}},{"type":"Feature","id":"hydrowaste-31186","geometry":{"type":"Point","coordinates":[-83.158,42.188]},"properties":{"id":"hydrowaste-31186","type":"wastewater-treatment","name":"WYANDOTTE WWTP","country":"USA","source_id":"hydrowaste-2022","year":null,"value":306618.356,"unit":"m³/day","metric":"Reported treated effluent","original_value":306618.356,"original_unit":"m³/day","source_row":31186,"quality_location":2,"quality_waste":1,"status":"Not Reported","estimated":false}},{"type":"Feature","id":"hydrowaste-31720","geometry":{"type":"Point","coordinates":[-94.495,39.121]},"properties":{"id":"hydrowaste-31720","type":"wastewater-treatment","name":"KC BLUE RIVER STP","country":"USA","source_id":"hydrowaste-2022","year":null,"value":306618.356,"unit":"m³/day","metric":"Reported treated effluent","original_value":306618.356,"original_unit":"m³/day","source_row":31720,"quality_location":2,"quality_waste":1,"status":"Not Reported","estimated":false}},{"type":"Feature","id":"hydrowaste-46591","geometry":{"type":"Point","coordinates":[113.7,34.862]},"properties":{"id":"hydrowaste-46591","type":"wastewater-treatment","name":"Henan","country":"CHN","source_id":"hydrowaste-2022","year":null,"value":304700.0,"unit":"m³/day","metric":"Reported treated effluent","original_value":304700.0,"original_unit":"m³/day","source_row":46591,"quality_location":4,"quality_waste":1,"status":"Not Reported","estimated":false}},{"type":"Feature","id":"hydrowaste-45222","geometry":{"type":"Point","coordinates":[117.079,39.102]},"properties":{"id":"hydrowaste-45222","type":"wastewater-treatment","name":"Tianjin","country":"CHN","source_id":"hydrowaste-2022","year":null,"value":303400.0,"unit":"m³/day","metric":"Reported treated effluent","original_value":303400.0,"original_unit":"m³/day","source_row":45222,"quality_location":4,"quality_waste":1,"status":"Not Reported","estimated":false}},{"type":"Feature","id":"hydrowaste-25843","geometry":{"type":"Point","coordinates":[-122.39,37.74]},"properties":{"id":"hydrowaste-25843","type":"wastewater-treatment","name":"Southeast WPCP","country":"USA","source_id":"hydrowaste-2022","year":null,"value":302832.944,"unit":"m³/day","metric":"Reported treated effluent","original_value":302832.944,"original_unit":"m³/day","source_row":25843,"quality_location":2,"quality_waste":1,"status":"Not Reported","estimated":false}},{"type":"Feature","id":"hydrowaste-25848","geometry":{"type":"Point","coordinates":[-122.298,37.823]},"properties":{"id":"hydrowaste-25848","type":"wastewater-treatment","name":"East Bay MUD Main WWTP","country":"USA","source_id":"hydrowaste-2022","year":null,"value":302832.944,"unit":"m³/day","metric":"Reported treated effluent","original_value":302832.944,"original_unit":"m³/day","source_row":25848,"quality_location":2,"quality_waste":1,"status":"Not Reported","estimated":false}},{"type":"Feature","id":"hydrowaste-35056","geometry":{"type":"Point","coordinates":[-83.017,39.913]},"properties":{"id":"hydrowaste-35056","type":"wastewater-treatment","name":"Columbus Jackson Pike WWTP and Sewers","country":"USA","source_id":"hydrowaste-2022","year":null,"value":300940.238,"unit":"m³/day","metric":"Reported treated effluent","original_value":300940.238,"original_unit":"m³/day","source_row":35056,"quality_location":2,"quality_waste":1,"status":"Not Reported","estimated":false}},{"type":"Feature","id":"hydrowaste-33697","geometry":{"type":"Point","coordinates":[-73.906,40.925]},"properties":{"id":"hydrowaste-33697","type":"wastewater-treatment","name":"Westchester Co Yonkers Joint STP","country":"USA","source_id":"hydrowaste-2022","year":null,"value":300667.688,"unit":"m³/day","metric":"Reported treated effluent","original_value":300667.688,"original_unit":"m³/day","source_row":33697,"quality_location":2,"quality_waste":1,"status":"Not Reported","estimated":false}},{"type":"Feature","id":"hydrowaste-46171","geometry":{"type":"Point","coordinates":[117.308,31.846]},"properties":{"id":"hydrowaste-46171","type":"wastewater-treatment","name":"Anhui","country":"CHN","source_id":"hydrowaste-2022","year":null,"value":300000.0,"unit":"m³/day","metric":"Reported treated effluent","original_value":300000.0,"original_unit":"m³/day","source_row":46171,"quality_location":4,"quality_waste":1,"status":"Not Reported","estimated":false}},{"type":"Feature","id":"hydrowaste-34777","geometry":{"type":"Point","coordinates":[-81.566,41.155]},"properties":{"id":"hydrowaste-34777","type":"wastewater-treatment","name":"Akron WWTP and Sewers","country":"USA","source_id":"hydrowaste-2022","year":null,"value":299047.532,"unit":"m³/day","metric":"Reported treated effluent","original_value":299047.532,"original_unit":"m³/day","source_row":34777,"quality_location":2,"quality_waste":1,"status":"Not Reported","estimated":false}},{"type":"Feature","id":"hydrowaste-47104","geometry":{"type":"Point","coordinates":[114.099,22.535]},"properties":{"id":"hydrowaste-47104","type":"wastewater-treatment","name":"Guangdong","country":"CHN","source_id":"hydrowaste-2022","year":null,"value":299000.0,"unit":"m³/day","metric":"Reported treated effluent","original_value":299000.0,"original_unit":"m³/day","source_row":47104,"quality_location":4,"quality_waste":1,"status":"Not Reported","estimated":false}},{"type":"Feature","id":"hydrowaste-37827","geometry":{"type":"Point","coordinates":[-96.647,32.641]},"properties":{"id":"hydrowaste-37827","type":"wastewater-treatment","name":"Southside WWTP   Dallas","country":"USA","source_id":"hydrowaste-2022","year":null,"value":298328.304,"unit":"m³/day","metric":"Reported treated effluent","original_value":298328.304,"original_unit":"m³/day","source_row":37827,"quality_location":2,"quality_waste":1,"status":"Not Reported","estimated":false}},{"type":"Feature","id":"hydrowaste-22143","geometry":{"type":"Point","coordinates":[11.667,48.204]},"properties":{"id":"hydrowaste-22143","type":"wastewater-treatment","name":"Munchen I","country":"DEU","source_id":"hydrowaste-2022","year":null,"value":297651.507,"unit":"m³/day","metric":"Reported treated effluent","original_value":297651.507,"original_unit":"m³/day","source_row":22143,"quality_location":2,"quality_waste":1,"status":"Not Reported","estimated":false}},{"type":"Feature","id":"hydrowaste-27344","geometry":{"type":"Point","coordinates":[-157.872,21.304]},"properties":{"id":"hydrowaste-27344","type":"wastewater-treatment","name":"SAND ISLAND WWTP","country":"USA","source_id":"hydrowaste-2022","year":null,"value":293747.956,"unit":"m³/day","metric":"Reported treated effluent","original_value":293747.956,"original_unit":"m³/day","source_row":27344,"quality_location":2,"quality_waste":1,"status":"Not Reported","estimated":false}},{"type":"Feature","id":"hydrowaste-45663","geometry":{"type":"Point","coordinates":[126.525,43.921]},"properties":{"id":"hydrowaste-45663","type":"wastewater-treatment","name":"Jilin","country":"CHN","source_id":"hydrowaste-2022","year":null,"value":289500.0,"unit":"m³/day","metric":"Reported treated effluent","original_value":289500.0,"original_unit":"m³/day","source_row":45663,"quality_location":4,"quality_waste":1,"status":"Not Reported","estimated":false}},{"type":"Feature","id":"hydrowaste-45685","geometry":{"type":"Point","coordinates":[126.718,45.82]},"properties":{"id":"hydrowaste-45685","type":"wastewater-treatment","name":"Heilongjiang","country":"CHN","source_id":"hydrowaste-2022","year":null,"value":287000.0,"unit":"m³/day","metric":"Reported treated effluent","original_value":287000.0,"original_unit":"m³/day","source_row":45685,"quality_location":4,"quality_waste":1,"status":"Not Reported","estimated":false}},{"type":"Feature","id":"hydrowaste-33243","geometry":{"type":"Point","coordinates":[-74.033,40.837]},"properties":{"id":"hydrowaste-33243","type":"wastewater-treatment","name":"Bergen County UA Little Ferry WPCF   CS_CSO_STP","country":"USA","source_id":"hydrowaste-2022","year":null,"value":284625.113,"unit":"m³/day","metric":"Reported treated effluent","original_value":284625.113,"original_unit":"m³/day","source_row":33243,"quality_location":2,"quality_waste":1,"status":"Not Reported","estimated":false}},{"type":"Feature","id":"hydrowaste-26007","geometry":{"type":"Point","coordinates":[-119.89,36.706]},"properties":{"id":"hydrowaste-26007","type":"wastewater-treatment","name":"Fresno Clovis Regional WRF","country":"USA","source_id":"hydrowaste-2022","year":null,"value":283905.885,"unit":"m³/day","metric":"Reported treated effluent","original_value":283905.885,"original_unit":"m³/day","source_row":26007,"quality_location":2,"quality_waste":1,"status":"Not Reported","estimated":false}},{"type":"Feature","id":"hydrowaste-26637","geometry":{"type":"Point","coordinates":[-75.504,39.73]},"properties":{"id":"hydrowaste-26637","type":"wastewater-treatment","name":"WILMINGTON STP","country":"USA","source_id":"hydrowaste-2022","year":null,"value":283905.885,"unit":"m³/day","metric":"Reported treated effluent","original_value":283905.885,"original_unit":"m³/day","source_row":26637,"quality_location":2,"quality_waste":1,"status":"Not Reported","estimated":false}},{"type":"Feature","id":"hydrowaste-38391","geometry":{"type":"Point","coordinates":[-77.323,37.416]},"properties":{"id":"hydrowaste-38391","type":"wastewater-treatment","name":"HENRICO REGIONAL WWTP","country":"USA","source_id":"hydrowaste-2022","year":null,"value":283905.885,"unit":"m³/day","metric":"Reported treated effluent","original_value":283905.885,"original_unit":"m³/day","source_row":38391,"quality_location":2,"quality_waste":1,"status":"Not Reported","estimated":false}},{"type":"Feature","id":"hydrowaste-47241","geometry":{"type":"Point","coordinates":[110.326,20.076]},"properties":{"id":"hydrowaste-47241","type":"wastewater-treatment","name":"Hainan","country":"CHN","source_id":"hydrowaste-2022","year":null,"value":283000.0,"unit":"m³/day","metric":"Reported treated effluent","original_value":283000.0,"original_unit":"m³/day","source_row":47241,"quality_location":4,"quality_waste":1,"status":"Not Reported","estimated":false}},{"type":"Feature","id":"hydrowaste-18746","geometry":{"type":"Point","coordinates":[4.411,50.904]},"properties":{"id":"hydrowaste-18746","type":"wastewater-treatment","name":"Bruxelles nord","country":"BEL","source_id":"hydrowaste-2022","year":null,"value":281643.836,"unit":"m³/day","metric":"Reported treated effluent","original_value":281643.836,"original_unit":"m³/day","source_row":18746,"quality_location":2,"quality_waste":1,"status":"Not Reported","estimated":false}},{"type":"Feature","id":"hydrowaste-46734","geometry":{"type":"Point","coordinates":[114.294,30.671]},"properties":{"id":"hydrowaste-46734","type":"wastewater-treatment","name":"Hubei","country":"CHN","source_id":"hydrowaste-2022","year":null,"value":280000.0,"unit":"m³/day","metric":"Reported treated effluent","original_value":280000.0,"original_unit":"m³/day","source_row":46734,"quality_location":4,"quality_waste":1,"status":"Not Reported","estimated":false}},{"type":"Feature","id":"hydrowaste-47806","geometry":{"type":"Point","coordinates":[-79.771,43.252]},"properties":{"id":"hydrowaste-47806","type":"wastewater-treatment","name":"Woodward Avenue Wastewater Treatment Plant","country":"CAN","source_id":"hydrowaste-2022","year":null,"value":278146.0,"unit":"m³/day","metric":"Reported treated effluent","original_value":278146.0,"original_unit":"m³/day","source_row":47806,"quality_location":2,"quality_waste":1,"status":"Operational","estimated":false}},{"type":"Feature","id":"hydrowaste-46375","geometry":{"type":"Point","coordinates":[116.995,36.682]},"properties":{"id":"hydrowaste-46375","type":"wastewater-treatment","name":"Shandong","country":"CHN","source_id":"hydrowaste-2022","year":null,"value":275300.0,"unit":"m³/day","metric":"Reported treated effluent","original_value":275300.0,"original_unit":"m³/day","source_row":46375,"quality_location":4,"quality_waste":1,"status":"Not Reported","estimated":false}},{"type":"Feature","id":"hydrowaste-26639","geometry":{"type":"Point","coordinates":[-80.153,26.261]},"properties":{"id":"hydrowaste-26639","type":"wastewater-treatment","name":"BROWARD CNTY N DIST REG","country":"USA","source_id":"hydrowaste-2022","year":null,"value":274442.356,"unit":"m³/day","metric":"Reported treated effluent","original_value":274442.356,"original_unit":"m³/day","source_row":26639,"quality_location":2,"quality_waste":1,"status":"Not Reported","estimated":false}},{"type":"Feature","id":"hydrowaste-23242","geometry":{"type":"Point","coordinates":[14.398,50.117]},"properties":{"id":"hydrowaste-23242","type":"wastewater-treatment","name":"UCOV Praha","country":"CZE","source_id":"hydrowaste-2022","year":null,"value":273749.071,"unit":"m³/day","metric":"Reported treated effluent","original_value":273749.071,"original_unit":"m³/day","source_row":23242,"quality_location":2,"quality_waste":1,"status":"Not Reported","estimated":false}},{"type":"Feature","id":"hydrowaste-35069","geometry":{"type":"Point","coordinates":[-84.23,39.726]},"properties":{"id":"hydrowaste-35069","type":"wastewater-treatment","name":"Dayton WWTP and Sewer System","country":"USA","source_id":"hydrowaste-2022","year":null,"value":272549.65,"unit":"m³/day","metric":"Reported treated effluent","original_value":272549.65,"original_unit":"m³/day","source_row":35069,"quality_location":2,"quality_waste":1,"status":"Not Reported","estimated":false}},{"type":"Feature","id":"hydrowaste-33932","geometry":{"type":"Point","coordinates":[-76.176,43.063]},"properties":{"id":"hydrowaste-33932","type":"wastewater-treatment","name":"Onondaga Co Metro Syracuse STP","country":"USA","source_id":"hydrowaste-2022","year":null,"value":269343.406,"unit":"m³/day","metric":"Reported treated effluent","original_value":269343.406,"original_unit":"m³/day","source_row":33932,"quality_location":2,"quality_waste":1,"status":"Not Reported","estimated":false}},{"type":"Feature","id":"hydrowaste-24538","geometry":{"type":"Point","coordinates":[18.115,59.317]},"properties":{"id":"hydrowaste-24538","type":"wastewater-treatment","name":"HENRIKSDALS RENINGSVERK","country":"SWE","source_id":"hydrowaste-2022","year":null,"value":267671.233,"unit":"m³/day","metric":"Reported treated effluent","original_value":267671.233,"original_unit":"m³/day","source_row":24538,"quality_location":2,"quality_waste":1,"status":"Not Reported","estimated":false}},{"type":"Feature","id":"hydrowaste-37452","geometry":{"type":"Point","coordinates":[-90.132,35.069]},"properties":{"id":"hydrowaste-37452","type":"wastewater-treatment","name":"Memphis S T E MAXSON WWTP","country":"USA","source_id":"hydrowaste-2022","year":null,"value":266871.532,"unit":"m³/day","metric":"Reported treated effluent","original_value":266871.532,"original_unit":"m³/day","source_row":37452,"quality_location":2,"quality_waste":1,"status":"Not Reported","estimated":false}},{"type":"Feature","id":"hydrowaste-38607","geometry":{"type":"Point","coordinates":[-122.243,47.471]},"properties":{"id":"hydrowaste-38607","type":"wastewater-treatment","name":"King County South Treatment Plant","country":"USA","source_id":"hydrowaste-2022","year":null,"value":264978.826,"unit":"m³/day","metric":"Reported treated effluent","original_value":264978.826,"original_unit":"m³/day","source_row":38607,"quality_location":2,"quality_waste":1,"status":"Not Reported","estimated":false}},{"type":"Feature","id":"hydrowaste-46957","geometry":{"type":"Point","coordinates":[113.345,23.052]},"properties":{"id":"hydrowaste-46957","type":"wastewater-treatment","name":"Guangdong","country":"CHN","source_id":"hydrowaste-2022","year":null,"value":261100.0,"unit":"m³/day","metric":"Reported treated effluent","original_value":261100.0,"original_unit":"m³/day","source_row":46957,"quality_location":4,"quality_waste":1,"status":"Not Reported","estimated":false}},{"type":"Feature","id":"hydrowaste-47261","geometry":{"type":"Point","coordinates":[106.629,29.6]},"properties":{"id":"hydrowaste-47261","type":"wastewater-treatment","name":"Chongqing","country":"CHN","source_id":"hydrowaste-2022","year":null,"value":259700.0,"unit":"m³/day","metric":"Reported treated effluent","original_value":259700.0,"original_unit":"m³/day","source_row":47261,"quality_location":4,"quality_waste":1,"status":"Not Reported","estimated":false}},{"type":"Feature","id":"hydrowaste-36882","geometry":{"type":"Point","coordinates":[-80.075,42.141]},"properties":{"id":"hydrowaste-36882","type":"wastewater-treatment","name":"ERIE CITY STP","country":"USA","source_id":"hydrowaste-2022","year":null,"value":259641.395,"unit":"m³/day","metric":"Reported treated effluent","original_value":259641.395,"original_unit":"m³/day","source_row":36882,"quality_location":2,"quality_waste":1,"status":"Not Reported","estimated":false}},{"type":"Feature","id":"hydrowaste-47071","geometry":{"type":"Point","coordinates":[116.761,23.347]},"properties":{"id":"hydrowaste-47071","type":"wastewater-treatment","name":"Guangdong","country":"CHN","source_id":"hydrowaste-2022","year":null,"value":259500.0,"unit":"m³/day","metric":"Reported treated effluent","original_value":259500.0,"original_unit":"m³/day","source_row":47071,"quality_location":4,"quality_waste":1,"status":"Not Reported","estimated":false}},{"type":"Feature","id":"hydrowaste-9072","geometry":{"type":"Point","coordinates":[2.16,41.282]},"properties":{"id":"hydrowaste-9072","type":"wastewater-treatment","name":"EL PRAT DE LLOBREGAT","country":"ESP","source_id":"hydrowaste-2022","year":null,"value":258487.26,"unit":"m³/day","metric":"Reported treated effluent","original_value":258487.26,"original_unit":"m³/day","source_row":9072,"quality_location":2,"quality_waste":1,"status":"Not Reported","estimated":false}},{"type":"Feature","id":"hydrowaste-47644","geometry":{"type":"Point","coordinates":[-113.41,53.561]},"properties":{"id":"hydrowaste-47644","type":"wastewater-treatment","name":"Gold Bar Wastewater Treatment Plant","country":"CAN","source_id":"hydrowaste-2022","year":null,"value":254260.0,"unit":"m³/day","metric":"Reported treated effluent","original_value":254260.0,"original_unit":"m³/day","source_row":47644,"quality_location":2,"quality_waste":1,"status":"Operational","estimated":false}},{"type":"Feature","id":"hydrowaste-30524","geometry":{"type":"Point","coordinates":[-76.557,39.235]},"properties":{"id":"hydrowaste-30524","type":"wastewater-treatment","name":"Patapsco WWTP","country":"USA","source_id":"hydrowaste-2022","year":null,"value":253622.591,"unit":"m³/day","metric":"Reported treated effluent","original_value":253622.591,"original_unit":"m³/day","source_row":30524,"quality_location":2,"quality_waste":1,"status":"Not Reported","estimated":false}},{"type":"Feature","id":"hydrowaste-46655","geometry":{"type":"Point","coordinates":[113.44,33.727]},"properties":{"id":"hydrowaste-46655","type":"wastewater-treatment","name":"Henan","country":"CHN","source_id":"hydrowaste-2022","year":null,"value":252000.0,"unit":"m³/day","metric":"Reported treated effluent","original_value":252000.0,"original_unit":"m³/day","source_row":46655,"quality_location":4,"quality_waste":1,"status":"Not Reported","estimated":false}},{"type":"Feature","id":"hydrowaste-47695","geometry":{"type":"Point","coordinates":[-73.645,45.629]},"properties":{"id":"hydrowaste-47695","type":"wastewater-treatment","name":"Station d epuration La Piniere","country":"CAN","source_id":"hydrowaste-2022","year":null,"value":252000.0,"unit":"m³/day","metric":"Reported treated effluent","original_value":252000.0,"original_unit":"m³/day","source_row":47695,"quality_location":2,"quality_waste":1,"status":"Operational","estimated":false}},{"type":"Feature","id":"hydrowaste-4605","geometry":{"type":"Point","coordinates":[9.295,45.415]},"properties":{"id":"hydrowaste-4605","type":"wastewater-treatment","name":"DP01514602_MILANO_S_ROCCO","country":"ITA","source_id":"hydrowaste-2022","year":null,"value":250525.501,"unit":"m³/day","metric":"Reported treated effluent","original_value":250525.501,"original_unit":"m³/day","source_row":4605,"quality_location":2,"quality_waste":1,"status":"Not Reported","estimated":false}},{"type":"Feature","id":"hydrowaste-8346","geometry":{"type":"Point","coordinates":[-3.617,40.315]},"properties":{"id":"hydrowaste-8346","type":"wastewater-treatment","name":"SUR","country":"ESP","source_id":"hydrowaste-2022","year":null,"value":250146.937,"unit":"m³/day","metric":"Reported treated effluent","original_value":250146.937,"original_unit":"m³/day","source_row":8346,"quality_location":2,"quality_waste":1,"status":"Not Reported","estimated":false}},{"type":"Feature","id":"hydrowaste-47404","geometry":{"type":"Point","coordinates":[106.792,26.634]},"properties":{"id":"hydrowaste-47404","type":"wastewater-treatment","name":"Guizhou","country":"CHN","source_id":"hydrowaste-2022","year":null,"value":250000.0,"unit":"m³/day","metric":"Reported treated effluent","original_value":250000.0,"original_unit":"m³/day","source_row":47404,"quality_location":4,"quality_waste":1,"status":"Not Reported","estimated":false}},{"type":"Feature","id":"hydrowaste-22572","geometry":{"type":"Point","coordinates":[13.229,52.534]},"properties":{"id":"hydrowaste-22572","type":"wastewater-treatment","name":"Ruhleben","country":"DEU","source_id":"hydrowaste-2022","year":null,"value":247763.145,"unit":"m³/day","metric":"Reported treated effluent","original_value":247763.145,"original_unit":"m³/day","source_row":22572,"quality_location":2,"quality_waste":1,"status":"Not Reported","estimated":false}},{"type":"Feature","id":"hydrowaste-37343","geometry":{"type":"Point","coordinates":[-85.338,35.049]},"properties":{"id":"hydrowaste-37343","type":"wastewater-treatment","name":"Chattanooga Moccasin Bend WWTP","country":"USA","source_id":"hydrowaste-2022","year":null,"value":246051.767,"unit":"m³/day","metric":"Reported treated effluent","original_value":246051.767,"original_unit":"m³/day","source_row":37343,"quality_location":2,"quality_waste":1,"status":"Not Reported","estimated":false}},{"type":"Feature","id":"hydrowaste-47441","geometry":{"type":"Point","coordinates":[102.681,24.952]},"properties":{"id":"hydrowaste-47441","type":"wastewater-treatment","name":"Yunnan","country":"CHN","source_id":"hydrowaste-2022","year":null,"value":246000.0,"unit":"m³/day","metric":"Reported treated effluent","original_value":246000.0,"original_unit":"m³/day","source_row":47441,"quality_location":4,"quality_waste":1,"status":"Not Reported","estimated":false}},{"type":"Feature","id":"hydrowaste-46291","geometry":{"type":"Point","coordinates":[118.071,24.477]},"properties":{"id":"hydrowaste-46291","type":"wastewater-treatment","name":"Fujian","country":"CHN","source_id":"hydrowaste-2022","year":null,"value":245000.0,"unit":"m³/day","metric":"Reported treated effluent","original_value":245000.0,"original_unit":"m³/day","source_row":46291,"quality_location":4,"quality_waste":1,"status":"Not Reported","estimated":false}},{"type":"Feature","id":"hydrowaste-36035","geometry":{"type":"Point","coordinates":[-122.719,45.597]},"properties":{"id":"hydrowaste-36035","type":"wastewater-treatment","name":"COLUMBIA BLVD STP","country":"USA","source_id":"hydrowaste-2022","year":null,"value":244159.061,"unit":"m³/day","metric":"Reported treated effluent","original_value":244159.061,"original_unit":"m³/day","source_row":36035,"quality_location":2,"quality_waste":1,"status":"Not Reported","estimated":false}},{"type":"Feature","id":"hydrowaste-46034","geometry":{"type":"Point","coordinates":[120.445,30.19]},"properties":{"id":"hydrowaste-46034","type":"wastewater-treatment","name":"Zhejiang","country":"CHN","source_id":"hydrowaste-2022","year":null,"value":242600.0,"unit":"m³/day","metric":"Reported treated effluent","original_value":242600.0,"original_unit":"m³/day","source_row":46034,"quality_location":4,"quality_waste":1,"status":"Not Reported","estimated":false}},{"type":"Feature","id":"hydrowaste-33571","geometry":{"type":"Point","coordinates":[-73.881,40.655]},"properties":{"id":"hydrowaste-33571","type":"wastewater-treatment","name":"New York C   26th Ward WPCP","country":"USA","source_id":"hydrowaste-2022","year":null,"value":242493.48,"unit":"m³/day","metric":"Reported treated effluent","original_value":242493.48,"original_unit":"m³/day","source_row":33571,"quality_location":2,"quality_waste":1,"status":"Not Reported","estimated":false}},{"type":"Feature","id":"hydrowaste-46033","geometry":{"type":"Point","coordinates":[120.455,30.208]},"properties":{"id":"hydrowaste-46033","type":"wastewater-treatment","name":"Zhejiang","country":"CHN","source_id":"hydrowaste-2022","year":null,"value":241000.0,"unit":"m³/day","metric":"Reported treated effluent","original_value":241000.0,"original_unit":"m³/day","source_row":46033,"quality_location":4,"quality_waste":1,"status":"Not Reported","estimated":false}},{"type":"Feature","id":"hydrowaste-47155","geometry":{"type":"Point","coordinates":[108.319,22.781]},"properties":{"id":"hydrowaste-47155","type":"wastewater-treatment","name":"Guangxi","country":"CHN","source_id":"hydrowaste-2022","year":null,"value":240600.0,"unit":"m³/day","metric":"Reported treated effluent","original_value":240600.0,"original_unit":"m³/day","source_row":47155,"quality_location":4,"quality_waste":1,"status":"Not Reported","estimated":false}},{"type":"Feature","id":"hydrowaste-46985","geometry":{"type":"Point","coordinates":[113.088,23.045]},"properties":{"id":"hydrowaste-46985","type":"wastewater-treatment","name":"Guangdong","country":"CHN","source_id":"hydrowaste-2022","year":null,"value":239600.0,"unit":"m³/day","metric":"Reported treated effluent","original_value":239600.0,"original_unit":"m³/day","source_row":46985,"quality_location":4,"quality_waste":1,"status":"Not Reported","estimated":false}},{"type":"Feature","id":"hydrowaste-45215","geometry":{"type":"Point","coordinates":[117.183,39.086]},"properties":{"id":"hydrowaste-45215","type":"wastewater-treatment","name":"Tianjin","country":"CHN","source_id":"hydrowaste-2022","year":null,"value":237000.0,"unit":"m³/day","metric":"Reported treated effluent","original_value":237000.0,"original_unit":"m³/day","source_row":45215,"quality_location":4,"quality_waste":1,"status":"Not Reported","estimated":false}},{"type":"Feature","id":"hydrowaste-33119","geometry":{"type":"Point","coordinates":[-115.043,36.137]},"properties":{"id":"hydrowaste-33119","type":"wastewater-treatment","name":"LAS VEGAS AWT","country":"USA","source_id":"hydrowaste-2022","year":null,"value":234695.532,"unit":"m³/day","metric":"Reported treated effluent","original_value":234695.532,"original_unit":"m³/day","source_row":33119,"quality_location":2,"quality_waste":1,"status":"Not Reported","estimated":false}},{"type":"Feature","id":"hydrowaste-33569","geometry":{"type":"Point","coordinates":[-73.84,40.794]},"properties":{"id":"hydrowaste-33569","type":"wastewater-treatment","name":"New York C   Tallman Island WPCP","country":"USA","source_id":"hydrowaste-2022","year":null,"value":231137.245,"unit":"m³/day","metric":"Reported treated effluent","original_value":231137.245,"original_unit":"m³/day","source_row":33569,"quality_location":2,"quality_waste":1,"status":"Not Reported","estimated":false}},{"type":"Feature","id":"hydrowaste-45887","geometry":{"type":"Point","coordinates":[120.662,31.29]},"properties":{"id":"hydrowaste-45887","type":"wastewater-treatment","name":"Jiangsu","country":"CHN","source_id":"hydrowaste-2022","year":null,"value":228400.0,"unit":"m³/day","metric":"Reported treated effluent","original_value":228400.0,"original_unit":"m³/day","source_row":45887,"quality_location":4,"quality_waste":1,"status":"Not Reported","estimated":false}},{"type":"Feature","id":"hydrowaste-33572","geometry":{"type":"Point","coordinates":[-73.984,40.706]},"properties":{"id":"hydrowaste-33572","type":"wastewater-treatment","name":"New York C   Red Hook WPCP","country":"USA","source_id":"hydrowaste-2022","year":null,"value":227124.708,"unit":"m³/day","metric":"Reported treated effluent","original_value":227124.708,"original_unit":"m³/day","source_row":33572,"quality_location":2,"quality_waste":1,"status":"Not Reported","estimated":false}},{"type":"Feature","id":"hydrowaste-35659","geometry":{"type":"Point","coordinates":[-97.521,35.468]},"properties":{"id":"hydrowaste-35659","type":"wastewater-treatment","name":"OKC NORTH CANADIAN WWT","country":"USA","source_id":"hydrowaste-2022","year":null,"value":227124.708,"unit":"m³/day","metric":"Reported treated effluent","original_value":227124.708,"original_unit":"m³/day","source_row":35659,"quality_location":2,"quality_waste":1,"status":"Not Reported","estimated":false}},{"type":"Feature","id":"hydrowaste-38396","geometry":{"type":"Point","coordinates":[-77.423,37.52]},"properties":{"id":"hydrowaste-38396","type":"wastewater-treatment","name":"RICHMOND WWTP","country":"USA","source_id":"hydrowaste-2022","year":null,"value":227124.708,"unit":"m³/day","metric":"Reported treated effluent","original_value":227124.708,"original_unit":"m³/day","source_row":38396,"quality_location":2,"quality_waste":1,"status":"Not Reported","estimated":false}},{"type":"Feature","id":"hydrowaste-38665","geometry":{"type":"Point","coordinates":[-122.411,47.239]},"properties":{"id":"hydrowaste-38665","type":"wastewater-treatment","name":"TACOMA CENTRAL STP 1","country":"USA","source_id":"hydrowaste-2022","year":null,"value":227124.708,"unit":"m³/day","metric":"Reported treated effluent","original_value":227124.708,"original_unit":"m³/day","source_row":38665,"quality_location":2,"quality_waste":1,"status":"Not Reported","estimated":false}},{"type":"Feature","id":"hydrowaste-45605","geometry":{"type":"Point","coordinates":[123.545,41.813]},"properties":{"id":"hydrowaste-45605","type":"wastewater-treatment","name":"Liaoning","country":"CHN","source_id":"hydrowaste-2022","year":null,"value":226000.0,"unit":"m³/day","metric":"Reported treated effluent","original_value":226000.0,"original_unit":"m³/day","source_row":45605,"quality_location":4,"quality_waste":1,"status":"Not Reported","estimated":false}},{"type":"Feature","id":"hydrowaste-42515","geometry":{"type":"Point","coordinates":[-46.559,-23.515]},"properties":{"id":"hydrowaste-42515","type":"wastewater-treatment","name":"ETE PARQUE NOVO MUNDO","country":"BRA","source_id":"hydrowaste-2022","year":null,"value":225763.2,"unit":"m³/day","metric":"Reported treated effluent","original_value":225763.2,"original_unit":"m³/day","source_row":42515,"quality_location":2,"quality_waste":1,"status":"Not Reported","estimated":false}},{"type":"Feature","id":"hydrowaste-25957","geometry":{"type":"Point","coordinates":[-118.483,34.18]},"properties":{"id":"hydrowaste-25957","type":"wastewater-treatment","name":"DC Tillman WRP","country":"USA","source_id":"hydrowaste-2022","year":null,"value":223339.296,"unit":"m³/day","metric":"Reported treated effluent","original_value":223339.296,"original_unit":"m³/day","source_row":25957,"quality_location":2,"quality_waste":1,"status":"Not Reported","estimated":false}},{"type":"Feature","id":"hydrowaste-33345","geometry":{"type":"Point","coordinates":[-75.128,39.923]},"properties":{"id":"hydrowaste-33345","type":"wastewater-treatment","name":"Camden County MUA   CS CSO_WWTP","country":"USA","source_id":"hydrowaste-2022","year":null,"value":222582.214,"unit":"m³/day","metric":"Reported treated effluent","original_value":222582.214,"original_unit":"m³/day","source_row":33345,"quality_location":2,"quality_waste":1,"status":"Not Reported","estimated":false}},{"type":"Feature","id":"hydrowaste-42992","geometry":{"type":"Point","coordinates":[-100.327,25.808]},"properties":{"id":"hydrowaste-42992","type":"wastewater-treatment","name":"Norte","country":"MEX","source_id":"hydrowaste-2022","year":null,"value":222307.2,"unit":"m³/day","metric":"Reported treated effluent","original_value":222307.2,"original_unit":"m³/day","source_row":42992,"quality_location":3,"quality_waste":1,"status":"Not Reported","estimated":false}},{"type":"Feature","id":"hydrowaste-40744","geometry":{"type":"Point","coordinates":[-38.488,-13.006]},"properties":{"id":"hydrowaste-40744","type":"wastewater-treatment","name":"EPC RIO VERMELHO","country":"BRA","source_id":"hydrowaste-2022","year":null,"value":220391.761,"unit":"m³/day","metric":"Reported treated effluent","original_value":220391.761,"original_unit":"m³/day","source_row":40744,"quality_location":2,"quality_waste":1,"status":"Not Reported","estimated":false}},{"type":"Feature","id":"hydrowaste-46722","geometry":{"type":"Point","coordinates":[114.362,30.587]},"properties":{"id":"hydrowaste-46722","type":"wastewater-treatment","name":"Hubei","country":"CHN","source_id":"hydrowaste-2022","year":null,"value":220000.0,"unit":"m³/day","metric":"Reported treated effluent","original_value":220000.0,"original_unit":"m³/day","source_row":46722,"quality_location":4,"quality_waste":1,"status":"Not Reported","estimated":false}},{"type":"Feature","id":"hydrowaste-45578","geometry":{"type":"Point","coordinates":[123.762,41.315]},"properties":{"id":"hydrowaste-45578","type":"wastewater-treatment","name":"Liaoning","country":"CHN","source_id":"hydrowaste-2022","year":null,"value":219700.0,"unit":"m³/day","metric":"Reported treated effluent","original_value":219700.0,"original_unit":"m³/day","source_row":45578,"quality_location":4,"quality_waste":1,"status":"Not Reported","estimated":false}},{"type":"Feature","id":"hydrowaste-38048","geometry":{"type":"Point","coordinates":[-98.418,29.236]},"properties":{"id":"hydrowaste-38048","type":"wastewater-treatment","name":"Dos Rios WWTP","country":"USA","source_id":"hydrowaste-2022","year":null,"value":219553.884,"unit":"m³/day","metric":"Reported treated effluent","original_value":219553.884,"original_unit":"m³/day","source_row":38048,"quality_location":2,"quality_waste":1,"status":"Not Reported","estimated":false}},{"type":"Feature","id":"hydrowaste-45774","geometry":{"type":"Point","coordinates":[118.853,32.002]},"properties":{"id":"hydrowaste-45774","type":"wastewater-treatment","name":"Jiangsu","country":"CHN","source_id":"hydrowaste-2022","year":null,"value":218500.0,"unit":"m³/day","metric":"Reported treated effluent","original_value":218500.0,"original_unit":"m³/day","source_row":45774,"quality_location":4,"quality_waste":1,"status":"Not Reported","estimated":false}},{"type":"Feature","id":"hydrowaste-46442","geometry":{"type":"Point","coordinates":[116.667,35.42]},"properties":{"id":"hydrowaste-46442","type":"wastewater-treatment","name":"Shandong","country":"CHN","source_id":"hydrowaste-2022","year":null,"value":217000.0,"unit":"m³/day","metric":"Reported treated effluent","original_value":217000.0,"original_unit":"m³/day","source_row":46442,"quality_location":4,"quality_waste":1,"status":"Not Reported","estimated":false}},{"type":"Feature","id":"hydrowaste-33532","geometry":{"type":"Point","coordinates":[-73.507,40.652]},"properties":{"id":"hydrowaste-33532","type":"wastewater-treatment","name":"NCSD 3   Cedar Creek STP","country":"USA","source_id":"hydrowaste-2022","year":null,"value":216022.095,"unit":"m³/day","metric":"Reported treated effluent","original_value":216022.095,"original_unit":"m³/day","source_row":33532,"quality_location":2,"quality_waste":1,"status":"Not Reported","estimated":false}},{"type":"Feature","id":"hydrowaste-20140","geometry":{"type":"Point","coordinates":[8.62,50.088]},"properties":{"id":"hydrowaste-20140","type":"wastewater-treatment","name":"Frankfurt am Main _ Niederrad_Griesheim","country":"DEU","source_id":"hydrowaste-2022","year":null,"value":215331.233,"unit":"m³/day","metric":"Reported treated effluent","original_value":215331.233,"original_unit":"m³/day","source_row":20140,"quality_location":2,"quality_waste":1,"status":"Not Reported","estimated":false}},{"type":"Feature","id":"hydrowaste-47501","geometry":{"type":"Point","coordinates":[108.908,34.368]},"properties":{"id":"hydrowaste-47501","type":"wastewater-treatment","name":"Shaanxi","country":"CHN","source_id":"hydrowaste-2022","year":null,"value":214100.0,"unit":"m³/day","metric":"Reported treated effluent","original_value":214100.0,"original_unit":"m³/day","source_row":47501,"quality_location":4,"quality_waste":1,"status":"Not Reported","estimated":false}},{"type":"Feature","id":"hydrowaste-6519","geometry":{"type":"Point","coordinates":[11.127,43.782]},"properties":{"id":"hydrowaste-6519","type":"wastewater-treatment","name":"IDL_SAN_COLOMBANO","country":"ITA","source_id":"hydrowaste-2022","year":null,"value":213734.329,"unit":"m³/day","metric":"Reported treated effluent","original_value":213734.329,"original_unit":"m³/day","source_row":6519,"quality_location":2,"quality_waste":1,"status":"Not Reported","estimated":false}},{"type":"Feature","id":"hydrowaste-33412","geometry":{"type":"Point","coordinates":[-106.663,35.018]},"properties":{"id":"hydrowaste-33412","type":"wastewater-treatment","name":"ALBUQ COLL SYSTEM","country":"USA","source_id":"hydrowaste-2022","year":null,"value":211983.061,"unit":"m³/day","metric":"Reported treated effluent","original_value":211983.061,"original_unit":"m³/day","source_row":33412,"quality_location":2,"quality_waste":1,"status":"Not Reported","estimated":false}},{"type":"Feature","id":"hydrowaste-9303","geometry":{"type":"Point","coordinates":[-0.347,39.428]},"properties":{"id":"hydrowaste-9303","type":"wastewater-treatment","name":"PINEDO 2","country":"ESP","source_id":"hydrowaste-2022","year":null,"value":211906.852,"unit":"m³/day","metric":"Reported treated effluent","original_value":211906.852,"original_unit":"m³/day","source_row":9303,"quality_location":2,"quality_waste":1,"status":"Not Reported","estimated":false}},{"type":"Feature","id":"hydrowaste-47219","geometry":{"type":"Point","coordinates":[109.447,24.323]},"properties":{"id":"hydrowaste-47219","type":"wastewater-treatment","name":"Guangxi","country":"CHN","source_id":"hydrowaste-2022","year":null,"value":210000.0,"unit":"m³/day","metric":"Reported treated effluent","original_value":210000.0,"original_unit":"m³/day","source_row":47219,"quality_location":4,"quality_waste":1,"status":"Not Reported","estimated":false}},{"type":"Feature","id":"hydrowaste-25988","geometry":{"type":"Point","coordinates":[-121.327,37.937]},"properties":{"id":"hydrowaste-25988","type":"wastewater-treatment","name":"Stockton Regional WWCF","country":"USA","source_id":"hydrowaste-2022","year":null,"value":208197.649,"unit":"m³/day","metric":"Reported treated effluent","original_value":208197.649,"original_unit":"m³/day","source_row":25988,"quality_location":2,"quality_waste":1,"status":"Not Reported","estimated":false}},{"type":"Feature","id":"hydrowaste-46157","geometry":{"type":"Point","coordinates":[120.729,28.004]},"properties":{"id":"hydrowaste-46157","type":"wastewater-treatment","name":"Zhejiang","country":"CHN","source_id":"hydrowaste-2022","year":null,"value":207300.0,"unit":"m³/day","metric":"Reported treated effluent","original_value":207300.0,"original_unit":"m³/day","source_row":46157,"quality_location":4,"quality_waste":1,"status":"Not Reported","estimated":false}},{"type":"Feature","id":"hydrowaste-47444","geometry":{"type":"Point","coordinates":[102.656,25.029]},"properties":{"id":"hydrowaste-47444","type":"wastewater-treatment","name":"Yunnan","country":"CHN","source_id":"hydrowaste-2022","year":null,"value":206700.0,"unit":"m³/day","metric":"Reported treated effluent","original_value":206700.0,"original_unit":"m³/day","source_row":47444,"quality_location":4,"quality_waste":1,"status":"Not Reported","estimated":false}},{"type":"Feature","id":"hydrowaste-45939","geometry":{"type":"Point","coordinates":[120.329,31.531]},"properties":{"id":"hydrowaste-45939","type":"wastewater-treatment","name":"Jiangsu","country":"CHN","source_id":"hydrowaste-2022","year":null,"value":204800.0,"unit":"m³/day","metric":"Reported treated effluent","original_value":204800.0,"original_unit":"m³/day","source_row":45939,"quality_location":4,"quality_waste":1,"status":"Not Reported","estimated":false}},{"type":"Feature","id":"hydrowaste-47089","geometry":{"type":"Point","coordinates":[113.845,22.574]},"properties":{"id":"hydrowaste-47089","type":"wastewater-treatment","name":"Guangdong","country":"CHN","source_id":"hydrowaste-2022","year":null,"value":203700.0,"unit":"m³/day","metric":"Reported treated effluent","original_value":203700.0,"original_unit":"m³/day","source_row":47089,"quality_location":4,"quality_waste":1,"status":"Not Reported","estimated":false}},{"type":"Feature","id":"hydrowaste-22574","geometry":{"type":"Point","coordinates":[13.496,52.434]},"properties":{"id":"hydrowaste-22574","type":"wastewater-treatment","name":"Wassmannsdorf","country":"DEU","source_id":"hydrowaste-2022","year":null,"value":203158.677,"unit":"m³/day","metric":"Reported treated effluent","original_value":203158.677,"original_unit":"m³/day","source_row":22574,"quality_location":2,"quality_waste":1,"status":"Not Reported","estimated":false}},{"type":"Feature","id":"hydrowaste-45152","geometry":{"type":"Point","coordinates":[116.506,39.961]},"properties":{"id":"hydrowaste-45152","type":"wastewater-treatment","name":"Beijing","country":"CHN","source_id":"hydrowaste-2022","year":null,"value":203000.0,"unit":"m³/day","metric":"Reported treated effluent","original_value":203000.0,"original_unit":"m³/day","source_row":45152,"quality_location":4,"quality_waste":1,"status":"Not Reported","estimated":false}},{"type":"Feature","id":"hydrowaste-26559","geometry":{"type":"Point","coordinates":[-72.656,41.731]},"properties":{"id":"hydrowaste-26559","type":"wastewater-treatment","name":"HARTFORD WPCF","country":"USA","source_id":"hydrowaste-2022","year":null,"value":202443.823,"unit":"m³/day","metric":"Reported treated effluent","original_value":202443.823,"original_unit":"m³/day","source_row":26559,"quality_location":2,"quality_waste":1,"status":"Not Reported","estimated":false}},{"type":"Feature","id":"hydrowaste-46570","geometry":{"type":"Point","coordinates":[118.044,36.851]},"properties":{"id":"hydrowaste-46570","type":"wastewater-treatment","name":"Shandong","country":"CHN","source_id":"hydrowaste-2022","year":null,"value":200800.0,"unit":"m³/day","metric":"Reported treated effluent","original_value":200800.0,"original_unit":"m³/day","source_row":46570,"quality_location":4,"quality_waste":1,"status":"Not Reported","estimated":false}},{"type":"Feature","id":"hydrowaste-33531","geometry":{"type":"Point","coordinates":[-73.663,40.632]},"properties":{"id":"hydrowaste-33531","type":"wastewater-treatment","name":"NCSD 2   Bay Park STP","country":"USA","source_id":"hydrowaste-2022","year":null,"value":200691.177,"unit":"m³/day","metric":"Reported treated effluent","original_value":200691.177,"original_unit":"m³/day","source_row":33531,"quality_location":2,"quality_waste":1,"status":"Not Reported","estimated":false}},{"type":"Feature","id":"hydrowaste-33533","geometry":{"type":"Point","coordinates":[-73.663,40.632]},"properties":{"id":"hydrowaste-33533","type":"wastewater-treatment","name":"Nassau Co Sewer and Stormwater Aut","country":"USA","source_id":"hydrowaste-2022","year":null,"value":200691.177,"unit":"m³/day","metric":"Reported treated effluent","original_value":200691.177,"original_unit":"m³/day","source_row":33533,"quality_location":2,"quality_waste":1,"status":"Not Reported","estimated":false}},{"type":"Feature","id":"hydrowaste-32965","geometry":{"type":"Point","coordinates":[-95.89,41.082]},"properties":{"id":"hydrowaste-32965","type":"wastewater-treatment","name":"PAPILLION WWTP","country":"USA","source_id":"hydrowaste-2022","year":null,"value":200626.825,"unit":"m³/day","metric":"Reported treated effluent","original_value":200626.825,"original_unit":"m³/day","source_row":32965,"quality_location":2,"quality_waste":1,"status":"Not Reported","estimated":false}},{"type":"Feature","id":"hydrowaste-46040","geometry":{"type":"Point","coordinates":[120.324,30.249]},"properties":{"id":"hydrowaste-46040","type":"wastewater-treatment","name":"Zhejiang","country":"CHN","source_id":"hydrowaste-2022","year":null,"value":200000.0,"unit":"m³/day","metric":"Reported treated effluent","original_value":200000.0,"original_unit":"m³/day","source_row":46040,"quality_location":4,"quality_waste":1,"status":"Not Reported","estimated":false}},{"type":"Feature","id":"hydrowaste-46963","geometry":{"type":"Point","coordinates":[113.691,22.993]},"properties":{"id":"hydrowaste-46963","type":"wastewater-treatment","name":"Guangdong","country":"CHN","source_id":"hydrowaste-2022","year":null,"value":199700.0,"unit":"m³/day","metric":"Reported treated effluent","original_value":199700.0,"original_unit":"m³/day","source_row":46963,"quality_location":4,"quality_waste":1,"status":"Not Reported","estimated":false}},{"type":"Feature","id":"hydrowaste-37742","geometry":{"type":"Point","coordinates":[-97.653,30.28]},"properties":{"id":"hydrowaste-37742","type":"wastewater-treatment","name":"WALNUT CREEK STP","country":"USA","source_id":"hydrowaste-2022","year":null,"value":199339.785,"unit":"m³/day","metric":"Reported treated effluent","original_value":199339.785,"original_unit":"m³/day","source_row":37742,"quality_location":2,"quality_waste":1,"status":"Not Reported","estimated":false}},{"type":"Feature","id":"hydrowaste-46987","geometry":{"type":"Point","coordinates":[113.141,23.023]},"properties":{"id":"hydrowaste-46987","type":"wastewater-treatment","name":"Guangdong","country":"CHN","source_id":"hydrowaste-2022","year":null,"value":199000.0,"unit":"m³/day","metric":"Reported treated effluent","original_value":199000.0,"original_unit":"m³/day","source_row":46987,"quality_location":4,"quality_waste":1,"status":"Not Reported","estimated":false}},{"type":"Feature","id":"hydrowaste-45569","geometry":{"type":"Point","coordinates":[123.419,41.736]},"properties":{"id":"hydrowaste-45569","type":"wastewater-treatment","name":"Liaoning","country":"CHN","source_id":"hydrowaste-2022","year":null,"value":198000.0,"unit":"m³/day","metric":"Reported treated effluent","original_value":198000.0,"original_unit":"m³/day","source_row":45569,"quality_location":4,"quality_waste":1,"status":"Not Reported","estimated":false}},{"type":"Feature","id":"hydrowaste-46795","geometry":{"type":"Point","coordinates":[112.215,32.062]},"properties":{"id":"hydrowaste-46795","type":"wastewater-treatment","name":"Hubei","country":"CHN","source_id":"hydrowaste-2022","year":null,"value":198000.0,"unit":"m³/day","metric":"Reported treated effluent","original_value":198000.0,"original_unit":"m³/day","source_row":46795,"quality_location":4,"quality_waste":1,"status":"Not Reported","estimated":false}},{"type":"Feature","id":"hydrowaste-47092","geometry":{"type":"Point","coordinates":[114.338,22.767]},"properties":{"id":"hydrowaste-47092","type":"wastewater-treatment","name":"Guangdong","country":"CHN","source_id":"hydrowaste-2022","year":null,"value":198000.0,"unit":"m³/day","metric":"Reported treated effluent","original_value":198000.0,"original_unit":"m³/day","source_row":47092,"quality_location":4,"quality_waste":1,"status":"Not Reported","estimated":false}},{"type":"Feature","id":"hydrowaste-46554","geometry":{"type":"Point","coordinates":[121.357,37.592]},"properties":{"id":"hydrowaste-46554","type":"wastewater-treatment","name":"Shandong","country":"CHN","source_id":"hydrowaste-2022","year":null,"value":196600.0,"unit":"m³/day","metric":"Reported treated effluent","original_value":196600.0,"original_unit":"m³/day","source_row":46554,"quality_location":4,"quality_waste":1,"status":"Not Reported","estimated":false}},{"type":"Feature","id":"hydrowaste-47154","geometry":{"type":"Point","coordinates":[108.369,22.828]},"properties":{"id":"hydrowaste-47154","type":"wastewater-treatment","name":"Guangxi","country":"CHN","source_id":"hydrowaste-2022","year":null,"value":196000.0,"unit":"m³/day","metric":"Reported treated effluent","original_value":196000.0,"original_unit":"m³/day","source_row":47154,"quality_location":4,"quality_waste":1,"status":"Not Reported","estimated":false}},{"type":"Feature","id":"hydrowaste-44526","geometry":{"type":"Point","coordinates":[-103.447,20.473]},"properties":{"id":"hydrowaste-44526","type":"wastewater-treatment","name":"El Ahogado","country":"MEX","source_id":"hydrowaste-2022","year":null,"value":194400.0,"unit":"m³/day","metric":"Reported treated effluent","original_value":194400.0,"original_unit":"m³/day","source_row":44526,"quality_location":3,"quality_waste":1,"status":"Not Reported","estimated":false}},{"type":"Feature","id":"hydrowaste-46952","geometry":{"type":"Point","coordinates":[113.235,23.053]},"properties":{"id":"hydrowaste-46952","type":"wastewater-treatment","name":"Guangdong","country":"CHN","source_id":"hydrowaste-2022","year":null,"value":193000.0,"unit":"m³/day","metric":"Reported treated effluent","original_value":193000.0,"original_unit":"m³/day","source_row":46952,"quality_location":4,"quality_waste":1,"status":"Not Reported","estimated":false}},{"type":"Feature","id":"hydrowaste-47139","geometry":{"type":"Point","coordinates":[113.335,22.49]},"properties":{"id":"hydrowaste-47139","type":"wastewater-treatment","name":"Guangdong","country":"CHN","source_id":"hydrowaste-2022","year":null,"value":192800.0,"unit":"m³/day","metric":"Reported treated effluent","original_value":192800.0,"original_unit":"m³/day","source_row":47139,"quality_location":4,"quality_waste":1,"status":"Not Reported","estimated":false}},{"type":"Feature","id":"hydrowaste-44994","geometry":{"type":"Point","coordinates":[-110.954,29.099]},"properties":{"id":"hydrowaste-44994","type":"wastewater-treatment","name":"Hermosillo","country":"MEX","source_id":"hydrowaste-2022","year":null,"value":191980.8,"unit":"m³/day","metric":"Reported treated effluent","original_value":191980.8,"original_unit":"m³/day","source_row":44994,"quality_location":3,"quality_waste":1,"status":"Not Reported","estimated":false}},{"type":"Feature","id":"hydrowaste-47753","geometry":{"type":"Point","coordinates":[-71.207,46.837]},"properties":{"id":"hydrowaste-47753","type":"wastewater-treatment","name":"Station Est d epuration des eaux usees","country":"CAN","source_id":"hydrowaste-2022","year":null,"value":191564.0,"unit":"m³/day","metric":"Reported treated effluent","original_value":191564.0,"original_unit":"m³/day","source_row":47753,"quality_location":2,"quality_waste":1,"status":"Operational","estimated":false}},{"type":"Feature","id":"hydrowaste-26697","geometry":{"type":"Point","coordinates":[-82.439,27.925]},"properties":{"id":"hydrowaste-26697","type":"wastewater-treatment","name":"Howard F Curren AWTP","country":"USA","source_id":"hydrowaste-2022","year":null,"value":191163.296,"unit":"m³/day","metric":"Reported treated effluent","original_value":191163.296,"original_unit":"m³/day","source_row":26697,"quality_location":2,"quality_waste":1,"status":"Not Reported","estimated":false}},{"type":"Feature","id":"hydrowaste-30894","geometry":{"type":"Point","coordinates":[-85.705,42.948]},"properties":{"id":"hydrowaste-30894","type":"wastewater-treatment","name":"GRAND RAPIDS WWTP","country":"USA","source_id":"hydrowaste-2022","year":null,"value":190784.755,"unit":"m³/day","metric":"Reported treated effluent","original_value":190784.755,"original_unit":"m³/day","source_row":30894,"quality_location":2,"quality_waste":1,"status":"Not Reported","estimated":false}},{"type":"Feature","id":"hydrowaste-40986","geometry":{"type":"Point","coordinates":[-38.538,-3.717]},"properties":{"id":"hydrowaste-40986","type":"wastewater-treatment","name":"EPC FORTALEZA","country":"BRA","source_id":"hydrowaste-2022","year":null,"value":190080.0,"unit":"m³/day","metric":"Reported treated effluent","original_value":190080.0,"original_unit":"m³/day","source_row":40986,"quality_location":2,"quality_waste":1,"status":"Not Reported","estimated":false}},{"type":"Feature","id":"hydrowaste-41735","geometry":{"type":"Point","coordinates":[-48.331,-18.883]},"properties":{"id":"hydrowaste-41735","type":"wastewater-treatment","name":"ETE UBERABINHA","country":"BRA","source_id":"hydrowaste-2022","year":null,"value":190080.0,"unit":"m³/day","metric":"Reported treated effluent","original_value":190080.0,"original_unit":"m³/day","source_row":41735,"quality_location":2,"quality_waste":1,"status":"Not Reported","estimated":false}},{"type":"Feature","id":"hydrowaste-47021","geometry":{"type":"Point","coordinates":[114.356,23.136]},"properties":{"id":"hydrowaste-47021","type":"wastewater-treatment","name":"Guangdong","country":"CHN","source_id":"hydrowaste-2022","year":null,"value":190000.0,"unit":"m³/day","metric":"Reported treated effluent","original_value":190000.0,"original_unit":"m³/day","source_row":47021,"quality_location":4,"quality_waste":1,"status":"Not Reported","estimated":false}},{"type":"Feature","id":"hydrowaste-26720","geometry":{"type":"Point","coordinates":[-80.052,26.715]},"properties":{"id":"hydrowaste-26720","type":"wastewater-treatment","name":"East Central Regional WWTP","country":"USA","source_id":"hydrowaste-2022","year":null,"value":189270.59,"unit":"m³/day","metric":"Reported treated effluent","original_value":189270.59,"original_unit":"m³/day","source_row":26720,"quality_location":2,"quality_waste":1,"status":"Not Reported","estimated":false}},{"type":"Feature","id":"hydrowaste-19699","geometry":{"type":"Point","coordinates":[6.972,50.988]},"properties":{"id":"hydrowaste-19699","type":"wastewater-treatment","name":"Koln Stammheim","country":"DEU","source_id":"hydrowaste-2022","year":null,"value":188989.715,"unit":"m³/day","metric":"Reported treated effluent","original_value":188989.715,"original_unit":"m³/day","source_row":19699,"quality_location":2,"quality_waste":1,"status":"Not Reported","estimated":false}},{"type":"Feature","id":"hydrowaste-28009","geometry":{"type":"Point","coordinates":[-86.174,39.747]},"properties":{"id":"hydrowaste-28009","type":"wastewater-treatment","name":"Indianapolis SOUTHPORT WWTP","country":"USA","source_id":"hydrowaste-2022","year":null,"value":185485.178,"unit":"m³/day","metric":"Reported treated effluent","original_value":185485.178,"original_unit":"m³/day","source_row":28009,"quality_location":2,"quality_waste":1,"status":"Not Reported","estimated":false}},{"type":"Feature","id":"hydrowaste-4606","geometry":{"type":"Point","coordinates":[9.269,45.551]},"properties":{"id":"hydrowaste-4606","type":"wastewater-treatment","name":"DP01514901_MONZA_S_ROCCO","country":"ITA","source_id":"hydrowaste-2022","year":null,"value":181987.0,"unit":"m³/day","metric":"Reported treated effluent","original_value":181987.0,"original_unit":"m³/day","source_row":4606,"quality_location":2,"quality_waste":1,"status":"Not Reported","estimated":false}},{"type":"Feature","id":"hydrowaste-28071","geometry":{"type":"Point","coordinates":[-86.268,41.722]},"properties":{"id":"hydrowaste-28071","type":"wastewater-treatment","name":"SOUTH BEND WWTP","country":"USA","source_id":"hydrowaste-2022","year":null,"value":181699.766,"unit":"m³/day","metric":"Reported treated effluent","original_value":181699.766,"original_unit":"m³/day","source_row":28071,"quality_location":2,"quality_waste":1,"status":"Not Reported","estimated":false}},{"type":"Feature","id":"hydrowaste-33898","geometry":{"type":"Point","coordinates":[-75.194,43.101]},"properties":{"id":"hydrowaste-33898","type":"wastewater-treatment","name":"Oneida Co Oneida CoWPCP","country":"USA","source_id":"hydrowaste-2022","year":null,"value":181699.766,"unit":"m³/day","metric":"Reported treated effluent","original_value":181699.766,"original_unit":"m³/day","source_row":33898,"quality_location":2,"quality_waste":1,"status":"Not Reported","estimated":false}},{"type":"Feature","id":"hydrowaste-33413","geometry":{"type":"Point","coordinates":[-106.663,35.018]},"properties":{"id":"hydrowaste-33413","type":"wastewater-treatment","name":"ALBUQUERQUE 2 PLANT","country":"USA","source_id":"hydrowaste-2022","year":null,"value":181321.225,"unit":"m³/day","metric":"Reported treated effluent","original_value":181321.225,"original_unit":"m³/day","source_row":33413,"quality_location":2,"quality_waste":1,"status":"Not Reported","estimated":false}},{"type":"Feature","id":"hydrowaste-46232","geometry":{"type":"Point","coordinates":[118.342,31.398]},"properties":{"id":"hydrowaste-46232","type":"wastewater-treatment","name":"Anhui","country":"CHN","source_id":"hydrowaste-2022","year":null,"value":181000.0,"unit":"m³/day","metric":"Reported treated effluent","original_value":181000.0,"original_unit":"m³/day","source_row":46232,"quality_location":4,"quality_waste":1,"status":"Not Reported","estimated":false}},{"type":"Feature","id":"hydrowaste-37062","geometry":{"type":"Point","coordinates":[-71.389,41.795]},"properties":{"id":"hydrowaste-37062","type":"wastewater-treatment","name":"FIELDS POINT WWTF","country":"USA","source_id":"hydrowaste-2022","year":null,"value":180564.143,"unit":"m³/day","metric":"Reported treated effluent","original_value":180564.143,"original_unit":"m³/day","source_row":37062,"quality_location":2,"quality_waste":1,"status":"Not Reported","estimated":false}},{"type":"Feature","id":"hydrowaste-8091","geometry":{"type":"Point","coordinates":[-3.885,43.497]},"properties":{"id":"hydrowaste-8091","type":"wastewater-treatment","name":"SAN ROMAN","country":"ESP","source_id":"hydrowaste-2022","year":null,"value":177017.625,"unit":"m³/day","metric":"Reported treated effluent","original_value":177017.625,"original_unit":"m³/day","source_row":8091,"quality_location":2,"quality_waste":1,"status":"Not Reported","estimated":false}},{"type":"Feature","id":"hydrowaste-46383","geometry":{"type":"Point","coordinates":[116.951,36.695]},"properties":{"id":"hydrowaste-46383","type":"wastewater-treatment","name":"Shandong","country":"CHN","source_id":"hydrowaste-2022","year":null,"value":174000.0,"unit":"m³/day","metric":"Reported treated effluent","original_value":174000.0,"original_unit":"m³/day","source_row":46383,"quality_location":4,"quality_waste":1,"status":"Not Reported","estimated":false}},{"type":"Feature","id":"hydrowaste-47088","geometry":{"type":"Point","coordinates":[114.11,22.595]},"properties":{"id":"hydrowaste-47088","type":"wastewater-treatment","name":"Guangdong","country":"CHN","source_id":"hydrowaste-2022","year":null,"value":174000.0,"unit":"m³/day","metric":"Reported treated effluent","original_value":174000.0,"original_unit":"m³/day","source_row":47088,"quality_location":4,"quality_waste":1,"status":"Not Reported","estimated":false}},{"type":"Feature","id":"hydrowaste-31514","geometry":{"type":"Point","coordinates":[-90.209,32.237]},"properties":{"id":"hydrowaste-31514","type":"wastewater-treatment","name":"JACKSON POTW SAVANNA STREET","country":"USA","source_id":"hydrowaste-2022","year":null,"value":173712.548,"unit":"m³/day","metric":"Reported treated effluent","original_value":173712.548,"original_unit":"m³/day","source_row":31514,"quality_location":2,"quality_waste":1,"status":"Not Reported","estimated":false}},{"type":"Feature","id":"hydrowaste-47784","geometry":{"type":"Point","coordinates":[-97.109,49.952]},"properties":{"id":"hydrowaste-47784","type":"wastewater-treatment","name":"North End Water Pollution Control Centre NEWPCC","country":"CAN","source_id":"hydrowaste-2022","year":null,"value":171353.0,"unit":"m³/day","metric":"Reported treated effluent","original_value":171353.0,"original_unit":"m³/day","source_row":47784,"quality_location":2,"quality_waste":1,"status":"Operational","estimated":false}},{"type":"Feature","id":"hydrowaste-47892","geometry":{"type":"Point","coordinates":[-79.149,43.766]},"properties":{"id":"hydrowaste-47892","type":"wastewater-treatment","name":"Highland Creek Treatment Plant","country":"CAN","source_id":"hydrowaste-2022","year":null,"value":171117.0,"unit":"m³/day","metric":"Reported treated effluent","original_value":171117.0,"original_unit":"m³/day","source_row":47892,"quality_location":2,"quality_waste":1,"status":"Operational","estimated":false}},{"type":"Feature","id":"hydrowaste-38501","geometry":{"type":"Point","coordinates":[-77.455,38.812]},"properties":{"id":"hydrowaste-38501","type":"wastewater-treatment","name":"WATER RECLAMATION PROJECT","country":"USA","source_id":"hydrowaste-2022","year":null,"value":170343.531,"unit":"m³/day","metric":"Reported treated effluent","original_value":170343.531,"original_unit":"m³/day","source_row":38501,"quality_location":2,"quality_waste":1,"status":"Not Reported","estimated":false}},{"type":"Feature","id":"hydrowaste-30722","geometry":{"type":"Point","coordinates":[-72.589,42.088]},"properties":{"id":"hydrowaste-30722","type":"wastewater-treatment","name":"Springfield Wastewater System","country":"USA","source_id":"hydrowaste-2022","year":null,"value":170305.677,"unit":"m³/day","metric":"Reported treated effluent","original_value":170305.677,"original_unit":"m³/day","source_row":30722,"quality_location":2,"quality_waste":1,"status":"Not Reported","estimated":false}},{"type":"Feature","id":"hydrowaste-52800","geometry":{"type":"Point","coordinates":[172.7,-43.53]},"properties":{"id":"hydrowaste-52800","type":"wastewater-treatment","name":"Christchurch","country":"NZL","source_id":"hydrowaste-2022","year":null,"value":170210.03,"unit":"m³/day","metric":"Reported treated effluent","original_value":170210.03,"original_unit":"m³/day","source_row":52800,"quality_location":2,"quality_waste":1,"status":"Not Reported","estimated":false}},{"type":"Feature","id":"hydrowaste-45795","geometry":{"type":"Point","coordinates":[119.969,31.953]},"properties":{"id":"hydrowaste-45795","type":"wastewater-treatment","name":"Jiangsu","country":"CHN","source_id":"hydrowaste-2022","year":null,"value":168900.0,"unit":"m³/day","metric":"Reported treated effluent","original_value":168900.0,"original_unit":"m³/day","source_row":45795,"quality_location":4,"quality_waste":1,"status":"Not Reported","estimated":false}},{"type":"Feature","id":"hydrowaste-37179","geometry":{"type":"Point","coordinates":[-81.01,33.951]},"properties":{"id":"hydrowaste-37179","type":"wastewater-treatment","name":"METRO WWTP","country":"USA","source_id":"hydrowaste-2022","year":null,"value":168734.731,"unit":"m³/day","metric":"Reported treated effluent","original_value":168734.731,"original_unit":"m³/day","source_row":37179,"quality_location":2,"quality_waste":1,"status":"Not Reported","estimated":false}},{"type":"Feature","id":"hydrowaste-45834","geometry":{"type":"Point","coordinates":[120.876,31.981]},"properties":{"id":"hydrowaste-45834","type":"wastewater-treatment","name":"Jiangsu","country":"CHN","source_id":"hydrowaste-2022","year":null,"value":168400.0,"unit":"m³/day","metric":"Reported treated effluent","original_value":168400.0,"original_unit":"m³/day","source_row":45834,"quality_location":4,"quality_waste":1,"status":"Not Reported","estimated":false}},{"type":"Feature","id":"hydrowaste-46495","geometry":{"type":"Point","coordinates":[120.363,36.158]},"properties":{"id":"hydrowaste-46495","type":"wastewater-treatment","name":"Shandong","country":"CHN","source_id":"hydrowaste-2022","year":null,"value":167300.0,"unit":"m³/day","metric":"Reported treated effluent","original_value":167300.0,"original_unit":"m³/day","source_row":46495,"quality_location":4,"quality_waste":1,"status":"Not Reported","estimated":false}},{"type":"Feature","id":"hydrowaste-41537","geometry":{"type":"Point","coordinates":[-43.878,-19.896]},"properties":{"id":"hydrowaste-41537","type":"wastewater-treatment","name":"ETE ARRUDAS","country":"BRA","source_id":"hydrowaste-2022","year":null,"value":166926.375,"unit":"m³/day","metric":"Reported treated effluent","original_value":166926.375,"original_unit":"m³/day","source_row":41537,"quality_location":2,"quality_waste":1,"status":"Not Reported","estimated":false}},{"type":"Feature","id":"hydrowaste-45883","geometry":{"type":"Point","coordinates":[120.627,30.892]},"properties":{"id":"hydrowaste-45883","type":"wastewater-treatment","name":"Jiangsu","country":"CHN","source_id":"hydrowaste-2022","year":null,"value":166800.0,"unit":"m³/day","metric":"Reported treated effluent","original_value":166800.0,"original_unit":"m³/day","source_row":45883,"quality_location":4,"quality_waste":1,"status":"Not Reported","estimated":false}},{"type":"Feature","id":"hydrowaste-38659","geometry":{"type":"Point","coordinates":[-117.475,47.697]},"properties":{"id":"hydrowaste-38659","type":"wastewater-treatment","name":"Spokane Riverside Park POTW","country":"USA","source_id":"hydrowaste-2022","year":null,"value":166558.119,"unit":"m³/day","metric":"Reported treated effluent","original_value":166558.119,"original_unit":"m³/day","source_row":38659,"quality_location":2,"quality_waste":1,"status":"Not Reported","estimated":false}},{"type":"Feature","id":"hydrowaste-46623","geometry":{"type":"Point","coordinates":[112.43,34.647]},"properties":{"id":"hydrowaste-46623","type":"wastewater-treatment","name":"Henan","country":"CHN","source_id":"hydrowaste-2022","year":null,"value":165000.0,"unit":"m³/day","metric":"Reported treated effluent","original_value":165000.0,"original_unit":"m³/day","source_row":46623,"quality_location":4,"quality_waste":1,"status":"Not Reported","estimated":false}},{"type":"Feature","id":"hydrowaste-47754","geometry":{"type":"Point","coordinates":[-71.318,46.789]},"properties":{"id":"hydrowaste-47754","type":"wastewater-treatment","name":"Station Ouest d epuration des eaux usees","country":"CAN","source_id":"hydrowaste-2022","year":null,"value":164279.0,"unit":"m³/day","metric":"Reported treated effluent","original_value":164279.0,"original_unit":"m³/day","source_row":47754,"quality_location":2,"quality_waste":1,"status":"Operational","estimated":false}},{"type":"Feature","id":"hydrowaste-30911","geometry":{"type":"Point","coordinates":[-83.77,43.044]},"properties":{"id":"hydrowaste-30911","type":"wastewater-treatment","name":"FLINT WPCF","country":"USA","source_id":"hydrowaste-2022","year":null,"value":163908.331,"unit":"m³/day","metric":"Reported treated effluent","original_value":163908.331,"original_unit":"m³/day","source_row":30911,"quality_location":2,"quality_waste":1,"status":"Not Reported","estimated":false}},{"type":"Feature","id":"hydrowaste-20854","geometry":{"type":"Point","coordinates":[9.245,48.848]},"properties":{"id":"hydrowaste-20854","type":"wastewater-treatment","name":"Hauptklarwerk Muhlhausen","country":"DEU","source_id":"hydrowaste-2022","year":null,"value":163412.184,"unit":"m³/day","metric":"Reported treated effluent","original_value":163412.184,"original_unit":"m³/day","source_row":20854,"quality_location":2,"quality_waste":1,"status":"Not Reported","estimated":false}},{"type":"Feature","id":"hydrowaste-42611","geometry":{"type":"Point","coordinates":[-102.3,21.879]},"properties":{"id":"hydrowaste-42611","type":"wastewater-treatment","name":"Cd Aguascalientes","country":"MEX","source_id":"hydrowaste-2022","year":null,"value":163315.872,"unit":"m³/day","metric":"Reported treated effluent","original_value":163315.872,"original_unit":"m³/day","source_row":42611,"quality_location":3,"quality_waste":1,"status":"Not Reported","estimated":false}},{"type":"Feature","id":"hydrowaste-22142","geometry":{"type":"Point","coordinates":[11.699,48.295]},"properties":{"id":"hydrowaste-22142","type":"wastewater-treatment","name":"Munchen II   Gut Marienhof","country":"DEU","source_id":"hydrowaste-2022","year":null,"value":163263.43,"unit":"m³/day","metric":"Reported treated effluent","original_value":163263.43,"original_unit":"m³/day","source_row":22142,"quality_location":2,"quality_waste":1,"status":"Not Reported","estimated":false}},{"type":"Feature","id":"hydrowaste-36073","geometry":{"type":"Point","coordinates":[-123.161,45.222]},"properties":{"id":"hydrowaste-36073","type":"wastewater-treatment","name":"MCMINNVILLE WWTP","country":"USA","source_id":"hydrowaste-2022","year":null,"value":163151.249,"unit":"m³/day","metric":"Reported treated effluent","original_value":163151.249,"original_unit":"m³/day","source_row":36073,"quality_location":2,"quality_waste":1,"status":"Not Reported","estimated":false}},{"type":"Feature","id":"hydrowaste-46727","geometry":{"type":"Point","coordinates":[114.334,30.567]},"properties":{"id":"hydrowaste-46727","type":"wastewater-treatment","name":"Hubei","country":"CHN","source_id":"hydrowaste-2022","year":null,"value":163000.0,"unit":"m³/day","metric":"Reported treated effluent","original_value":163000.0,"original_unit":"m³/day","source_row":46727,"quality_location":4,"quality_waste":1,"status":"Not Reported","estimated":false}},{"type":"Feature","id":"hydrowaste-45992","geometry":{"type":"Point","coordinates":[117.221,34.217]},"properties":{"id":"hydrowaste-45992","type":"wastewater-treatment","name":"Jiangsu","country":"CHN","source_id":"hydrowaste-2022","year":null,"value":162500.0,"unit":"m³/day","metric":"Reported treated effluent","original_value":162500.0,"original_unit":"m³/day","source_row":45992,"quality_location":4,"quality_waste":1,"status":"Not Reported","estimated":false}},{"type":"Feature","id":"hydrowaste-24215","geometry":{"type":"Point","coordinates":[14.441,48.246]},"properties":{"id":"hydrowaste-24215","type":"wastewater-treatment","name":"Asten   Regionalklaranlage","country":"AUT","source_id":"hydrowaste-2022","year":null,"value":161739.378,"unit":"m³/day","metric":"Reported treated effluent","original_value":161739.378,"original_unit":"m³/day","source_row":24215,"quality_location":2,"quality_waste":1,"status":"Not Reported","estimated":false}},{"type":"Feature","id":"hydrowaste-46047","geometry":{"type":"Point","coordinates":[119.981,30.036]},"properties":{"id":"hydrowaste-46047","type":"wastewater-treatment","name":"Zhejiang","country":"CHN","source_id":"hydrowaste-2022","year":null,"value":161100.0,"unit":"m³/day","metric":"Reported treated effluent","original_value":161100.0,"original_unit":"m³/day","source_row":46047,"quality_location":4,"quality_waste":1,"status":"Not Reported","estimated":false}},{"type":"Feature","id":"hydrowaste-46009","geometry":{"type":"Point","coordinates":[119.481,32.36]},"properties":{"id":"hydrowaste-46009","type":"wastewater-treatment","name":"Jiangsu","country":"CHN","source_id":"hydrowaste-2022","year":null,"value":160800.0,"unit":"m³/day","metric":"Reported treated effluent","original_value":160800.0,"original_unit":"m³/day","source_row":46009,"quality_location":4,"quality_waste":1,"status":"Not Reported","estimated":false}},{"type":"Feature","id":"hydrowaste-47863","geometry":{"type":"Point","coordinates":[-79.62,43.496]},"properties":{"id":"hydrowaste-47863","type":"wastewater-treatment","name":"Clarkson Wastewater Treatment Plant","country":"CAN","source_id":"hydrowaste-2022","year":null,"value":160244.0,"unit":"m³/day","metric":"Reported treated effluent","original_value":160244.0,"original_unit":"m³/day","source_row":47863,"quality_location":2,"quality_waste":1,"status":"Operational","estimated":false}},{"type":"Feature","id":"hydrowaste-46123","geometry":{"type":"Point","coordinates":[121.86,29.926]},"properties":{"id":"hydrowaste-46123","type":"wastewater-treatment","name":"Zhejiang","country":"CHN","source_id":"hydrowaste-2022","year":null,"value":160100.0,"unit":"m³/day","metric":"Reported treated effluent","original_value":160100.0,"original_unit":"m³/day","source_row":46123,"quality_location":4,"quality_waste":1,"status":"Not Reported","estimated":false}},{"type":"Feature","id":"hydrowaste-46726","geometry":{"type":"Point","coordinates":[114.375,30.495]},"properties":{"id":"hydrowaste-46726","type":"wastewater-treatment","name":"Hubei","country":"CHN","source_id":"hydrowaste-2022","year":null,"value":160000.0,"unit":"m³/day","metric":"Reported treated effluent","original_value":160000.0,"original_unit":"m³/day","source_row":46726,"quality_location":4,"quality_waste":1,"status":"Not Reported","estimated":false}},{"type":"Feature","id":"hydrowaste-7987","geometry":{"type":"Point","coordinates":[-8.791,42.227]},"properties":{"id":"hydrowaste-7987","type":"wastewater-treatment","name":"LAGARES VIGO","country":"ESP","source_id":"hydrowaste-2022","year":null,"value":158075.901,"unit":"m³/day","metric":"Reported treated effluent","original_value":158075.901,"original_unit":"m³/day","source_row":7987,"quality_location":2,"quality_waste":1,"status":"Not Reported","estimated":false}},{"type":"Feature","id":"hydrowaste-34412","geometry":{"type":"Point","coordinates":[-78.492,35.717]},"properties":{"id":"hydrowaste-34412","type":"wastewater-treatment","name":"NEUSE RIVER REGIONAL WWTP","country":"USA","source_id":"hydrowaste-2022","year":null,"value":157851.672,"unit":"m³/day","metric":"Reported treated effluent","original_value":157851.672,"original_unit":"m³/day","source_row":34412,"quality_location":2,"quality_waste":1,"status":"Not Reported","estimated":false}},{"type":"Feature","id":"hydrowaste-45928","geometry":{"type":"Point","coordinates":[120.329,31.613]},"properties":{"id":"hydrowaste-45928","type":"wastewater-treatment","name":"Jiangsu","country":"CHN","source_id":"hydrowaste-2022","year":null,"value":157600.0,"unit":"m³/day","metric":"Reported treated effluent","original_value":157600.0,"original_unit":"m³/day","source_row":45928,"quality_location":4,"quality_waste":1,"status":"Not Reported","estimated":false}},{"type":"Feature","id":"hydrowaste-46177","geometry":{"type":"Point","coordinates":[117.332,32.943]},"properties":{"id":"hydrowaste-46177","type":"wastewater-treatment","name":"Anhui","country":"CHN","source_id":"hydrowaste-2022","year":null,"value":157000.0,"unit":"m³/day","metric":"Reported treated effluent","original_value":157000.0,"original_unit":"m³/day","source_row":46177,"quality_location":4,"quality_waste":1,"status":"Not Reported","estimated":false}},{"type":"Feature","id":"hydrowaste-4611","geometry":{"type":"Point","coordinates":[9.295,45.415]},"properties":{"id":"hydrowaste-4611","type":"wastewater-treatment","name":"DP01517101_PESCHIERA_BORROMEO_L1","country":"ITA","source_id":"hydrowaste-2022","year":null,"value":156018.584,"unit":"m³/day","metric":"Reported treated effluent","original_value":156018.584,"original_unit":"m³/day","source_row":4611,"quality_location":2,"quality_waste":1,"status":"Not Reported","estimated":false}},{"type":"Feature","id":"hydrowaste-45418","geometry":{"type":"Point","coordinates":[112.531,37.805]},"properties":{"id":"hydrowaste-45418","type":"wastewater-treatment","name":"Shanxi","country":"CHN","source_id":"hydrowaste-2022","year":null,"value":156000.0,"unit":"m³/day","metric":"Reported treated effluent","original_value":156000.0,"original_unit":"m³/day","source_row":45418,"quality_location":4,"quality_waste":1,"status":"Not Reported","estimated":false}},{"type":"Feature","id":"hydrowaste-46824","geometry":{"type":"Point","coordinates":[112.956,28.282]},"properties":{"id":"hydrowaste-46824","type":"wastewater-treatment","name":"Hunan","country":"CHN","source_id":"hydrowaste-2022","year":null,"value":156000.0,"unit":"m³/day","metric":"Reported treated effluent","original_value":156000.0,"original_unit":"m³/day","source_row":46824,"quality_location":4,"quality_waste":1,"status":"Not Reported","estimated":false}},{"type":"Feature","id":"hydrowaste-39305","geometry":{"type":"Point","coordinates":[-89.346,43.034]},"properties":{"id":"hydrowaste-39305","type":"wastewater-treatment","name":"MADISON MSD STP","country":"USA","source_id":"hydrowaste-2022","year":null,"value":155201.884,"unit":"m³/day","metric":"Reported treated effluent","original_value":155201.884,"original_unit":"m³/day","source_row":39305,"quality_location":2,"quality_waste":1,"status":"Not Reported","estimated":false}},{"type":"Feature","id":"hydrowaste-12018","geometry":{"type":"Point","coordinates":[12.659,55.697]},"properties":{"id":"hydrowaste-12018","type":"wastewater-treatment","name":"LYNETTEN","country":"DNK","source_id":"hydrowaste-2022","year":null,"value":154917.808,"unit":"m³/day","metric":"Reported treated effluent","original_value":154917.808,"original_unit":"m³/day","source_row":12018,"quality_location":2,"quality_waste":1,"status":"Not Reported","estimated":false}},{"type":"Feature","id":"hydrowaste-30358","geometry":{"type":"Point","coordinates":[-90.19,29.965]},"properties":{"id":"hydrowaste-30358","type":"wastewater-treatment","name":"EAST BANK PLANT","country":"USA","source_id":"hydrowaste-2022","year":null,"value":154444.801,"unit":"m³/day","metric":"Reported treated effluent","original_value":154444.801,"original_unit":"m³/day","source_row":30358,"quality_location":2,"quality_waste":1,"status":"Not Reported","estimated":false}},{"type":"Feature","id":"hydrowaste-47559","geometry":{"type":"Point","coordinates":[103.737,36.088]},"properties":{"id":"hydrowaste-47559","type":"wastewater-treatment","name":"Gansu","country":"CHN","source_id":"hydrowaste-2022","year":null,"value":154400.0,"unit":"m³/day","metric":"Reported treated effluent","original_value":154400.0,"original_unit":"m³/day","source_row":47559,"quality_location":4,"quality_waste":1,"status":"Not Reported","estimated":false}},{"type":"Feature","id":"hydrowaste-41897","geometry":{"type":"Point","coordinates":[-43.367,-22.995]},"properties":{"id":"hydrowaste-41897","type":"wastewater-treatment","name":"EPC BARRA","country":"BRA","source_id":"hydrowaste-2022","year":null,"value":154134.804,"unit":"m³/day","metric":"Reported treated effluent","original_value":154134.804,"original_unit":"m³/day","source_row":41897,"quality_location":2,"quality_waste":1,"status":"Not Reported","estimated":false}},{"type":"Feature","id":"hydrowaste-31848","geometry":{"type":"Point","coordinates":[-94.322,39.17]},"properties":{"id":"hydrowaste-31848","type":"wastewater-treatment","name":"LBVSD ATHERTON PLANT","country":"USA","source_id":"hydrowaste-2022","year":null,"value":151530.034,"unit":"m³/day","metric":"Reported treated effluent","original_value":151530.034,"original_unit":"m³/day","source_row":31848,"quality_location":2,"quality_waste":1,"status":"Not Reported","estimated":false}},{"type":"Feature","id":"hydrowaste-28038","geometry":{"type":"Point","coordinates":[-85.1,41.08]},"properties":{"id":"hydrowaste-28038","type":"wastewater-treatment","name":"FORT WAYNE WPCP","country":"USA","source_id":"hydrowaste-2022","year":null,"value":151416.472,"unit":"m³/day","metric":"Reported treated effluent","original_value":151416.472,"original_unit":"m³/day","source_row":28038,"quality_location":2,"quality_waste":1,"status":"Not Reported","estimated":false}},{"type":"Feature","id":"hydrowaste-37875","geometry":{"type":"Point","coordinates":[-96.562,33.126]},"properties":{"id":"hydrowaste-37875","type":"wastewater-treatment","name":"Wilson Creek WWTP","country":"USA","source_id":"hydrowaste-2022","year":null,"value":151416.472,"unit":"m³/day","metric":"Reported treated effluent","original_value":151416.472,"original_unit":"m³/day","source_row":37875,"quality_location":2,"quality_waste":1,"status":"Not Reported","estimated":false}},{"type":"Feature","id":"hydrowaste-46169","geometry":{"type":"Point","coordinates":[117.241,31.881]},"properties":{"id":"hydrowaste-46169","type":"wastewater-treatment","name":"Anhui","country":"CHN","source_id":"hydrowaste-2022","year":null,"value":151000.0,"unit":"m³/day","metric":"Reported treated effluent","original_value":151000.0,"original_unit":"m³/day","source_row":46169,"quality_location":4,"quality_waste":1,"status":"Not Reported","estimated":false}},{"type":"Feature","id":"hydrowaste-25241","geometry":{"type":"Point","coordinates":[-87.008,33.393]},"properties":{"id":"hydrowaste-25241","type":"wastewater-treatment","name":"JEFFERSON CO VALLEY CREEK WWTP","country":"USA","source_id":"hydrowaste-2022","year":null,"value":150697.244,"unit":"m³/day","metric":"Reported treated effluent","original_value":150697.244,"original_unit":"m³/day","source_row":25241,"quality_location":2,"quality_waste":1,"status":"Not Reported","estimated":false}},{"type":"Feature","id":"hydrowaste-46497","geometry":{"type":"Point","coordinates":[120.425,36.358]},"properties":{"id":"hydrowaste-46497","type":"wastewater-treatment","name":"Shandong","country":"CHN","source_id":"hydrowaste-2022","year":null,"value":150400.0,"unit":"m³/day","metric":"Reported treated effluent","original_value":150400.0,"original_unit":"m³/day","source_row":46497,"quality_location":4,"quality_waste":1,"status":"Not Reported","estimated":false}},{"type":"Feature","id":"hydrowaste-47367","geometry":{"type":"Point","coordinates":[104.781,31.432]},"properties":{"id":"hydrowaste-47367","type":"wastewater-treatment","name":"Sichuan","country":"CHN","source_id":"hydrowaste-2022","year":null,"value":150000.0,"unit":"m³/day","metric":"Reported treated effluent","original_value":150000.0,"original_unit":"m³/day","source_row":47367,"quality_location":4,"quality_waste":1,"status":"Not Reported","estimated":false}},{"type":"Feature","id":"hydrowaste-36248","geometry":{"type":"Point","coordinates":[-75.393,39.829]},"properties":{"id":"hydrowaste-36248","type":"wastewater-treatment","name":"DELCORA CHESTER STP","country":"USA","source_id":"hydrowaste-2022","year":null,"value":149940.161,"unit":"m³/day","metric":"Reported treated effluent","original_value":149940.161,"original_unit":"m³/day","source_row":36248,"quality_location":2,"quality_waste":1,"status":"Not Reported","estimated":false}},{"type":"Feature","id":"hydrowaste-26641","geometry":{"type":"Point","coordinates":[-80.135,26.027]},"properties":{"id":"hydrowaste-26641","type":"wastewater-treatment","name":"HOLLYWOOD WPCP","country":"USA","source_id":"hydrowaste-2022","year":null,"value":149523.766,"unit":"m³/day","metric":"Reported treated effluent","original_value":149523.766,"original_unit":"m³/day","source_row":26641,"quality_location":2,"quality_waste":1,"status":"Not Reported","estimated":false}},{"type":"Feature","id":"hydrowaste-9468","geometry":{"type":"Point","coordinates":[-4.432,36.665]},"properties":{"id":"hydrowaste-9468","type":"wastewater-treatment","name":"GUADALHORCE","country":"ESP","source_id":"hydrowaste-2022","year":null,"value":147049.405,"unit":"m³/day","metric":"Reported treated effluent","original_value":147049.405,"original_unit":"m³/day","source_row":9468,"quality_location":2,"quality_waste":1,"status":"Not Reported","estimated":false}},{"type":"Feature","id":"hydrowaste-53173","geometry":{"type":"Point","coordinates":[-76.818,-12.263]},"properties":{"id":"hydrowaste-53173","type":"wastewater-treatment","name":"San Bartolo con Punto A","country":"PER","source_id":"hydrowaste-2022","year":null,"value":146880.0,"unit":"m³/day","metric":"Reported treated effluent","original_value":146880.0,"original_unit":"m³/day","source_row":53173,"quality_location":1,"quality_waste":1,"status":"Not Reported","estimated":false}},{"type":"Feature","id":"hydrowaste-26215","geometry":{"type":"Point","coordinates":[-117.675,33.968]},"properties":{"id":"hydrowaste-26215","type":"wastewater-treatment","name":"IEUA Regional Plant No1","country":"USA","source_id":"hydrowaste-2022","year":null,"value":146873.978,"unit":"m³/day","metric":"Reported treated effluent","original_value":146873.978,"original_unit":"m³/day","source_row":26215,"quality_location":2,"quality_waste":1,"status":"Not Reported","estimated":false}},{"type":"Feature","id":"hydrowaste-25840","geometry":{"type":"Point","coordinates":[-122.07,37.997]},"properties":{"id":"hydrowaste-25840","type":"wastewater-treatment","name":"Central Contra Costa WWTF","country":"USA","source_id":"hydrowaste-2022","year":null,"value":146495.437,"unit":"m³/day","metric":"Reported treated effluent","original_value":146495.437,"original_unit":"m³/day","source_row":25840,"quality_location":2,"quality_waste":1,"status":"Not Reported","estimated":false}},{"type":"Feature","id":"hydrowaste-31213","geometry":{"type":"Point","coordinates":[-92.126,46.759]},"properties":{"id":"hydrowaste-31213","type":"wastewater-treatment","name":"WLSSD REGIONAL WWTF","country":"USA","source_id":"hydrowaste-2022","year":null,"value":146495.437,"unit":"m³/day","metric":"Reported treated effluent","original_value":146495.437,"original_unit":"m³/day","source_row":31213,"quality_location":2,"quality_waste":1,"status":"Not Reported","estimated":false}},{"type":"Feature","id":"hydrowaste-46462","geometry":{"type":"Point","coordinates":[118.345,35.027]},"properties":{"id":"hydrowaste-46462","type":"wastewater-treatment","name":"Shandong","country":"CHN","source_id":"hydrowaste-2022","year":null,"value":146000.0,"unit":"m³/day","metric":"Reported treated effluent","original_value":146000.0,"original_unit":"m³/day","source_row":46462,"quality_location":4,"quality_waste":1,"status":"Not Reported","estimated":false}},{"type":"Feature","id":"hydrowaste-43211","geometry":{"type":"Point","coordinates":[-107.384,24.799]},"properties":{"id":"hydrowaste-43211","type":"wastewater-treatment","name":"CuliacAn Norte","country":"MEX","source_id":"hydrowaste-2022","year":null,"value":145756.8,"unit":"m³/day","metric":"Reported treated effluent","original_value":145756.8,"original_unit":"m³/day","source_row":43211,"quality_location":3,"quality_waste":1,"status":"Not Reported","estimated":false}},{"type":"Feature","id":"hydrowaste-36054","geometry":{"type":"Point","coordinates":[-123.112,44.096]},"properties":{"id":"hydrowaste-36054","type":"wastewater-treatment","name":"MWMC   EUGENE_SPRINGFIELD STP","country":"USA","source_id":"hydrowaste-2022","year":null,"value":145738.354,"unit":"m³/day","metric":"Reported treated effluent","original_value":145738.354,"original_unit":"m³/day","source_row":36054,"quality_location":2,"quality_waste":1,"status":"Not Reported","estimated":false}},{"type":"Feature","id":"hydrowaste-42801","geometry":{"type":"Point","coordinates":[-104.67,24.024]},"properties":{"id":"hydrowaste-42801","type":"wastewater-treatment","name":"Oriente","country":"MEX","source_id":"hydrowaste-2022","year":null,"value":145152.0,"unit":"m³/day","metric":"Reported treated effluent","original_value":145152.0,"original_unit":"m³/day","source_row":42801,"quality_location":3,"quality_waste":1,"status":"Not Reported","estimated":false}},{"type":"Feature","id":"hydrowaste-26661","geometry":{"type":"Point","coordinates":[-81.629,30.352]},"properties":{"id":"hydrowaste-26661","type":"wastewater-treatment","name":"BUCKMAN STREET STP","country":"USA","source_id":"hydrowaste-2022","year":null,"value":143694.232,"unit":"m³/day","metric":"Reported treated effluent","original_value":143694.232,"original_unit":"m³/day","source_row":26661,"quality_location":2,"quality_waste":1,"status":"Not Reported","estimated":false}},{"type":"Feature","id":"hydrowaste-47750","geometry":{"type":"Point","coordinates":[-83.082,42.282]},"properties":{"id":"hydrowaste-47750","type":"wastewater-treatment","name":"Lou Romano Water Reclamation Plant","country":"CAN","source_id":"hydrowaste-2022","year":null,"value":142300.0,"unit":"m³/day","metric":"Reported treated effluent","original_value":142300.0,"original_unit":"m³/day","source_row":47750,"quality_location":2,"quality_waste":1,"status":"Operational","estimated":false}},{"type":"Feature","id":"hydrowaste-46627","geometry":{"type":"Point","coordinates":[112.537,34.69]},"properties":{"id":"hydrowaste-46627","type":"wastewater-treatment","name":"Henan","country":"CHN","source_id":"hydrowaste-2022","year":null,"value":142000.0,"unit":"m³/day","metric":"Reported treated effluent","original_value":142000.0,"original_unit":"m³/day","source_row":46627,"quality_location":4,"quality_waste":1,"status":"Not Reported","estimated":false}},{"type":"Feature","id":"hydrowaste-47406","geometry":{"type":"Point","coordinates":[106.685,26.541]},"properties":{"id":"hydrowaste-47406","type":"wastewater-treatment","name":"Guizhou","country":"CHN","source_id":"hydrowaste-2022","year":null,"value":142000.0,"unit":"m³/day","metric":"Reported treated effluent","original_value":142000.0,"original_unit":"m³/day","source_row":47406,"quality_location":4,"quality_waste":1,"status":"Not Reported","estimated":false}},{"type":"Feature","id":"hydrowaste-26679","geometry":{"type":"Point","coordinates":[-81.439,28.45]},"properties":{"id":"hydrowaste-26679","type":"wastewater-treatment","name":"OCUD_South WWTF","country":"USA","source_id":"hydrowaste-2022","year":null,"value":141952.943,"unit":"m³/day","metric":"Reported treated effluent","original_value":141952.943,"original_unit":"m³/day","source_row":26679,"quality_location":2,"quality_waste":1,"status":"Not Reported","estimated":false}},{"type":"Feature","id":"hydrowaste-8251","geometry":{"type":"Point","coordinates":[-0.802,41.61]},"properties":{"id":"hydrowaste-8251","type":"wastewater-treatment","name":"ZARAGOZA LA CARTUJA","country":"ESP","source_id":"hydrowaste-2022","year":null,"value":141926.849,"unit":"m³/day","metric":"Reported treated effluent","original_value":141926.849,"original_unit":"m³/day","source_row":8251,"quality_location":2,"quality_waste":1,"status":"Not Reported","estimated":false}},{"type":"Feature","id":"hydrowaste-30709","geometry":{"type":"Point","coordinates":[-71.789,42.212]},"properties":{"id":"hydrowaste-30709","type":"wastewater-treatment","name":"Upper Blackstone Abatement District","country":"USA","source_id":"hydrowaste-2022","year":null,"value":141574.401,"unit":"m³/day","metric":"Reported treated effluent","original_value":141574.401,"original_unit":"m³/day","source_row":30709,"quality_location":2,"quality_waste":1,"status":"Not Reported","estimated":false}},{"type":"Feature","id":"hydrowaste-46951","geometry":{"type":"Point","coordinates":[113.448,22.922]},"properties":{"id":"hydrowaste-46951","type":"wastewater-treatment","name":"Guangdong","country":"CHN","source_id":"hydrowaste-2022","year":null,"value":140600.0,"unit":"m³/day","metric":"Reported treated effluent","original_value":140600.0,"original_unit":"m³/day","source_row":46951,"quality_location":4,"quality_waste":1,"status":"Not Reported","estimated":false}},{"type":"Feature","id":"hydrowaste-4610","geometry":{"type":"Point","coordinates":[9.085,45.494]},"properties":{"id":"hydrowaste-4610","type":"wastewater-treatment","name":"DP01517001_PERO_OLONA_SUD","country":"ITA","source_id":"hydrowaste-2022","year":null,"value":140414.458,"unit":"m³/day","metric":"Reported treated effluent","original_value":140414.458,"original_unit":"m³/day","source_row":4610,"quality_location":2,"quality_waste":1,"status":"Not Reported","estimated":false}},{"type":"Feature","id":"hydrowaste-45567","geometry":{"type":"Point","coordinates":[123.204,41.688]},"properties":{"id":"hydrowaste-45567","type":"wastewater-treatment","name":"Liaoning","country":"CHN","source_id":"hydrowaste-2022","year":null,"value":140400.0,"unit":"m³/day","metric":"Reported treated effluent","original_value":140400.0,"original_unit":"m³/day","source_row":45567,"quality_location":4,"quality_waste":1,"status":"Not Reported","estimated":false}},{"type":"Feature","id":"hydrowaste-43186","geometry":{"type":"Point","coordinates":[-106.487,31.739]},"properties":{"id":"hydrowaste-43186","type":"wastewater-treatment","name":"Sur","country":"MEX","source_id":"hydrowaste-2022","year":null,"value":139968.0,"unit":"m³/day","metric":"Reported treated effluent","original_value":139968.0,"original_unit":"m³/day","source_row":43186,"quality_location":3,"quality_waste":1,"status":"Not Reported","estimated":false}},{"type":"Feature","id":"hydrowaste-43612","geometry":{"type":"Point","coordinates":[-106.089,28.635]},"properties":{"id":"hydrowaste-43612","type":"wastewater-treatment","name":"Chihuahua Sur","country":"MEX","source_id":"hydrowaste-2022","year":null,"value":139968.0,"unit":"m³/day","metric":"Reported treated effluent","original_value":139968.0,"original_unit":"m³/day","source_row":43612,"quality_location":3,"quality_waste":1,"status":"Not Reported","estimated":false}},{"type":"Feature","id":"hydrowaste-38492","geometry":{"type":"Point","coordinates":[-77.061,38.799]},"properties":{"id":"hydrowaste-38492","type":"wastewater-treatment","name":"ALEXANDRIA STP","country":"USA","source_id":"hydrowaste-2022","year":null,"value":139303.154,"unit":"m³/day","metric":"Reported treated effluent","original_value":139303.154,"original_unit":"m³/day","source_row":38492,"quality_location":2,"quality_waste":1,"status":"Not Reported","estimated":false}},{"type":"Feature","id":"hydrowaste-35526","geometry":{"type":"Point","coordinates":[-80.642,41.092]},"properties":{"id":"hydrowaste-35526","type":"wastewater-treatment","name":"Youngstown WWTP and Sewer System","country":"USA","source_id":"hydrowaste-2022","year":null,"value":138848.905,"unit":"m³/day","metric":"Reported treated effluent","original_value":138848.905,"original_unit":"m³/day","source_row":35526,"quality_location":2,"quality_waste":1,"status":"Not Reported","estimated":false}},{"type":"Feature","id":"hydrowaste-24537","geometry":{"type":"Point","coordinates":[18.237,59.35]},"properties":{"id":"hydrowaste-24537","type":"wastewater-treatment","name":"KAPPALAVERKET","country":"SWE","source_id":"hydrowaste-2022","year":null,"value":138356.164,"unit":"m³/day","metric":"Reported treated effluent","original_value":138356.164,"original_unit":"m³/day","source_row":24537,"quality_location":2,"quality_waste":1,"status":"Not Reported","estimated":false}},{"type":"Feature","id":"hydrowaste-38049","geometry":{"type":"Point","coordinates":[-98.514,29.277]},"properties":{"id":"hydrowaste-38049","type":"wastewater-treatment","name":"Leon Creek WWTP","country":"USA","source_id":"hydrowaste-2022","year":null,"value":137864.698,"unit":"m³/day","metric":"Reported treated effluent","original_value":137864.698,"original_unit":"m³/day","source_row":38049,"quality_location":2,"quality_waste":1,"status":"Not Reported","estimated":false}},{"type":"Feature","id":"hydrowaste-45776","geometry":{"type":"Point","coordinates":[119.987,31.833]},"properties":{"id":"hydrowaste-45776","type":"wastewater-treatment","name":"Jiangsu","country":"CHN","source_id":"hydrowaste-2022","year":null,"value":137000.0,"unit":"m³/day","metric":"Reported treated effluent","original_value":137000.0,"original_unit":"m³/day","source_row":45776,"quality_location":4,"quality_waste":1,"status":"Not Reported","estimated":false}},{"type":"Feature","id":"hydrowaste-21749","geometry":{"type":"Point","coordinates":[10.889,48.413]},"properties":{"id":"hydrowaste-21749","type":"wastewater-treatment","name":"Augsburg","country":"DEU","source_id":"hydrowaste-2022","year":null,"value":136751.83,"unit":"m³/day","metric":"Reported treated effluent","original_value":136751.83,"original_unit":"m³/day","source_row":21749,"quality_location":2,"quality_waste":1,"status":"Not Reported","estimated":false}},{"type":"Feature","id":"hydrowaste-35665","geometry":{"type":"Point","coordinates":[-95.994,36.15]},"properties":{"id":"hydrowaste-35665","type":"wastewater-treatment","name":"TULSA NORTHSIDE WWT","country":"USA","source_id":"hydrowaste-2022","year":null,"value":136653.366,"unit":"m³/day","metric":"Reported treated effluent","original_value":136653.366,"original_unit":"m³/day","source_row":35665,"quality_location":2,"quality_waste":1,"status":"Not Reported","estimated":false}},{"type":"Feature","id":"hydrowaste-47243","geometry":{"type":"Point","coordinates":[110.367,20.016]},"properties":{"id":"hydrowaste-47243","type":"wastewater-treatment","name":"Hainan","country":"CHN","source_id":"hydrowaste-2022","year":null,"value":136300.0,"unit":"m³/day","metric":"Reported treated effluent","original_value":136300.0,"original_unit":"m³/day","source_row":47243,"quality_location":4,"quality_waste":1,"status":"Not Reported","estimated":false}},{"type":"Feature","id":"hydrowaste-46308","geometry":{"type":"Point","coordinates":[115.876,28.726]},"properties":{"id":"hydrowaste-46308","type":"wastewater-treatment","name":"Jiangxi","country":"CHN","source_id":"hydrowaste-2022","year":null,"value":136200.0,"unit":"m³/day","metric":"Reported treated effluent","original_value":136200.0,"original_unit":"m³/day","source_row":46308,"quality_location":4,"quality_waste":1,"status":"Not Reported","estimated":false}},{"type":"Feature","id":"hydrowaste-47687","geometry":{"type":"Point","coordinates":[-75.604,45.477]},"properties":{"id":"hydrowaste-47687","type":"wastewater-treatment","name":"Usine d epuration regionale","country":"CAN","source_id":"hydrowaste-2022","year":null,"value":136000.0,"unit":"m³/day","metric":"Reported treated effluent","original_value":136000.0,"original_unit":"m³/day","source_row":47687,"quality_location":2,"quality_waste":1,"status":"Operational","estimated":false}},{"type":"Feature","id":"hydrowaste-8478","geometry":{"type":"Point","coordinates":[-4.778,41.612]},"properties":{"id":"hydrowaste-8478","type":"wastewater-treatment","name":"VALLADOLID","country":"ESP","source_id":"hydrowaste-2022","year":null,"value":135868.904,"unit":"m³/day","metric":"Reported treated effluent","original_value":135868.904,"original_unit":"m³/day","source_row":8478,"quality_location":2,"quality_waste":1,"status":"Not Reported","estimated":false}},{"type":"Feature","id":"hydrowaste-26642","geometry":{"type":"Point","coordinates":[-80.125,26.099]},"properties":{"id":"hydrowaste-26642","type":"wastewater-treatment","name":"LOHMEYER REG WWTP","country":"USA","source_id":"hydrowaste-2022","year":null,"value":135139.201,"unit":"m³/day","metric":"Reported treated effluent","original_value":135139.201,"original_unit":"m³/day","source_row":26642,"quality_location":2,"quality_waste":1,"status":"Not Reported","estimated":false}},{"type":"Feature","id":"hydrowaste-46940","geometry":{"type":"Point","coordinates":[113.459,23.096]},"properties":{"id":"hydrowaste-46940","type":"wastewater-treatment","name":"Guangdong","country":"CHN","source_id":"hydrowaste-2022","year":null,"value":132900.0,"unit":"m³/day","metric":"Reported treated effluent","original_value":132900.0,"original_unit":"m³/day","source_row":46940,"quality_location":4,"quality_waste":1,"status":"Not Reported","estimated":false}},{"type":"Feature","id":"hydrowaste-31753","geometry":{"type":"Point","coordinates":[-93.363,37.151]},"properties":{"id":"hydrowaste-31753","type":"wastewater-treatment","name":"SPRINGFIELD SW WWTP","country":"USA","source_id":"hydrowaste-2022","year":null,"value":132489.413,"unit":"m³/day","metric":"Reported treated effluent","original_value":132489.413,"original_unit":"m³/day","source_row":31753,"quality_location":2,"quality_waste":1,"status":"Not Reported","estimated":false}},{"type":"Feature","id":"hydrowaste-35051","geometry":{"type":"Point","coordinates":[-81.727,41.494]},"properties":{"id":"hydrowaste-35051","type":"wastewater-treatment","name":"NEORSD Westerly WWTP","country":"USA","source_id":"hydrowaste-2022","year":null,"value":132489.413,"unit":"m³/day","metric":"Reported treated effluent","original_value":132489.413,"original_unit":"m³/day","source_row":35051,"quality_location":2,"quality_waste":1,"status":"Not Reported","estimated":false}},{"type":"Feature","id":"hydrowaste-22206","geometry":{"type":"Point","coordinates":[11.02,49.465]},"properties":{"id":"hydrowaste-22206","type":"wastewater-treatment","name":"Nurnberg I","country":"DEU","source_id":"hydrowaste-2022","year":null,"value":132255.436,"unit":"m³/day","metric":"Reported treated effluent","original_value":132255.436,"original_unit":"m³/day","source_row":22206,"quality_location":2,"quality_waste":1,"status":"Not Reported","estimated":false}},{"type":"Feature","id":"hydrowaste-37470","geometry":{"type":"Point","coordinates":[-86.857,36.181]},"properties":{"id":"hydrowaste-37470","type":"wastewater-treatment","name":"Nashville   White s Creek WWTP","country":"USA","source_id":"hydrowaste-2022","year":null,"value":132243.361,"unit":"m³/day","metric":"Reported treated effluent","original_value":132243.361,"original_unit":"m³/day","source_row":37470,"quality_location":2,"quality_waste":1,"status":"Not Reported","estimated":false}},{"type":"Feature","id":"hydrowaste-41899","geometry":{"type":"Point","coordinates":[-43.23,-22.87]},"properties":{"id":"hydrowaste-41899","type":"wastewater-treatment","name":"ETE ALEGRIA   RIO DE JANEIRO","country":"BRA","source_id":"hydrowaste-2022","year":null,"value":132115.547,"unit":"m³/day","metric":"Reported treated effluent","original_value":132115.547,"original_unit":"m³/day","source_row":41899,"quality_location":2,"quality_waste":1,"status":"Not Reported","estimated":false}},{"type":"Feature","id":"hydrowaste-45520","geometry":{"type":"Point","coordinates":[118.969,42.309]},"properties":{"id":"hydrowaste-45520","type":"wastewater-treatment","name":"Nei Mongol","country":"CHN","source_id":"hydrowaste-2022","year":null,"value":132000.0,"unit":"m³/day","metric":"Reported treated effluent","original_value":132000.0,"original_unit":"m³/day","source_row":45520,"quality_location":4,"quality_waste":1,"status":"Not Reported","estimated":false}},{"type":"Feature","id":"hydrowaste-43196","geometry":{"type":"Point","coordinates":[-101.681,21.119]},"properties":{"id":"hydrowaste-43196","type":"wastewater-treatment","name":"Leon","country":"MEX","source_id":"hydrowaste-2022","year":null,"value":131760.0,"unit":"m³/day","metric":"Reported treated effluent","original_value":131760.0,"original_unit":"m³/day","source_row":43196,"quality_location":3,"quality_waste":1,"status":"Not Reported","estimated":false}},{"type":"Feature","id":"hydrowaste-38491","geometry":{"type":"Point","coordinates":[-75.975,36.773]},"properties":{"id":"hydrowaste-38491","type":"wastewater-treatment","name":"ATLANTIC W P C F","country":"USA","source_id":"hydrowaste-2022","year":null,"value":131164.519,"unit":"m³/day","metric":"Reported treated effluent","original_value":131164.519,"original_unit":"m³/day","source_row":38491,"quality_location":2,"quality_waste":1,"status":"Not Reported","estimated":false}},{"type":"Feature","id":"hydrowaste-46019","geometry":{"type":"Point","coordinates":[119.402,32.257]},"properties":{"id":"hydrowaste-46019","type":"wastewater-treatment","name":"Jiangsu","country":"CHN","source_id":"hydrowaste-2022","year":null,"value":131000.0,"unit":"m³/day","metric":"Reported treated effluent","original_value":131000.0,"original_unit":"m³/day","source_row":46019,"quality_location":4,"quality_waste":1,"status":"Not Reported","estimated":false}},{"type":"Feature","id":"hydrowaste-46827","geometry":{"type":"Point","coordinates":[112.972,28.227]},"properties":{"id":"hydrowaste-46827","type":"wastewater-treatment","name":"Hunan","country":"CHN","source_id":"hydrowaste-2022","year":null,"value":131000.0,"unit":"m³/day","metric":"Reported treated effluent","original_value":131000.0,"original_unit":"m³/day","source_row":46827,"quality_location":4,"quality_waste":1,"status":"Not Reported","estimated":false}},{"type":"Feature","id":"hydrowaste-38000","geometry":{"type":"Point","coordinates":[-95.261,29.712]},"properties":{"id":"hydrowaste-38000","type":"wastewater-treatment","name":"Sims Bayou WWTP","country":"USA","source_id":"hydrowaste-2022","year":null,"value":130596.707,"unit":"m³/day","metric":"Reported treated effluent","original_value":130596.707,"original_unit":"m³/day","source_row":38000,"quality_location":2,"quality_waste":1,"status":"Not Reported","estimated":false}},{"type":"Feature","id":"hydrowaste-11929","geometry":{"type":"Point","coordinates":[23.955,57.044]},"properties":{"id":"hydrowaste-11929","type":"wastewater-treatment","name":"BAI Daugavgriva","country":"LVA","source_id":"hydrowaste-2022","year":null,"value":130248.153,"unit":"m³/day","metric":"Reported treated effluent","original_value":130248.153,"original_unit":"m³/day","source_row":11929,"quality_location":2,"quality_waste":1,"status":"Not Reported","estimated":false}},{"type":"Feature","id":"hydrowaste-45494","geometry":{"type":"Point","coordinates":[111.642,40.76]},"properties":{"id":"hydrowaste-45494","type":"wastewater-treatment","name":"Nei Mongol","country":"CHN","source_id":"hydrowaste-2022","year":null,"value":130000.0,"unit":"m³/day","metric":"Reported treated effluent","original_value":130000.0,"original_unit":"m³/day","source_row":45494,"quality_location":4,"quality_waste":1,"status":"Not Reported","estimated":false}},{"type":"Feature","id":"hydrowaste-46174","geometry":{"type":"Point","coordinates":[117.085,30.511]},"properties":{"id":"hydrowaste-46174","type":"wastewater-treatment","name":"Anhui","country":"CHN","source_id":"hydrowaste-2022","year":null,"value":130000.0,"unit":"m³/day","metric":"Reported treated effluent","original_value":130000.0,"original_unit":"m³/day","source_row":46174,"quality_location":4,"quality_waste":1,"status":"Not Reported","estimated":false}},{"type":"Feature","id":"hydrowaste-24536","geometry":{"type":"Point","coordinates":[18.092,59.321]},"properties":{"id":"hydrowaste-24536","type":"wastewater-treatment","name":"BROMMA RENINGSVERK","country":"SWE","source_id":"hydrowaste-2022","year":null,"value":129863.014,"unit":"m³/day","metric":"Reported treated effluent","original_value":129863.014,"original_unit":"m³/day","source_row":24536,"quality_location":2,"quality_waste":1,"status":"Not Reported","estimated":false}},{"type":"Feature","id":"hydrowaste-35163","geometry":{"type":"Point","coordinates":[-84.432,39.102]},"properties":{"id":"hydrowaste-35163","type":"wastewater-treatment","name":"MSD Little Miami Drainage Basin","country":"USA","source_id":"hydrowaste-2022","year":null,"value":129839.625,"unit":"m³/day","metric":"Reported treated effluent","original_value":129839.625,"original_unit":"m³/day","source_row":35163,"quality_location":2,"quality_waste":1,"status":"Not Reported","estimated":false}},{"type":"Feature","id":"hydrowaste-39747","geometry":{"type":"Point","coordinates":[-65.885,18.436]},"properties":{"id":"hydrowaste-39747","type":"wastewater-treatment","name":"Carolina Regional WWTP","country":"USA","source_id":"hydrowaste-2022","year":null,"value":129347.521,"unit":"m³/day","metric":"Reported treated effluent","original_value":129347.521,"original_unit":"m³/day","source_row":39747,"quality_location":2,"quality_waste":1,"status":"Not Reported","estimated":false}},{"type":"Feature","id":"hydrowaste-42787","geometry":{"type":"Point","coordinates":[-99.093,19.358]},"properties":{"id":"hydrowaste-42787","type":"wastewater-treatment","name":"Cerro de La Estrella","country":"MEX","source_id":"hydrowaste-2022","year":null,"value":129254.4,"unit":"m³/day","metric":"Reported treated effluent","original_value":129254.4,"original_unit":"m³/day","source_row":42787,"quality_location":3,"quality_waste":1,"status":"Not Reported","estimated":false}},{"type":"Feature","id":"hydrowaste-45668","geometry":{"type":"Point","coordinates":[126.49,43.931]},"properties":{"id":"hydrowaste-45668","type":"wastewater-treatment","name":"Jilin","country":"CHN","source_id":"hydrowaste-2022","year":null,"value":129000.0,"unit":"m³/day","metric":"Reported treated effluent","original_value":129000.0,"original_unit":"m³/day","source_row":45668,"quality_location":4,"quality_waste":1,"status":"Not Reported","estimated":false}},{"type":"Feature","id":"hydrowaste-46310","geometry":{"type":"Point","coordinates":[115.981,28.728]},"properties":{"id":"hydrowaste-46310","type":"wastewater-treatment","name":"Jiangxi","country":"CHN","source_id":"hydrowaste-2022","year":null,"value":129000.0,"unit":"m³/day","metric":"Reported treated effluent","original_value":129000.0,"original_unit":"m³/day","source_row":46310,"quality_location":4,"quality_waste":1,"status":"Not Reported","estimated":false}},{"type":"Feature","id":"hydrowaste-47499","geometry":{"type":"Point","coordinates":[108.846,34.25]},"properties":{"id":"hydrowaste-47499","type":"wastewater-treatment","name":"Shaanxi","country":"CHN","source_id":"hydrowaste-2022","year":null,"value":129000.0,"unit":"m³/day","metric":"Reported treated effluent","original_value":129000.0,"original_unit":"m³/day","source_row":47499,"quality_location":4,"quality_waste":1,"status":"Not Reported","estimated":false}},{"type":"Feature","id":"hydrowaste-33573","geometry":{"type":"Point","coordinates":[-74.125,40.637]},"properties":{"id":"hydrowaste-33573","type":"wastewater-treatment","name":"New York C   Port Richmond WPCP","country":"USA","source_id":"hydrowaste-2022","year":null,"value":128817.564,"unit":"m³/day","metric":"Reported treated effluent","original_value":128817.564,"original_unit":"m³/day","source_row":33573,"quality_location":2,"quality_waste":1,"status":"Not Reported","estimated":false}},{"type":"Feature","id":"hydrowaste-36294","geometry":{"type":"Point","coordinates":[-75.457,40.605]},"properties":{"id":"hydrowaste-36294","type":"wastewater-treatment","name":"ALLENTOWN CITY STP","country":"USA","source_id":"hydrowaste-2022","year":null,"value":128704.001,"unit":"m³/day","metric":"Reported treated effluent","original_value":128704.001,"original_unit":"m³/day","source_row":36294,"quality_location":2,"quality_waste":1,"status":"Not Reported","estimated":false}},{"type":"Feature","id":"hydrowaste-37954","geometry":{"type":"Point","coordinates":[-94.131,29.991]},"properties":{"id":"hydrowaste-37954","type":"wastewater-treatment","name":"Hillebrandt WWTP","country":"USA","source_id":"hydrowaste-2022","year":null,"value":128704.001,"unit":"m³/day","metric":"Reported treated effluent","original_value":128704.001,"original_unit":"m³/day","source_row":37954,"quality_location":2,"quality_waste":1,"status":"Not Reported","estimated":false}},{"type":"Feature","id":"hydrowaste-38445","geometry":{"type":"Point","coordinates":[-77.263,37.293]},"properties":{"id":"hydrowaste-38445","type":"wastewater-treatment","name":"HOPEWELL REGIONAL WWTP","country":"USA","source_id":"hydrowaste-2022","year":null,"value":128325.46,"unit":"m³/day","metric":"Reported treated effluent","original_value":128325.46,"original_unit":"m³/day","source_row":38445,"quality_location":2,"quality_waste":1,"status":"Not Reported","estimated":false}},{"type":"Feature","id":"hydrowaste-46638","geometry":{"type":"Point","coordinates":[114.058,33.581]},"properties":{"id":"hydrowaste-46638","type":"wastewater-treatment","name":"Henan","country":"CHN","source_id":"hydrowaste-2022","year":null,"value":128000.0,"unit":"m³/day","metric":"Reported treated effluent","original_value":128000.0,"original_unit":"m³/day","source_row":46638,"quality_location":4,"quality_waste":1,"status":"Not Reported","estimated":false}},{"type":"Feature","id":"hydrowaste-45880","geometry":{"type":"Point","coordinates":[120.586,31.264]},"properties":{"id":"hydrowaste-45880","type":"wastewater-treatment","name":"Jiangsu","country":"CHN","source_id":"hydrowaste-2022","year":null,"value":127100.0,"unit":"m³/day","metric":"Reported treated effluent","original_value":127100.0,"original_unit":"m³/day","source_row":45880,"quality_location":4,"quality_waste":1,"status":"Not Reported","estimated":false}},{"type":"Feature","id":"hydrowaste-26209","geometry":{"type":"Point","coordinates":[-117.457,33.964]},"properties":{"id":"hydrowaste-26209","type":"wastewater-treatment","name":"Riverside Regional WQCP","country":"USA","source_id":"hydrowaste-2022","year":null,"value":126811.295,"unit":"m³/day","metric":"Reported treated effluent","original_value":126811.295,"original_unit":"m³/day","source_row":26209,"quality_location":2,"quality_waste":1,"status":"Not Reported","estimated":false}},{"type":"Feature","id":"hydrowaste-30171","geometry":{"type":"Point","coordinates":[-89.895,30.117]},"properties":{"id":"hydrowaste-30171","type":"wastewater-treatment","name":"Central Wetlands","country":"USA","source_id":"hydrowaste-2022","year":null,"value":126659.875,"unit":"m³/day","metric":"Reported treated effluent","original_value":126659.875,"original_unit":"m³/day","source_row":30171,"quality_location":2,"quality_waste":1,"status":"Projected","estimated":false}},{"type":"Feature","id":"hydrowaste-34102","geometry":{"type":"Point","coordinates":[-79.047,43.083]},"properties":{"id":"hydrowaste-34102","type":"wastewater-treatment","name":"Niagara Falls C WWTP","country":"USA","source_id":"hydrowaste-2022","year":null,"value":126652.308,"unit":"m³/day","metric":"Reported treated effluent","original_value":126652.308,"original_unit":"m³/day","source_row":34102,"quality_location":2,"quality_waste":1,"status":"Not Reported","estimated":false}},{"type":"Feature","id":"hydrowaste-27696","geometry":{"type":"Point","coordinates":[-89.001,39.84]},"properties":{"id":"hydrowaste-27696","type":"wastewater-treatment","name":"Decatur Sanitary District","country":"USA","source_id":"hydrowaste-2022","year":null,"value":126622.025,"unit":"m³/day","metric":"Reported treated effluent","original_value":126622.025,"original_unit":"m³/day","source_row":27696,"quality_location":2,"quality_waste":1,"status":"Not Reported","estimated":false}},{"type":"Feature","id":"hydrowaste-28622","geometry":{"type":"Point","coordinates":[-93.558,41.572]},"properties":{"id":"hydrowaste-28622","type":"wastewater-treatment","name":"DES MOINES METRO WRA WWTP","country":"USA","source_id":"hydrowaste-2022","year":null,"value":126243.484,"unit":"m³/day","metric":"Reported treated effluent","original_value":126243.484,"original_unit":"m³/day","source_row":28622,"quality_location":2,"quality_waste":1,"status":"Not Reported","estimated":false}},{"type":"Feature","id":"hydrowaste-45881","geometry":{"type":"Point","coordinates":[120.656,31.334]},"properties":{"id":"hydrowaste-45881","type":"wastewater-treatment","name":"Jiangsu","country":"CHN","source_id":"hydrowaste-2022","year":null,"value":126000.0,"unit":"m³/day","metric":"Reported treated effluent","original_value":126000.0,"original_unit":"m³/day","source_row":45881,"quality_location":4,"quality_waste":1,"status":"Not Reported","estimated":false}},{"type":"Feature","id":"hydrowaste-38007","geometry":{"type":"Point","coordinates":[-95.451,29.689]},"properties":{"id":"hydrowaste-38007","type":"wastewater-treatment","name":"Southwest   Houston","country":"USA","source_id":"hydrowaste-2022","year":null,"value":125297.131,"unit":"m³/day","metric":"Reported treated effluent","original_value":125297.131,"original_unit":"m³/day","source_row":38007,"quality_location":2,"quality_waste":1,"status":"Not Reported","estimated":false}},{"type":"Feature","id":"hydrowaste-53133","geometry":{"type":"Point","coordinates":[-73.261,-3.718]},"properties":{"id":"hydrowaste-53133","type":"wastewater-treatment","name":"PTAR 1","country":"PER","source_id":"hydrowaste-2022","year":null,"value":125280.0,"unit":"m³/day","metric":"Reported treated effluent","original_value":125280.0,"original_unit":"m³/day","source_row":53133,"quality_location":1,"quality_waste":1,"status":"Not Reported","estimated":false}},{"type":"Feature","id":"hydrowaste-46779","geometry":{"type":"Point","coordinates":[110.808,32.598]},"properties":{"id":"hydrowaste-46779","type":"wastewater-treatment","name":"Hubei","country":"CHN","source_id":"hydrowaste-2022","year":null,"value":125000.0,"unit":"m³/day","metric":"Reported treated effluent","original_value":125000.0,"original_unit":"m³/day","source_row":46779,"quality_location":4,"quality_waste":1,"status":"Not Reported","estimated":false}},{"type":"Feature","id":"hydrowaste-30354","geometry":{"type":"Point","coordinates":[-91.137,30.35]},"properties":{"id":"hydrowaste-30354","type":"wastewater-treatment","name":"BATON ROUGE SOUTH WWTP","country":"USA","source_id":"hydrowaste-2022","year":null,"value":124918.589,"unit":"m³/day","metric":"Reported treated effluent","original_value":124918.589,"original_unit":"m³/day","source_row":30354,"quality_location":2,"quality_waste":1,"status":"Not Reported","estimated":false}},{"type":"Feature","id":"hydrowaste-47096","geometry":{"type":"Point","coordinates":[113.778,22.749]},"properties":{"id":"hydrowaste-47096","type":"wastewater-treatment","name":"Guangdong","country":"CHN","source_id":"hydrowaste-2022","year":null,"value":124200.0,"unit":"m³/day","metric":"Reported treated effluent","original_value":124200.0,"original_unit":"m³/day","source_row":47096,"quality_location":4,"quality_waste":1,"status":"Not Reported","estimated":false}},{"type":"Feature","id":"hydrowaste-45730","geometry":{"type":"Point","coordinates":[121.28,31.403]},"properties":{"id":"hydrowaste-45730","type":"wastewater-treatment","name":"Shanghai","country":"CHN","source_id":"hydrowaste-2022","year":null,"value":123900.0,"unit":"m³/day","metric":"Reported treated effluent","original_value":123900.0,"original_unit":"m³/day","source_row":45730,"quality_location":4,"quality_waste":1,"status":"Not Reported","estimated":false}},{"type":"Feature","id":"hydrowaste-45243","geometry":{"type":"Point","coordinates":[114.468,37.983]},"properties":{"id":"hydrowaste-45243","type":"wastewater-treatment","name":"Hebei","country":"CHN","source_id":"hydrowaste-2022","year":null,"value":123500.0,"unit":"m³/day","metric":"Reported treated effluent","original_value":123500.0,"original_unit":"m³/day","source_row":45243,"quality_location":4,"quality_waste":1,"status":"Not Reported","estimated":false}},{"type":"Feature","id":"hydrowaste-46542","geometry":{"type":"Point","coordinates":[118.785,36.956]},"properties":{"id":"hydrowaste-46542","type":"wastewater-treatment","name":"Shandong","country":"CHN","source_id":"hydrowaste-2022","year":null,"value":123400.0,"unit":"m³/day","metric":"Reported treated effluent","original_value":123400.0,"original_unit":"m³/day","source_row":46542,"quality_location":4,"quality_waste":1,"status":"Not Reported","estimated":false}},{"type":"Feature","id":"hydrowaste-37605","geometry":{"type":"Point","coordinates":[-106.323,31.65]},"properties":{"id":"hydrowaste-37605","type":"wastewater-treatment","name":"Roberto Bustamante WWTP","country":"USA","source_id":"hydrowaste-2022","year":null,"value":123377.927,"unit":"m³/day","metric":"Reported treated effluent","original_value":123377.927,"original_unit":"m³/day","source_row":37605,"quality_location":2,"quality_waste":1,"status":"Not Reported","estimated":false}},{"type":"Feature","id":"hydrowaste-37743","geometry":{"type":"Point","coordinates":[-97.605,30.208]},"properties":{"id":"hydrowaste-37743","type":"wastewater-treatment","name":"SOUTH AUSTIN REGIONAL STP","country":"USA","source_id":"hydrowaste-2022","year":null,"value":123025.883,"unit":"m³/day","metric":"Reported treated effluent","original_value":123025.883,"original_unit":"m³/day","source_row":37743,"quality_location":2,"quality_waste":1,"status":"Not Reported","estimated":false}},{"type":"Feature","id":"hydrowaste-29859","geometry":{"type":"Point","coordinates":[-84.617,39.059]},"properties":{"id":"hydrowaste-29859","type":"wastewater-treatment","name":"N KY SD1   DRY CREEK STP","country":"USA","source_id":"hydrowaste-2022","year":null,"value":122912.321,"unit":"m³/day","metric":"Reported treated effluent","original_value":122912.321,"original_unit":"m³/day","source_row":29859,"quality_location":2,"quality_waste":1,"status":"Not Reported","estimated":false}},{"type":"Feature","id":"hydrowaste-47502","geometry":{"type":"Point","coordinates":[109.008,34.374]},"properties":{"id":"hydrowaste-47502","type":"wastewater-treatment","name":"Shaanxi","country":"CHN","source_id":"hydrowaste-2022","year":null,"value":122800.0,"unit":"m³/day","metric":"Reported treated effluent","original_value":122800.0,"original_unit":"m³/day","source_row":47502,"quality_location":4,"quality_waste":1,"status":"Not Reported","estimated":false}},{"type":"Feature","id":"hydrowaste-14426","geometry":{"type":"Point","coordinates":[10.767,59.883]},"properties":{"id":"hydrowaste-14426","type":"wastewater-treatment","name":"Bekkelaget renseanlegg med tilforselstuneller og overlop","country":"NOR","source_id":"hydrowaste-2022","year":null,"value":122453.192,"unit":"m³/day","metric":"Reported treated effluent","original_value":122453.192,"original_unit":"m³/day","source_row":14426,"quality_location":2,"quality_waste":1,"status":"Not Reported","estimated":false}},{"type":"Feature","id":"hydrowaste-27014","geometry":{"type":"Point","coordinates":[-84.573,33.745]},"properties":{"id":"hydrowaste-27014","type":"wastewater-treatment","name":"UTOY CREEK WWTP","country":"USA","source_id":"hydrowaste-2022","year":null,"value":122321.797,"unit":"m³/day","metric":"Reported treated effluent","original_value":122321.797,"original_unit":"m³/day","source_row":27014,"quality_location":2,"quality_waste":1,"status":"Not Reported","estimated":false}},{"type":"Feature","id":"hydrowaste-41481","geometry":{"type":"Point","coordinates":[-49.265,-16.637]},"properties":{"id":"hydrowaste-41481","type":"wastewater-treatment","name":"ETE DR HeLIO SEIXO DE BRITTO","country":"BRA","source_id":"hydrowaste-2022","year":null,"value":122256.0,"unit":"m³/day","metric":"Reported treated effluent","original_value":122256.0,"original_unit":"m³/day","source_row":41481,"quality_location":2,"quality_waste":1,"status":"Not Reported","estimated":false}},{"type":"Feature","id":"hydrowaste-27015","geometry":{"type":"Point","coordinates":[-84.573,33.745]},"properties":{"id":"hydrowaste-27015","type":"wastewater-treatment","name":"SOUTH RIVER WWTP","country":"USA","source_id":"hydrowaste-2022","year":null,"value":122117.385,"unit":"m³/day","metric":"Reported treated effluent","original_value":122117.385,"original_unit":"m³/day","source_row":27015,"quality_location":2,"quality_waste":1,"status":"Not Reported","estimated":false}},{"type":"Feature","id":"hydrowaste-30872","geometry":{"type":"Point","coordinates":[-86.063,43.264]},"properties":{"id":"hydrowaste-30872","type":"wastewater-treatment","name":"MUSKEGON CO METRO STP","country":"USA","source_id":"hydrowaste-2022","year":null,"value":122079.531,"unit":"m³/day","metric":"Reported treated effluent","original_value":122079.531,"original_unit":"m³/day","source_row":30872,"quality_location":2,"quality_waste":1,"status":"Not Reported","estimated":false}},{"type":"Feature","id":"hydrowaste-46116","geometry":{"type":"Point","coordinates":[121.523,29.836]},"properties":{"id":"hydrowaste-46116","type":"wastewater-treatment","name":"Zhejiang","country":"CHN","source_id":"hydrowaste-2022","year":null,"value":122000.0,"unit":"m³/day","metric":"Reported treated effluent","original_value":122000.0,"original_unit":"m³/day","source_row":46116,"quality_location":4,"quality_waste":1,"status":"Not Reported","estimated":false}},{"type":"Feature","id":"hydrowaste-36040","geometry":{"type":"Point","coordinates":[-122.95,45.498]},"properties":{"id":"hydrowaste-36040","type":"wastewater-treatment","name":"ROCK CREEK STP","country":"USA","source_id":"hydrowaste-2022","year":null,"value":121208.886,"unit":"m³/day","metric":"Reported treated effluent","original_value":121208.886,"original_unit":"m³/day","source_row":36040,"quality_location":2,"quality_waste":1,"status":"Not Reported","estimated":false}},{"type":"Feature","id":"hydrowaste-26471","geometry":{"type":"Point","coordinates":[-104.986,40.006]},"properties":{"id":"hydrowaste-26471","type":"wastewater-treatment","name":"Metro Wastewater Reclamation District   NTP","country":"USA","source_id":"hydrowaste-2022","year":null,"value":121133.18,"unit":"m³/day","metric":"Reported treated effluent","original_value":121133.18,"original_unit":"m³/day","source_row":26471,"quality_location":2,"quality_waste":1,"status":"Projected","estimated":false}},{"type":"Feature","id":"hydrowaste-25947","geometry":{"type":"Point","coordinates":[-118.103,33.88]},"properties":{"id":"hydrowaste-25947","type":"wastewater-treatment","name":"Los Coyotes WRP","country":"USA","source_id":"hydrowaste-2022","year":null,"value":121133.178,"unit":"m³/day","metric":"Reported treated effluent","original_value":121133.178,"original_unit":"m³/day","source_row":25947,"quality_location":2,"quality_waste":1,"status":"Not Reported","estimated":false}},{"type":"Feature","id":"hydrowaste-32964","geometry":{"type":"Point","coordinates":[-95.929,41.208]},"properties":{"id":"hydrowaste-32964","type":"wastewater-treatment","name":"MISSOURI RIVER STP","country":"USA","source_id":"hydrowaste-2022","year":null,"value":121133.178,"unit":"m³/day","metric":"Reported treated effluent","original_value":121133.178,"original_unit":"m³/day","source_row":32964,"quality_location":2,"quality_waste":1,"status":"Not Reported","estimated":false}},{"type":"Feature","id":"hydrowaste-33150","geometry":{"type":"Point","coordinates":[-119.703,39.519]},"properties":{"id":"hydrowaste-33150","type":"wastewater-treatment","name":"Reno City of   TMWRF","country":"USA","source_id":"hydrowaste-2022","year":null,"value":121133.178,"unit":"m³/day","metric":"Reported treated effluent","original_value":121133.178,"original_unit":"m³/day","source_row":33150,"quality_location":2,"quality_waste":1,"status":"Not Reported","estimated":false}},{"type":"Feature","id":"hydrowaste-43420","geometry":{"type":"Point","coordinates":[-103.442,25.544]},"properties":{"id":"hydrowaste-43420","type":"wastewater-treatment","name":"Torreon","country":"MEX","source_id":"hydrowaste-2022","year":null,"value":120960.0,"unit":"m³/day","metric":"Reported treated effluent","original_value":120960.0,"original_unit":"m³/day","source_row":43420,"quality_location":3,"quality_waste":1,"status":"Not Reported","estimated":false}},{"type":"Feature","id":"hydrowaste-47510","geometry":{"type":"Point","coordinates":[107.226,34.362]},"properties":{"id":"hydrowaste-47510","type":"wastewater-treatment","name":"Shaanxi","country":"CHN","source_id":"hydrowaste-2022","year":null,"value":120700.0,"unit":"m³/day","metric":"Reported treated effluent","original_value":120700.0,"original_unit":"m³/day","source_row":47510,"quality_location":4,"quality_waste":1,"status":"Not Reported","estimated":false}},{"type":"Feature","id":"hydrowaste-33253","geometry":{"type":"Point","coordinates":[-74.259,40.6]},"properties":{"id":"hydrowaste-33253","type":"wastewater-treatment","name":"Rahway Valley SA   CS_CSO_STP","country":"USA","source_id":"hydrowaste-2022","year":null,"value":120565.366,"unit":"m³/day","metric":"Reported treated effluent","original_value":120565.366,"original_unit":"m³/day","source_row":33253,"quality_location":2,"quality_waste":1,"status":"Not Reported","estimated":false}},{"type":"Feature","id":"hydrowaste-27022","geometry":{"type":"Point","coordinates":[-84.457,33.83]},"properties":{"id":"hydrowaste-27022","type":"wastewater-treatment","name":"COBB COUNTY SUTTON WPCP","country":"USA","source_id":"hydrowaste-2022","year":null,"value":120527.512,"unit":"m³/day","metric":"Reported treated effluent","original_value":120527.512,"original_unit":"m³/day","source_row":27022,"quality_location":2,"quality_waste":1,"status":"Not Reported","estimated":false}},{"type":"Feature","id":"hydrowaste-45930","geometry":{"type":"Point","coordinates":[120.376,31.498]},"properties":{"id":"hydrowaste-45930","type":"wastewater-treatment","name":"Jiangsu","country":"CHN","source_id":"hydrowaste-2022","year":null,"value":120200.0,"unit":"m³/day","metric":"Reported treated effluent","original_value":120200.0,"original_unit":"m³/day","source_row":45930,"quality_location":4,"quality_waste":1,"status":"Not Reported","estimated":false}},{"type":"Feature","id":"hydrowaste-14727","geometry":{"type":"Point","coordinates":[-22.003,64.187]},"properties":{"id":"hydrowaste-14727","type":"wastewater-treatment","name":"Fraveita   Veitur Klettagordum","country":"ISL","source_id":"hydrowaste-2022","year":null,"value":120182.4,"unit":"m³/day","metric":"Reported treated effluent","original_value":120182.4,"original_unit":"m³/day","source_row":14727,"quality_location":2,"quality_waste":1,"status":"Not Reported","estimated":false}},{"type":"Feature","id":"hydrowaste-46823","geometry":{"type":"Point","coordinates":[112.956,28.22]},"properties":{"id":"hydrowaste-46823","type":"wastewater-treatment","name":"Hunan","country":"CHN","source_id":"hydrowaste-2022","year":null,"value":120000.0,"unit":"m³/day","metric":"Reported treated effluent","original_value":120000.0,"original_unit":"m³/day","source_row":46823,"quality_location":4,"quality_waste":1,"status":"Not Reported","estimated":false}},{"type":"Feature","id":"hydrowaste-46853","geometry":{"type":"Point","coordinates":[112.58,26.902]},"properties":{"id":"hydrowaste-46853","type":"wastewater-treatment","name":"Hunan","country":"CHN","source_id":"hydrowaste-2022","year":null,"value":120000.0,"unit":"m³/day","metric":"Reported treated effluent","original_value":120000.0,"original_unit":"m³/day","source_row":46853,"quality_location":4,"quality_waste":1,"status":"Not Reported","estimated":false}},{"type":"Feature","id":"hydrowaste-47558","geometry":{"type":"Point","coordinates":[103.935,36.052]},"properties":{"id":"hydrowaste-47558","type":"wastewater-treatment","name":"Gansu","country":"CHN","source_id":"hydrowaste-2022","year":null,"value":119400.0,"unit":"m³/day","metric":"Reported treated effluent","original_value":119400.0,"original_unit":"m³/day","source_row":47558,"quality_location":4,"quality_waste":1,"status":"Not Reported","estimated":false}},{"type":"Feature","id":"hydrowaste-35022","geometry":{"type":"Point","coordinates":[-81.37,40.752]},"properties":{"id":"hydrowaste-35022","type":"wastewater-treatment","name":"Canton WWTP and Sewer System","country":"USA","source_id":"hydrowaste-2022","year":null,"value":119089.055,"unit":"m³/day","metric":"Reported treated effluent","original_value":119089.055,"original_unit":"m³/day","source_row":35022,"quality_location":2,"quality_waste":1,"status":"Not Reported","estimated":false}},{"type":"Feature","id":"hydrowaste-47106","geometry":{"type":"Point","coordinates":[114.25,22.562]},"properties":{"id":"hydrowaste-47106","type":"wastewater-treatment","name":"Guangdong","country":"CHN","source_id":"hydrowaste-2022","year":null,"value":119000.0,"unit":"m³/day","metric":"Reported treated effluent","original_value":119000.0,"original_unit":"m³/day","source_row":47106,"quality_location":4,"quality_waste":1,"status":"Not Reported","estimated":false}},{"type":"Feature","id":"hydrowaste-33325","geometry":{"type":"Point","coordinates":[-74.428,39.37]},"properties":{"id":"hydrowaste-33325","type":"wastewater-treatment","name":"Atlantic County UA WWTF CS_STP","country":"USA","source_id":"hydrowaste-2022","year":null,"value":118608.308,"unit":"m³/day","metric":"Reported treated effluent","original_value":118608.308,"original_unit":"m³/day","source_row":33325,"quality_location":2,"quality_waste":1,"status":"Not Reported","estimated":false}},{"type":"Feature","id":"hydrowaste-38576","geometry":{"type":"Point","coordinates":[-122.178,47.994]},"properties":{"id":"hydrowaste-38576","type":"wastewater-treatment","name":"Everett WWTP","country":"USA","source_id":"hydrowaste-2022","year":null,"value":118483.389,"unit":"m³/day","metric":"Reported treated effluent","original_value":118483.389,"original_unit":"m³/day","source_row":38576,"quality_location":2,"quality_waste":1,"status":"Not Reported","estimated":false}},{"type":"Feature","id":"hydrowaste-38146","geometry":{"type":"Point","coordinates":[-111.93,40.813]},"properties":{"id":"hydrowaste-38146","type":"wastewater-treatment","name":"SALT LAKE CITY","country":"USA","source_id":"hydrowaste-2022","year":null,"value":118104.848,"unit":"m³/day","metric":"Reported treated effluent","original_value":118104.848,"original_unit":"m³/day","source_row":38146,"quality_location":2,"quality_waste":1,"status":"Not Reported","estimated":false}},{"type":"Feature","id":"hydrowaste-8047","geometry":{"type":"Point","coordinates":[-5.825,43.406]},"properties":{"id":"hydrowaste-8047","type":"wastewater-treatment","name":"VILLAPEREZ","country":"ESP","source_id":"hydrowaste-2022","year":null,"value":117845.348,"unit":"m³/day","metric":"Reported treated effluent","original_value":117845.348,"original_unit":"m³/day","source_row":8047,"quality_location":2,"quality_waste":1,"status":"Not Reported","estimated":false}},{"type":"Feature","id":"hydrowaste-46046","geometry":{"type":"Point","coordinates":[119.978,30.044]},"properties":{"id":"hydrowaste-46046","type":"wastewater-treatment","name":"Zhejiang","country":"CHN","source_id":"hydrowaste-2022","year":null,"value":117500.0,"unit":"m³/day","metric":"Reported treated effluent","original_value":117500.0,"original_unit":"m³/day","source_row":46046,"quality_location":4,"quality_waste":1,"status":"Not Reported","estimated":false}},{"type":"Feature","id":"hydrowaste-30717","geometry":{"type":"Point","coordinates":[-71.129,42.715]},"properties":{"id":"hydrowaste-30717","type":"wastewater-treatment","name":"Greater Lawrence Sanitary District","country":"USA","source_id":"hydrowaste-2022","year":null,"value":117347.766,"unit":"m³/day","metric":"Reported treated effluent","original_value":117347.766,"original_unit":"m³/day","source_row":30717,"quality_location":2,"quality_waste":1,"status":"Not Reported","estimated":false}},{"type":"Feature","id":"hydrowaste-3964","geometry":{"type":"Point","coordinates":[10.708,45.419]},"properties":{"id":"hydrowaste-3964","type":"wastewater-treatment","name":"PESCHIERA_DEL_GARDA_PARADISO","country":"ITA","source_id":"hydrowaste-2022","year":null,"value":117079.43,"unit":"m³/day","metric":"Reported treated effluent","original_value":117079.43,"original_unit":"m³/day","source_row":3964,"quality_location":2,"quality_waste":1,"status":"Not Reported","estimated":false}},{"type":"Feature","id":"hydrowaste-30745","geometry":{"type":"Point","coordinates":[-71.194,41.677]},"properties":{"id":"hydrowaste-30745","type":"wastewater-treatment","name":"Fall River Public Works Department","country":"USA","source_id":"hydrowaste-2022","year":null,"value":116969.225,"unit":"m³/day","metric":"Reported treated effluent","original_value":116969.225,"original_unit":"m³/day","source_row":30745,"quality_location":2,"quality_waste":1,"status":"Not Reported","estimated":false}},{"type":"Feature","id":"hydrowaste-38431","geometry":{"type":"Point","coordinates":[-79.915,37.264]},"properties":{"id":"hydrowaste-38431","type":"wastewater-treatment","name":"Western Virginia Water Auth WWTP","country":"USA","source_id":"hydrowaste-2022","year":null,"value":116969.225,"unit":"m³/day","metric":"Reported treated effluent","original_value":116969.225,"original_unit":"m³/day","source_row":38431,"quality_location":2,"quality_waste":1,"status":"Not Reported","estimated":false}},{"type":"Feature","id":"hydrowaste-46686","geometry":{"type":"Point","coordinates":[113.847,35.315]},"properties":{"id":"hydrowaste-46686","type":"wastewater-treatment","name":"Henan","country":"CHN","source_id":"hydrowaste-2022","year":null,"value":116800.0,"unit":"m³/day","metric":"Reported treated effluent","original_value":116800.0,"original_unit":"m³/day","source_row":46686,"quality_location":4,"quality_waste":1,"status":"Not Reported","estimated":false}},{"type":"Feature","id":"hydrowaste-42850","geometry":{"type":"Point","coordinates":[-99.898,16.871]},"properties":{"id":"hydrowaste-42850","type":"wastewater-treatment","name":"Aguas Blancas","country":"MEX","source_id":"hydrowaste-2022","year":null,"value":116640.0,"unit":"m³/day","metric":"Reported treated effluent","original_value":116640.0,"original_unit":"m³/day","source_row":42850,"quality_location":3,"quality_waste":1,"status":"Not Reported","estimated":false}},{"type":"Feature","id":"hydrowaste-43187","geometry":{"type":"Point","coordinates":[-106.487,31.739]},"properties":{"id":"hydrowaste-43187","type":"wastewater-treatment","name":"Norte","country":"MEX","source_id":"hydrowaste-2022","year":null,"value":116640.0,"unit":"m³/day","metric":"Reported treated effluent","original_value":116640.0,"original_unit":"m³/day","source_row":43187,"quality_location":3,"quality_waste":1,"status":"Not Reported","estimated":false}},{"type":"Feature","id":"hydrowaste-45573","geometry":{"type":"Point","coordinates":[122.919,41.16]},"properties":{"id":"hydrowaste-45573","type":"wastewater-treatment","name":"Liaoning","country":"CHN","source_id":"hydrowaste-2022","year":null,"value":116500.0,"unit":"m³/day","metric":"Reported treated effluent","original_value":116500.0,"original_unit":"m³/day","source_row":45573,"quality_location":4,"quality_waste":1,"status":"Not Reported","estimated":false}},{"type":"Feature","id":"hydrowaste-26575","geometry":{"type":"Point","coordinates":[-72.903,41.283]},"properties":{"id":"hydrowaste-26575","type":"wastewater-treatment","name":"NEW HAVEN EAST SHORE WPCF","country":"USA","source_id":"hydrowaste-2022","year":null,"value":116249.996,"unit":"m³/day","metric":"Reported treated effluent","original_value":116249.996,"original_unit":"m³/day","source_row":26575,"quality_location":2,"quality_waste":1,"status":"Not Reported","estimated":false}},{"type":"Feature","id":"hydrowaste-9302","geometry":{"type":"Point","coordinates":[-0.345,39.435]},"properties":{"id":"hydrowaste-9302","type":"wastewater-treatment","name":"PINEDO 1","country":"ESP","source_id":"hydrowaste-2022","year":null,"value":116043.441,"unit":"m³/day","metric":"Reported treated effluent","original_value":116043.441,"original_unit":"m³/day","source_row":9302,"quality_location":2,"quality_waste":1,"status":"Not Reported","estimated":false}},{"type":"Feature","id":"hydrowaste-45630","geometry":{"type":"Point","coordinates":[123.11,41.281]},"properties":{"id":"hydrowaste-45630","type":"wastewater-treatment","name":"Liaoning","country":"CHN","source_id":"hydrowaste-2022","year":null,"value":116000.0,"unit":"m³/day","metric":"Reported treated effluent","original_value":116000.0,"original_unit":"m³/day","source_row":45630,"quality_location":4,"quality_waste":1,"status":"Not Reported","estimated":false}},{"type":"Feature","id":"hydrowaste-46167","geometry":{"type":"Point","coordinates":[117.24,31.788]},"properties":{"id":"hydrowaste-46167","type":"wastewater-treatment","name":"Anhui","country":"CHN","source_id":"hydrowaste-2022","year":null,"value":116000.0,"unit":"m³/day","metric":"Reported treated effluent","original_value":116000.0,"original_unit":"m³/day","source_row":46167,"quality_location":4,"quality_waste":1,"status":"Not Reported","estimated":false}},{"type":"Feature","id":"hydrowaste-46807","geometry":{"type":"Point","coordinates":[111.31,30.701]},"properties":{"id":"hydrowaste-46807","type":"wastewater-treatment","name":"Hubei","country":"CHN","source_id":"hydrowaste-2022","year":null,"value":116000.0,"unit":"m³/day","metric":"Reported treated effluent","original_value":116000.0,"original_unit":"m³/day","source_row":46807,"quality_location":4,"quality_waste":1,"status":"Not Reported","estimated":false}},{"type":"Feature","id":"hydrowaste-27036","geometry":{"type":"Point","coordinates":[-82.018,33.423]},"properties":{"id":"hydrowaste-27036","type":"wastewater-treatment","name":"AUGUSTA WWTP","country":"USA","source_id":"hydrowaste-2022","year":null,"value":115985.018,"unit":"m³/day","metric":"Reported treated effluent","original_value":115985.018,"original_unit":"m³/day","source_row":27036,"quality_location":2,"quality_waste":1,"status":"Not Reported","estimated":false}},{"type":"Feature","id":"hydrowaste-42985","geometry":{"type":"Point","coordinates":[-100.151,25.813]},"properties":{"id":"hydrowaste-42985","type":"wastewater-treatment","name":"Noreste","country":"MEX","source_id":"hydrowaste-2022","year":null,"value":115776.0,"unit":"m³/day","metric":"Reported treated effluent","original_value":115776.0,"original_unit":"m³/day","source_row":42985,"quality_location":3,"quality_waste":1,"status":"Not Reported","estimated":false}},{"type":"Feature","id":"hydrowaste-47237","geometry":{"type":"Point","coordinates":[110.152,22.664]},"properties":{"id":"hydrowaste-47237","type":"wastewater-treatment","name":"Guangxi","country":"CHN","source_id":"hydrowaste-2022","year":null,"value":115200.0,"unit":"m³/day","metric":"Reported treated effluent","original_value":115200.0,"original_unit":"m³/day","source_row":47237,"quality_location":4,"quality_waste":1,"status":"Not Reported","estimated":false}},{"type":"Feature","id":"hydrowaste-45631","geometry":{"type":"Point","coordinates":[123.223,41.223]},"properties":{"id":"hydrowaste-45631","type":"wastewater-treatment","name":"Liaoning","country":"CHN","source_id":"hydrowaste-2022","year":null,"value":115000.0,"unit":"m³/day","metric":"Reported treated effluent","original_value":115000.0,"original_unit":"m³/day","source_row":45631,"quality_location":4,"quality_waste":1,"status":"Not Reported","estimated":false}},{"type":"Feature","id":"hydrowaste-47792","geometry":{"type":"Point","coordinates":[-81.282,42.976]},"properties":{"id":"hydrowaste-47792","type":"wastewater-treatment","name":"Greenway Pollution Control Centre","country":"CAN","source_id":"hydrowaste-2022","year":null,"value":114822.0,"unit":"m³/day","metric":"Reported treated effluent","original_value":114822.0,"original_unit":"m³/day","source_row":47792,"quality_location":2,"quality_waste":1,"status":"Operational","estimated":false}},{"type":"Feature","id":"hydrowaste-46277","geometry":{"type":"Point","coordinates":[118.606,24.883]},"properties":{"id":"hydrowaste-46277","type":"wastewater-treatment","name":"Fujian","country":"CHN","source_id":"hydrowaste-2022","year":null,"value":114800.0,"unit":"m³/day","metric":"Reported treated effluent","original_value":114800.0,"original_unit":"m³/day","source_row":46277,"quality_location":4,"quality_waste":1,"status":"Not Reported","estimated":false}},{"type":"Feature","id":"hydrowaste-45600","geometry":{"type":"Point","coordinates":[121.585,38.953]},"properties":{"id":"hydrowaste-45600","type":"wastewater-treatment","name":"Liaoning","country":"CHN","source_id":"hydrowaste-2022","year":null,"value":114700.0,"unit":"m³/day","metric":"Reported treated effluent","original_value":114700.0,"original_unit":"m³/day","source_row":45600,"quality_location":4,"quality_waste":1,"status":"Not Reported","estimated":false}},{"type":"Feature","id":"hydrowaste-37423","geometry":{"type":"Point","coordinates":[-83.933,35.944]},"properties":{"id":"hydrowaste-37423","type":"wastewater-treatment","name":"KUWAHEE WWTP","country":"USA","source_id":"hydrowaste-2022","year":null,"value":114591.986,"unit":"m³/day","metric":"Reported treated effluent","original_value":114591.986,"original_unit":"m³/day","source_row":37423,"quality_location":2,"quality_waste":1,"status":"Not Reported","estimated":false}},{"type":"Feature","id":"hydrowaste-25323","geometry":{"type":"Point","coordinates":[-112.106,33.427]},"properties":{"id":"hydrowaste-25323","type":"wastewater-treatment","name":"Phoenix 23rd Ave WWTP","country":"USA","source_id":"hydrowaste-2022","year":null,"value":113562.354,"unit":"m³/day","metric":"Reported treated effluent","original_value":113562.354,"original_unit":"m³/day","source_row":25323,"quality_location":2,"quality_waste":1,"status":"Not Reported","estimated":false}},{"type":"Feature","id":"hydrowaste-25872","geometry":{"type":"Point","coordinates":[-122.4,37.689]},"properties":{"id":"hydrowaste-25872","type":"wastewater-treatment","name":"Alvarado WWTF","country":"USA","source_id":"hydrowaste-2022","year":null,"value":113562.354,"unit":"m³/day","metric":"Reported treated effluent","original_value":113562.354,"original_unit":"m³/day","source_row":25872,"quality_location":2,"quality_waste":1,"status":"Not Reported","estimated":false}},{"type":"Feature","id":"hydrowaste-26674","geometry":{"type":"Point","coordinates":[-81.219,28.62]},"properties":{"id":"hydrowaste-26674","type":"wastewater-treatment","name":"Iron Bridge Regional WRF","country":"USA","source_id":"hydrowaste-2022","year":null,"value":113562.354,"unit":"m³/day","metric":"Reported treated effluent","original_value":113562.354,"original_unit":"m³/day","source_row":26674,"quality_location":2,"quality_waste":1,"status":"Not Reported","estimated":false}},{"type":"Feature","id":"hydrowaste-27034","geometry":{"type":"Point","coordinates":[-84.974,32.41]},"properties":{"id":"hydrowaste-27034","type":"wastewater-treatment","name":"SOUTH COLUMBUS WPCP","country":"USA","source_id":"hydrowaste-2022","year":null,"value":113562.354,"unit":"m³/day","metric":"Reported treated effluent","original_value":113562.354,"original_unit":"m³/day","source_row":27034,"quality_location":2,"quality_waste":1,"status":"Not Reported","estimated":false}},{"type":"Feature","id":"hydrowaste-27678","geometry":{"type":"Point","coordinates":[-89.093,42.222]},"properties":{"id":"hydrowaste-27678","type":"wastewater-treatment","name":"ROCK RIVER WRD","country":"USA","source_id":"hydrowaste-2022","year":null,"value":113562.354,"unit":"m³/day","metric":"Reported treated effluent","original_value":113562.354,"original_unit":"m³/day","source_row":27678,"quality_location":2,"quality_waste":1,"status":"Not Reported","estimated":false}},{"type":"Feature","id":"hydrowaste-30961","geometry":{"type":"Point","coordinates":[-83.02,42.533]},"properties":{"id":"hydrowaste-30961","type":"wastewater-treatment","name":"WARREN WWTP","country":"USA","source_id":"hydrowaste-2022","year":null,"value":113562.354,"unit":"m³/day","metric":"Reported treated effluent","original_value":113562.354,"original_unit":"m³/day","source_row":30961,"quality_location":2,"quality_waste":1,"status":"Not Reported","estimated":false}},{"type":"Feature","id":"hydrowaste-33131","geometry":{"type":"Point","coordinates":[-119.703,39.519]},"properties":{"id":"hydrowaste-33131","type":"wastewater-treatment","name":"RENO SPARKS WWTF","country":"USA","source_id":"hydrowaste-2022","year":null,"value":113562.354,"unit":"m³/day","metric":"Reported treated effluent","original_value":113562.354,"original_unit":"m³/day","source_row":33131,"quality_location":2,"quality_waste":1,"status":"Not Reported","estimated":false}},{"type":"Feature","id":"hydrowaste-39565","geometry":{"type":"Point","coordinates":[-87.994,44.533]},"properties":{"id":"hydrowaste-39565","type":"wastewater-treatment","name":"Green Bay MSD   Combined","country":"USA","source_id":"hydrowaste-2022","year":null,"value":113562.354,"unit":"m³/day","metric":"Reported treated effluent","original_value":113562.354,"original_unit":"m³/day","source_row":39565,"quality_location":2,"quality_waste":1,"status":"Not Reported","estimated":false}},{"type":"Feature","id":"hydrowaste-46970","geometry":{"type":"Point","coordinates":[114.107,22.845]},"properties":{"id":"hydrowaste-46970","type":"wastewater-treatment","name":"Guangdong","country":"CHN","source_id":"hydrowaste-2022","year":null,"value":113400.0,"unit":"m³/day","metric":"Reported treated effluent","original_value":113400.0,"original_unit":"m³/day","source_row":46970,"quality_location":4,"quality_waste":1,"status":"Not Reported","estimated":false}},{"type":"Feature","id":"hydrowaste-5028","geometry":{"type":"Point","coordinates":[11.359,44.553]},"properties":{"id":"hydrowaste-5028","type":"wastewater-treatment","name":"BOLOGNA_CORTICELLA","country":"ITA","source_id":"hydrowaste-2022","year":null,"value":113249.247,"unit":"m³/day","metric":"Reported treated effluent","original_value":113249.247,"original_unit":"m³/day","source_row":5028,"quality_location":2,"quality_waste":1,"status":"Not Reported","estimated":false}},{"type":"Feature","id":"hydrowaste-20074","geometry":{"type":"Point","coordinates":[6.733,51.196]},"properties":{"id":"hydrowaste-20074","type":"wastewater-treatment","name":"Dusseldorf Sud","country":"DEU","source_id":"hydrowaste-2022","year":null,"value":113160.0,"unit":"m³/day","metric":"Reported treated effluent","original_value":113160.0,"original_unit":"m³/day","source_row":20074,"quality_location":2,"quality_waste":1,"status":"Not Reported","estimated":false}},{"type":"Feature","id":"hydrowaste-20078","geometry":{"type":"Point","coordinates":[7.106,51.222]},"properties":{"id":"hydrowaste-20078","type":"wastewater-treatment","name":"Wuppertal Buchenhofen","country":"DEU","source_id":"hydrowaste-2022","year":null,"value":113088.0,"unit":"m³/day","metric":"Reported treated effluent","original_value":113088.0,"original_unit":"m³/day","source_row":20078,"quality_location":2,"quality_waste":1,"status":"Not Reported","estimated":false}},{"type":"Feature","id":"hydrowaste-29854","geometry":{"type":"Point","coordinates":[-85.897,38.089]},"properties":{"id":"hydrowaste-29854","type":"wastewater-treatment","name":"MSD   DEREK R GUTHRIE WWTP","country":"USA","source_id":"hydrowaste-2022","year":null,"value":112502.439,"unit":"m³/day","metric":"Reported treated effluent","original_value":112502.439,"original_unit":"m³/day","source_row":29854,"quality_location":2,"quality_waste":1,"status":"Not Reported","estimated":false}},{"type":"Feature","id":"hydrowaste-36047","geometry":{"type":"Point","coordinates":[-123.049,45.009]},"properties":{"id":"hydrowaste-36047","type":"wastewater-treatment","name":"SALEM WILLOW LAKE STP","country":"USA","source_id":"hydrowaste-2022","year":null,"value":112426.73,"unit":"m³/day","metric":"Reported treated effluent","original_value":112426.73,"original_unit":"m³/day","source_row":36047,"quality_location":2,"quality_waste":1,"status":"Not Reported","estimated":false}},{"type":"Feature","id":"hydrowaste-25259","geometry":{"type":"Point","coordinates":[-150.024,61.196]},"properties":{"id":"hydrowaste-25259","type":"wastewater-treatment","name":"POINT WORONZOF JOHN ASPLUND WWTP","country":"USA","source_id":"hydrowaste-2022","year":null,"value":112275.314,"unit":"m³/day","metric":"Reported treated effluent","original_value":112275.314,"original_unit":"m³/day","source_row":25259,"quality_location":2,"quality_waste":1,"status":"Not Reported","estimated":false}},{"type":"Feature","id":"hydrowaste-46975","geometry":{"type":"Point","coordinates":[113.888,22.885]},"properties":{"id":"hydrowaste-46975","type":"wastewater-treatment","name":"Guangdong","country":"CHN","source_id":"hydrowaste-2022","year":null,"value":112200.0,"unit":"m³/day","metric":"Reported treated effluent","original_value":112200.0,"original_unit":"m³/day","source_row":46975,"quality_location":4,"quality_waste":1,"status":"Not Reported","estimated":false}},{"type":"Feature","id":"hydrowaste-30720","geometry":{"type":"Point","coordinates":[-70.906,41.595]},"properties":{"id":"hydrowaste-30720","type":"wastewater-treatment","name":"New Bedford Wastewater District","country":"USA","source_id":"hydrowaste-2022","year":null,"value":112048.189,"unit":"m³/day","metric":"Reported treated effluent","original_value":112048.189,"original_unit":"m³/day","source_row":30720,"quality_location":2,"quality_waste":1,"status":"Not Reported","estimated":false}},{"type":"Feature","id":"hydrowaste-46412","geometry":{"type":"Point","coordinates":[118.534,37.448]},"properties":{"id":"hydrowaste-46412","type":"wastewater-treatment","name":"Shandong","country":"CHN","source_id":"hydrowaste-2022","year":null,"value":112000.0,"unit":"m³/day","metric":"Reported treated effluent","original_value":112000.0,"original_unit":"m³/day","source_row":46412,"quality_location":4,"quality_waste":1,"status":"Not Reported","estimated":false}},{"type":"Feature","id":"hydrowaste-47140","geometry":{"type":"Point","coordinates":[113.208,22.637]},"properties":{"id":"hydrowaste-47140","type":"wastewater-treatment","name":"Guangdong","country":"CHN","source_id":"hydrowaste-2022","year":null,"value":112000.0,"unit":"m³/day","metric":"Reported treated effluent","original_value":112000.0,"original_unit":"m³/day","source_row":47140,"quality_location":4,"quality_waste":1,"status":"Not Reported","estimated":false}},{"type":"Feature","id":"hydrowaste-47443","geometry":{"type":"Point","coordinates":[102.702,24.985]},"properties":{"id":"hydrowaste-47443","type":"wastewater-treatment","name":"Yunnan","country":"CHN","source_id":"hydrowaste-2022","year":null,"value":112000.0,"unit":"m³/day","metric":"Reported treated effluent","original_value":112000.0,"original_unit":"m³/day","source_row":47443,"quality_location":4,"quality_waste":1,"status":"Not Reported","estimated":false}},{"type":"Feature","id":"hydrowaste-13998","geometry":{"type":"Point","coordinates":[27.669,47.146]},"properties":{"id":"hydrowaste-13998","type":"wastewater-treatment","name":"ROWP DANCU IASI","country":"ROU","source_id":"hydrowaste-2022","year":null,"value":111861.397,"unit":"m³/day","metric":"Reported treated effluent","original_value":111861.397,"original_unit":"m³/day","source_row":13998,"quality_location":2,"quality_waste":1,"status":"Not Reported","estimated":false}},{"type":"Feature","id":"hydrowaste-43388","geometry":{"type":"Point","coordinates":[-98.197,19.043]},"properties":{"id":"hydrowaste-43388","type":"wastewater-treatment","name":"Puebla San Francisco","country":"MEX","source_id":"hydrowaste-2022","year":null,"value":111628.8,"unit":"m³/day","metric":"Reported treated effluent","original_value":111628.8,"original_unit":"m³/day","source_row":43388,"quality_location":3,"quality_waste":1,"status":"Not Reported","estimated":false}},{"type":"Feature","id":"hydrowaste-22573","geometry":{"type":"Point","coordinates":[13.453,52.613]},"properties":{"id":"hydrowaste-22573","type":"wastewater-treatment","name":"Schonerlinde","country":"DEU","source_id":"hydrowaste-2022","year":null,"value":111440.151,"unit":"m³/day","metric":"Reported treated effluent","original_value":111440.151,"original_unit":"m³/day","source_row":22573,"quality_location":2,"quality_waste":1,"status":"Not Reported","estimated":false}},{"type":"Feature","id":"hydrowaste-8348","geometry":{"type":"Point","coordinates":[-3.657,40.332]},"properties":{"id":"hydrowaste-8348","type":"wastewater-treatment","name":"BUTARQUE","country":"ESP","source_id":"hydrowaste-2022","year":null,"value":111167.825,"unit":"m³/day","metric":"Reported treated effluent","original_value":111167.825,"original_unit":"m³/day","source_row":8348,"quality_location":2,"quality_waste":1,"status":"Not Reported","estimated":false}},{"type":"Feature","id":"hydrowaste-46488","geometry":{"type":"Point","coordinates":[120.441,36.072]},"properties":{"id":"hydrowaste-46488","type":"wastewater-treatment","name":"Shandong","country":"CHN","source_id":"hydrowaste-2022","year":null,"value":111000.0,"unit":"m³/day","metric":"Reported treated effluent","original_value":111000.0,"original_unit":"m³/day","source_row":46488,"quality_location":4,"quality_waste":1,"status":"Not Reported","estimated":false}},{"type":"Feature","id":"hydrowaste-9687","geometry":{"type":"Point","coordinates":[-5.99,37.308]},"properties":{"id":"hydrowaste-9687","type":"wastewater-treatment","name":"COPERO","country":"ESP","source_id":"hydrowaste-2022","year":null,"value":110353.375,"unit":"m³/day","metric":"Reported treated effluent","original_value":110353.375,"original_unit":"m³/day","source_row":9687,"quality_location":2,"quality_waste":1,"status":"Not Reported","estimated":false}},{"type":"Feature","id":"hydrowaste-19613","geometry":{"type":"Point","coordinates":[7.425,51.538]},"properties":{"id":"hydrowaste-19613","type":"wastewater-treatment","name":"Dortmund Deusen","country":"DEU","source_id":"hydrowaste-2022","year":null,"value":110258.088,"unit":"m³/day","metric":"Reported treated effluent","original_value":110258.088,"original_unit":"m³/day","source_row":19613,"quality_location":2,"quality_waste":1,"status":"Not Reported","estimated":false}},{"type":"Feature","id":"hydrowaste-45612","geometry":{"type":"Point","coordinates":[121.606,42.024]},"properties":{"id":"hydrowaste-45612","type":"wastewater-treatment","name":"Liaoning","country":"CHN","source_id":"hydrowaste-2022","year":null,"value":110000.0,"unit":"m³/day","metric":"Reported treated effluent","original_value":110000.0,"original_unit":"m³/day","source_row":45612,"quality_location":4,"quality_waste":1,"status":"Not Reported","estimated":false}},{"type":"Feature","id":"hydrowaste-46973","geometry":{"type":"Point","coordinates":[113.803,22.791]},"properties":{"id":"hydrowaste-46973","type":"wastewater-treatment","name":"Guangdong","country":"CHN","source_id":"hydrowaste-2022","year":null,"value":110000.0,"unit":"m³/day","metric":"Reported treated effluent","original_value":110000.0,"original_unit":"m³/day","source_row":46973,"quality_location":4,"quality_waste":1,"status":"Not Reported","estimated":false}},{"type":"Feature","id":"hydrowaste-42453","geometry":{"type":"Point","coordinates":[-47.813,-21.105]},"properties":{"id":"hydrowaste-42453","type":"wastewater-treatment","name":"ETE RIBEIRAO","country":"BRA","source_id":"hydrowaste-2022","year":null,"value":109900.8,"unit":"m³/day","metric":"Reported treated effluent","original_value":109900.8,"original_unit":"m³/day","source_row":42453,"quality_location":2,"quality_waste":1,"status":"Not Reported","estimated":false}},{"type":"Feature","id":"hydrowaste-37232","geometry":{"type":"Point","coordinates":[-82.361,34.842]},"properties":{"id":"hydrowaste-37232","type":"wastewater-treatment","name":"MAULDIN RD PLANT","country":"USA","source_id":"hydrowaste-2022","year":null,"value":109776.942,"unit":"m³/day","metric":"Reported treated effluent","original_value":109776.942,"original_unit":"m³/day","source_row":37232,"quality_location":2,"quality_waste":1,"status":"Not Reported","estimated":false}},{"type":"Feature","id":"hydrowaste-41538","geometry":{"type":"Point","coordinates":[-43.892,-19.823]},"properties":{"id":"hydrowaste-41538","type":"wastewater-treatment","name":"ETE ONCA","country":"BRA","source_id":"hydrowaste-2022","year":null,"value":109767.071,"unit":"m³/day","metric":"Reported treated effluent","original_value":109767.071,"original_unit":"m³/day","source_row":41538,"quality_location":2,"quality_waste":1,"status":"Not Reported","estimated":false}},{"type":"Feature","id":"hydrowaste-42495","geometry":{"type":"Point","coordinates":[-46.35,-23.972]},"properties":{"id":"hydrowaste-42495","type":"wastewater-treatment","name":"EPC SANTOS","country":"BRA","source_id":"hydrowaste-2022","year":null,"value":108781.93,"unit":"m³/day","metric":"Reported treated effluent","original_value":108781.93,"original_unit":"m³/day","source_row":42495,"quality_location":2,"quality_waste":1,"status":"Not Reported","estimated":false}},{"type":"Feature","id":"hydrowaste-34308","geometry":{"type":"Point","coordinates":[-80.878,35.07]},"properties":{"id":"hydrowaste-34308","type":"wastewater-treatment","name":"MCALPINE CREEK WWTP","country":"USA","source_id":"hydrowaste-2022","year":null,"value":108565.61,"unit":"m³/day","metric":"Reported treated effluent","original_value":108565.61,"original_unit":"m³/day","source_row":34308,"quality_location":2,"quality_waste":1,"status":"Not Reported","estimated":false}},{"type":"Feature","id":"hydrowaste-14551","geometry":{"type":"Point","coordinates":[5.619,59.02]},"properties":{"id":"hydrowaste-14551","type":"wastewater-treatment","name":"Sentralrenseanlegget for Nord Jaeren SNJ","country":"NOR","source_id":"hydrowaste-2022","year":null,"value":108522.318,"unit":"m³/day","metric":"Reported treated effluent","original_value":108522.318,"original_unit":"m³/day","source_row":14551,"quality_location":2,"quality_waste":1,"status":"Not Reported","estimated":false}},{"type":"Feature","id":"hydrowaste-5077","geometry":{"type":"Point","coordinates":[9.142,39.213]},"properties":{"id":"hydrowaste-5077","type":"wastewater-treatment","name":"CAGLIARI_LOC_IS_ARENAS","country":"ITA","source_id":"hydrowaste-2022","year":null,"value":108425.562,"unit":"m³/day","metric":"Reported treated effluent","original_value":108425.562,"original_unit":"m³/day","source_row":5077,"quality_location":2,"quality_waste":1,"status":"Not Reported","estimated":false}},{"type":"Feature","id":"hydrowaste-24535","geometry":{"type":"Point","coordinates":[17.712,59.068]},"properties":{"id":"hydrowaste-24535","type":"wastewater-treatment","name":"HIMMERFJARDSVERKET","country":"SWE","source_id":"hydrowaste-2022","year":null,"value":108246.575,"unit":"m³/day","metric":"Reported treated effluent","original_value":108246.575,"original_unit":"m³/day","source_row":24535,"quality_location":2,"quality_waste":1,"status":"Not Reported","estimated":false}},{"type":"Feature","id":"hydrowaste-26252","geometry":{"type":"Point","coordinates":[-117.199,32.881]},"properties":{"id":"hydrowaste-26252","type":"wastewater-treatment","name":"North City WRP","country":"USA","source_id":"hydrowaste-2022","year":null,"value":107884.236,"unit":"m³/day","metric":"Reported treated effluent","original_value":107884.236,"original_unit":"m³/day","source_row":26252,"quality_location":2,"quality_waste":1,"status":"Not Reported","estimated":false}},{"type":"Feature","id":"hydrowaste-7988","geometry":{"type":"Point","coordinates":[-8.466,43.374]},"properties":{"id":"hydrowaste-7988","type":"wastewater-treatment","name":"BENS A CORUNA","country":"ESP","source_id":"hydrowaste-2022","year":null,"value":107635.496,"unit":"m³/day","metric":"Reported treated effluent","original_value":107635.496,"original_unit":"m³/day","source_row":7988,"quality_location":2,"quality_waste":1,"status":"Not Reported","estimated":false}},{"type":"Feature","id":"hydrowaste-47093","geometry":{"type":"Point","coordinates":[114.04,22.676]},"properties":{"id":"hydrowaste-47093","type":"wastewater-treatment","name":"Guangdong","country":"CHN","source_id":"hydrowaste-2022","year":null,"value":107300.0,"unit":"m³/day","metric":"Reported treated effluent","original_value":107300.0,"original_unit":"m³/day","source_row":47093,"quality_location":4,"quality_waste":1,"status":"Not Reported","estimated":false}},{"type":"Feature","id":"hydrowaste-45368","geometry":{"type":"Point","coordinates":[118.215,39.615]},"properties":{"id":"hydrowaste-45368","type":"wastewater-treatment","name":"Hebei","country":"CHN","source_id":"hydrowaste-2022","year":null,"value":107000.0,"unit":"m³/day","metric":"Reported treated effluent","original_value":107000.0,"original_unit":"m³/day","source_row":45368,"quality_location":4,"quality_waste":1,"status":"Not Reported","estimated":false}},{"type":"Feature","id":"hydrowaste-46543","geometry":{"type":"Point","coordinates":[119.105,36.749]},"properties":{"id":"hydrowaste-46543","type":"wastewater-treatment","name":"Shandong","country":"CHN","source_id":"hydrowaste-2022","year":null,"value":107000.0,"unit":"m³/day","metric":"Reported treated effluent","original_value":107000.0,"original_unit":"m³/day","source_row":46543,"quality_location":4,"quality_waste":1,"status":"Not Reported","estimated":false}},{"type":"Feature","id":"hydrowaste-46654","geometry":{"type":"Point","coordinates":[113.208,33.775]},"properties":{"id":"hydrowaste-46654","type":"wastewater-treatment","name":"Henan","country":"CHN","source_id":"hydrowaste-2022","year":null,"value":107000.0,"unit":"m³/day","metric":"Reported treated effluent","original_value":107000.0,"original_unit":"m³/day","source_row":46654,"quality_location":4,"quality_waste":1,"status":"Not Reported","estimated":false}},{"type":"Feature","id":"hydrowaste-47442","geometry":{"type":"Point","coordinates":[102.679,25.019]},"properties":{"id":"hydrowaste-47442","type":"wastewater-treatment","name":"Yunnan","country":"CHN","source_id":"hydrowaste-2022","year":null,"value":107000.0,"unit":"m³/day","metric":"Reported treated effluent","original_value":107000.0,"original_unit":"m³/day","source_row":47442,"quality_location":4,"quality_waste":1,"status":"Not Reported","estimated":false}},{"type":"Feature","id":"hydrowaste-37563","geometry":{"type":"Point","coordinates":[-97.067,31.519]},"properties":{"id":"hydrowaste-37563","type":"wastewater-treatment","name":"Waco Regional WWTP","country":"USA","source_id":"hydrowaste-2022","year":null,"value":106862.175,"unit":"m³/day","metric":"Reported treated effluent","original_value":106862.175,"original_unit":"m³/day","source_row":37563,"quality_location":2,"quality_waste":1,"status":"Not Reported","estimated":false}},{"type":"Feature","id":"hydrowaste-8121","geometry":{"type":"Point","coordinates":[-1.952,43.348]},"properties":{"id":"hydrowaste-8121","type":"wastewater-treatment","name":"LOIOLA","country":"ESP","source_id":"hydrowaste-2022","year":null,"value":106803.26,"unit":"m³/day","metric":"Reported treated effluent","original_value":106803.26,"original_unit":"m³/day","source_row":8121,"quality_location":2,"quality_waste":1,"status":"Not Reported","estimated":false}},{"type":"Feature","id":"hydrowaste-261","geometry":{"type":"Point","coordinates":[17.22,48.15]},"properties":{"id":"hydrowaste-261","type":"wastewater-treatment","name":"COV Vrakuna","country":"SVK","source_id":"hydrowaste-2022","year":null,"value":106777.041,"unit":"m³/day","metric":"Reported treated effluent","original_value":106777.041,"original_unit":"m³/day","source_row":261,"quality_location":2,"quality_waste":1,"status":"Not Reported","estimated":false}},{"type":"Feature","id":"hydrowaste-45969","geometry":{"type":"Point","coordinates":[120.38,31.506]},"properties":{"id":"hydrowaste-45969","type":"wastewater-treatment","name":"Jiangsu","country":"CHN","source_id":"hydrowaste-2022","year":null,"value":106200.0,"unit":"m³/day","metric":"Reported treated effluent","original_value":106200.0,"original_unit":"m³/day","source_row":45969,"quality_location":4,"quality_waste":1,"status":"Not Reported","estimated":false}},{"type":"Feature","id":"hydrowaste-38489","geometry":{"type":"Point","coordinates":[-76.313,36.882]},"properties":{"id":"hydrowaste-38489","type":"wastewater-treatment","name":"VIRGINIA INITIATIVE PLANT","country":"USA","source_id":"hydrowaste-2022","year":null,"value":106180.801,"unit":"m³/day","metric":"Reported treated effluent","original_value":106180.801,"original_unit":"m³/day","source_row":38489,"quality_location":2,"quality_waste":1,"status":"Not Reported","estimated":false}},{"type":"Feature","id":"hydrowaste-30845","geometry":{"type":"Point","coordinates":[-85.573,42.306]},"properties":{"id":"hydrowaste-30845","type":"wastewater-treatment","name":"KALAMAZOO WWTP","country":"USA","source_id":"hydrowaste-2022","year":null,"value":105991.53,"unit":"m³/day","metric":"Reported treated effluent","original_value":105991.53,"original_unit":"m³/day","source_row":30845,"quality_location":2,"quality_waste":1,"status":"Not Reported","estimated":false}},{"type":"Feature","id":"hydrowaste-38494","geometry":{"type":"Point","coordinates":[-77.207,38.704]},"properties":{"id":"hydrowaste-38494","type":"wastewater-treatment","name":"LOWER POTOMAC STP","country":"USA","source_id":"hydrowaste-2022","year":null,"value":105991.53,"unit":"m³/day","metric":"Reported treated effluent","original_value":105991.53,"original_unit":"m³/day","source_row":38494,"quality_location":2,"quality_waste":1,"status":"Not Reported","estimated":false}},{"type":"Feature","id":"hydrowaste-8169","geometry":{"type":"Point","coordinates":[-1.731,42.81]},"properties":{"id":"hydrowaste-8169","type":"wastewater-treatment","name":"ARAZURI","country":"ESP","source_id":"hydrowaste-2022","year":null,"value":105976.0,"unit":"m³/day","metric":"Reported treated effluent","original_value":105976.0,"original_unit":"m³/day","source_row":8169,"quality_location":2,"quality_waste":1,"status":"Not Reported","estimated":false}},{"type":"Feature","id":"hydrowaste-4470","geometry":{"type":"Point","coordinates":[8.875,45.412]},"properties":{"id":"hydrowaste-4470","type":"wastewater-treatment","name":"DP01518401_ROBECCO_SUL_NAVIGLIO","country":"ITA","source_id":"hydrowaste-2022","year":null,"value":105475.416,"unit":"m³/day","metric":"Reported treated effluent","original_value":105475.416,"original_unit":"m³/day","source_row":4470,"quality_location":2,"quality_waste":1,"status":"Not Reported","estimated":false}},{"type":"Feature","id":"hydrowaste-70","geometry":{"type":"Point","coordinates":[23.017,54.659]},"properties":{"id":"hydrowaste-70","type":"wastewater-treatment","name":"Vilkaviskio aglomeracija","country":"LTU","source_id":"hydrowaste-2022","year":null,"value":105152.827,"unit":"m³/day","metric":"Reported treated effluent","original_value":105152.827,"original_unit":"m³/day","source_row":70,"quality_location":2,"quality_waste":1,"status":"Not Reported","estimated":false}},{"type":"Feature","id":"hydrowaste-46737","geometry":{"type":"Point","coordinates":[114.215,30.481]},"properties":{"id":"hydrowaste-46737","type":"wastewater-treatment","name":"Hubei","country":"CHN","source_id":"hydrowaste-2022","year":null,"value":105100.0,"unit":"m³/day","metric":"Reported treated effluent","original_value":105100.0,"original_unit":"m³/day","source_row":46737,"quality_location":4,"quality_waste":1,"status":"Not Reported","estimated":false}},{"type":"Feature","id":"hydrowaste-45357","geometry":{"type":"Point","coordinates":[119.574,39.939]},"properties":{"id":"hydrowaste-45357","type":"wastewater-treatment","name":"Hebei","country":"CHN","source_id":"hydrowaste-2022","year":null,"value":105000.0,"unit":"m³/day","metric":"Reported treated effluent","original_value":105000.0,"original_unit":"m³/day","source_row":45357,"quality_location":4,"quality_waste":1,"status":"Not Reported","estimated":false}},{"type":"Feature","id":"hydrowaste-45988","geometry":{"type":"Point","coordinates":[117.24,34.308]},"properties":{"id":"hydrowaste-45988","type":"wastewater-treatment","name":"Jiangsu","country":"CHN","source_id":"hydrowaste-2022","year":null,"value":105000.0,"unit":"m³/day","metric":"Reported treated effluent","original_value":105000.0,"original_unit":"m³/day","source_row":45988,"quality_location":4,"quality_waste":1,"status":"Not Reported","estimated":false}},{"type":"Feature","id":"hydrowaste-35664","geometry":{"type":"Point","coordinates":[-95.994,36.15]},"properties":{"id":"hydrowaste-35664","type":"wastewater-treatment","name":"TULSA SOUTHSIDE WWT","country":"USA","source_id":"hydrowaste-2022","year":null,"value":104855.907,"unit":"m³/day","metric":"Reported treated effluent","original_value":104855.907,"original_unit":"m³/day","source_row":35664,"quality_location":2,"quality_waste":1,"status":"Not Reported","estimated":false}},{"type":"Feature","id":"hydrowaste-31743","geometry":{"type":"Point","coordinates":[-90.28,38.811]},"properties":{"id":"hydrowaste-31743","type":"wastewater-treatment","name":"COLDWATER CREEK WWTP","country":"USA","source_id":"hydrowaste-2022","year":null,"value":104439.512,"unit":"m³/day","metric":"Reported treated effluent","original_value":104439.512,"original_unit":"m³/day","source_row":31743,"quality_location":2,"quality_waste":1,"status":"Not Reported","estimated":false}},{"type":"Feature","id":"hydrowaste-25353","geometry":{"type":"Point","coordinates":[-111.066,32.337]},"properties":{"id":"hydrowaste-25353","type":"wastewater-treatment","name":"PCRWRD Ina Road WPCF","country":"USA","source_id":"hydrowaste-2022","year":null,"value":104098.825,"unit":"m³/day","metric":"Reported treated effluent","original_value":104098.825,"original_unit":"m³/day","source_row":25353,"quality_location":2,"quality_waste":1,"status":"Not Reported","estimated":false}},{"type":"Feature","id":"hydrowaste-21121","geometry":{"type":"Point","coordinates":[8.362,49.047]},"properties":{"id":"hydrowaste-21121","type":"wastewater-treatment","name":"SKA Karlsruhe Neureut","country":"DEU","source_id":"hydrowaste-2022","year":null,"value":104022.732,"unit":"m³/day","metric":"Reported treated effluent","original_value":104022.732,"original_unit":"m³/day","source_row":21121,"quality_location":2,"quality_waste":1,"status":"Not Reported","estimated":false}},{"type":"Feature","id":"hydrowaste-46552","geometry":{"type":"Point","coordinates":[121.538,37.4]},"properties":{"id":"hydrowaste-46552","type":"wastewater-treatment","name":"Shandong","country":"CHN","source_id":"hydrowaste-2022","year":null,"value":104000.0,"unit":"m³/day","metric":"Reported treated effluent","original_value":104000.0,"original_unit":"m³/day","source_row":46552,"quality_location":4,"quality_waste":1,"status":"Not Reported","estimated":false}},{"type":"Feature","id":"hydrowaste-46967","geometry":{"type":"Point","coordinates":[113.839,23.04]},"properties":{"id":"hydrowaste-46967","type":"wastewater-treatment","name":"Guangdong","country":"CHN","source_id":"hydrowaste-2022","year":null,"value":103800.0,"unit":"m³/day","metric":"Reported treated effluent","original_value":103800.0,"original_unit":"m³/day","source_row":46967,"quality_location":4,"quality_waste":1,"status":"Not Reported","estimated":false}},{"type":"Feature","id":"hydrowaste-40359","geometry":{"type":"Point","coordinates":[-51.22,-30.162]},"properties":{"id":"hydrowaste-40359","type":"wastewater-treatment","name":"ETE SERRARIA","country":"BRA","source_id":"hydrowaste-2022","year":null,"value":103680.0,"unit":"m³/day","metric":"Reported treated effluent","original_value":103680.0,"original_unit":"m³/day","source_row":40359,"quality_location":2,"quality_waste":1,"status":"Not Reported","estimated":false}},{"type":"Feature","id":"hydrowaste-41770","geometry":{"type":"Point","coordinates":[-49.213,-25.518]},"properties":{"id":"hydrowaste-41770","type":"wastewater-treatment","name":"ETE BELeM","country":"BRA","source_id":"hydrowaste-2022","year":null,"value":103269.6,"unit":"m³/day","metric":"Reported treated effluent","original_value":103269.6,"original_unit":"m³/day","source_row":41770,"quality_location":2,"quality_waste":1,"status":"Not Reported","estimated":false}},{"type":"Feature","id":"hydrowaste-46094","geometry":{"type":"Point","coordinates":[120.055,29.311]},"properties":{"id":"hydrowaste-46094","type":"wastewater-treatment","name":"Zhejiang","country":"CHN","source_id":"hydrowaste-2022","year":null,"value":103200.0,"unit":"m³/day","metric":"Reported treated effluent","original_value":103200.0,"original_unit":"m³/day","source_row":46094,"quality_location":4,"quality_waste":1,"status":"Not Reported","estimated":false}},{"type":"Feature","id":"hydrowaste-45490","geometry":{"type":"Point","coordinates":[113.073,36.202]},"properties":{"id":"hydrowaste-45490","type":"wastewater-treatment","name":"Shanxi","country":"CHN","source_id":"hydrowaste-2022","year":null,"value":103000.0,"unit":"m³/day","metric":"Reported treated effluent","original_value":103000.0,"original_unit":"m³/day","source_row":45490,"quality_location":4,"quality_waste":1,"status":"Not Reported","estimated":false}},{"type":"Feature","id":"hydrowaste-46138","geometry":{"type":"Point","coordinates":[120.85,29.992]},"properties":{"id":"hydrowaste-46138","type":"wastewater-treatment","name":"Zhejiang","country":"CHN","source_id":"hydrowaste-2022","year":null,"value":103000.0,"unit":"m³/day","metric":"Reported treated effluent","original_value":103000.0,"original_unit":"m³/day","source_row":46138,"quality_location":4,"quality_waste":1,"status":"Not Reported","estimated":false}},{"type":"Feature","id":"hydrowaste-46112","geometry":{"type":"Point","coordinates":[121.594,29.898]},"properties":{"id":"hydrowaste-46112","type":"wastewater-treatment","name":"Zhejiang","country":"CHN","source_id":"hydrowaste-2022","year":null,"value":102900.0,"unit":"m³/day","metric":"Reported treated effluent","original_value":102900.0,"original_unit":"m³/day","source_row":46112,"quality_location":4,"quality_waste":1,"status":"Not Reported","estimated":false}},{"type":"Feature","id":"hydrowaste-22808","geometry":{"type":"Point","coordinates":[13.674,51.071]},"properties":{"id":"hydrowaste-22808","type":"wastewater-treatment","name":"KA Dresden Kaditz","country":"DEU","source_id":"hydrowaste-2022","year":null,"value":102300.0,"unit":"m³/day","metric":"Reported treated effluent","original_value":102300.0,"original_unit":"m³/day","source_row":22808,"quality_location":2,"quality_waste":1,"status":"Not Reported","estimated":false}},{"type":"Feature","id":"hydrowaste-26267","geometry":{"type":"Point","coordinates":[-104.813,38.816]},"properties":{"id":"hydrowaste-26267","type":"wastewater-treatment","name":"Colorado Springs Utilities LVSWWTP","country":"USA","source_id":"hydrowaste-2022","year":null,"value":102206.119,"unit":"m³/day","metric":"Reported treated effluent","original_value":102206.119,"original_unit":"m³/day","source_row":26267,"quality_location":2,"quality_waste":1,"status":"Not Reported","estimated":false}},{"type":"Feature","id":"hydrowaste-27702","geometry":{"type":"Point","coordinates":[-89.625,40.663]},"properties":{"id":"hydrowaste-27702","type":"wastewater-treatment","name":"PEORIA STP","country":"USA","source_id":"hydrowaste-2022","year":null,"value":102206.119,"unit":"m³/day","metric":"Reported treated effluent","original_value":102206.119,"original_unit":"m³/day","source_row":27702,"quality_location":2,"quality_waste":1,"status":"Not Reported","estimated":false}},{"type":"Feature","id":"hydrowaste-27789","geometry":{"type":"Point","coordinates":[-88.039,42.019]},"properties":{"id":"hydrowaste-27789","type":"wastewater-treatment","name":"JOHN E EGAN WRP","country":"USA","source_id":"hydrowaste-2022","year":null,"value":102206.119,"unit":"m³/day","metric":"Reported treated effluent","original_value":102206.119,"original_unit":"m³/day","source_row":27789,"quality_location":2,"quality_waste":1,"status":"Not Reported","estimated":false}},{"type":"Feature","id":"hydrowaste-28025","geometry":{"type":"Point","coordinates":[-87.513,41.622]},"properties":{"id":"hydrowaste-28025","type":"wastewater-treatment","name":"HAMMOND WWTP","country":"USA","source_id":"hydrowaste-2022","year":null,"value":102206.119,"unit":"m³/day","metric":"Reported treated effluent","original_value":102206.119,"original_unit":"m³/day","source_row":28025,"quality_location":2,"quality_waste":1,"status":"Not Reported","estimated":false}},{"type":"Feature","id":"hydrowaste-22910","geometry":{"type":"Point","coordinates":[12.342,51.356]},"properties":{"id":"hydrowaste-22910","type":"wastewater-treatment","name":"Rosental","country":"DEU","source_id":"hydrowaste-2022","year":null,"value":102181.8,"unit":"m³/day","metric":"Reported treated effluent","original_value":102181.8,"original_unit":"m³/day","source_row":22910,"quality_location":2,"quality_waste":1,"status":"Not Reported","estimated":false}},{"type":"Feature","id":"hydrowaste-8473","geometry":{"type":"Point","coordinates":[-5.564,42.554]},"properties":{"id":"hydrowaste-8473","type":"wastewater-treatment","name":"LEON","country":"ESP","source_id":"hydrowaste-2022","year":null,"value":102162.044,"unit":"m³/day","metric":"Reported treated effluent","original_value":102162.044,"original_unit":"m³/day","source_row":8473,"quality_location":2,"quality_waste":1,"status":"Not Reported","estimated":false}},{"type":"Feature","id":"hydrowaste-46606","geometry":{"type":"Point","coordinates":[113.272,35.198]},"properties":{"id":"hydrowaste-46606","type":"wastewater-treatment","name":"Henan","country":"CHN","source_id":"hydrowaste-2022","year":null,"value":102000.0,"unit":"m³/day","metric":"Reported treated effluent","original_value":102000.0,"original_unit":"m³/day","source_row":46606,"quality_location":4,"quality_waste":1,"status":"Not Reported","estimated":false}},{"type":"Feature","id":"hydrowaste-47498","geometry":{"type":"Point","coordinates":[108.865,34.291]},"properties":{"id":"hydrowaste-47498","type":"wastewater-treatment","name":"Shaanxi","country":"CHN","source_id":"hydrowaste-2022","year":null,"value":102000.0,"unit":"m³/day","metric":"Reported treated effluent","original_value":102000.0,"original_unit":"m³/day","source_row":47498,"quality_location":4,"quality_waste":1,"status":"Not Reported","estimated":false}},{"type":"Feature","id":"hydrowaste-47705","geometry":{"type":"Point","coordinates":[-52.71,47.554]},"properties":{"id":"hydrowaste-47705","type":"wastewater-treatment","name":"Riverhead Wastewater Treatment Facility","country":"CAN","source_id":"hydrowaste-2022","year":null,"value":101975.0,"unit":"m³/day","metric":"Reported treated effluent","original_value":101975.0,"original_unit":"m³/day","source_row":47705,"quality_location":2,"quality_waste":1,"status":"Operational","estimated":false}},{"type":"Feature","id":"hydrowaste-13834","geometry":{"type":"Point","coordinates":[25.579,45.65]},"properties":{"id":"hydrowaste-13834","type":"wastewater-treatment","name":"ROWP SC COMPANIA APA SA Brasov","country":"ROU","source_id":"hydrowaste-2022","year":null,"value":101777.159,"unit":"m³/day","metric":"Reported treated effluent","original_value":101777.159,"original_unit":"m³/day","source_row":13834,"quality_location":2,"quality_waste":1,"status":"Not Reported","estimated":false}},{"type":"Feature","id":"hydrowaste-31744","geometry":{"type":"Point","coordinates":[-90.495,38.746]},"properties":{"id":"hydrowaste-31744","type":"wastewater-treatment","name":"MISSOURI RIVER WWTP","country":"USA","source_id":"hydrowaste-2022","year":null,"value":101449.036,"unit":"m³/day","metric":"Reported treated effluent","original_value":101449.036,"original_unit":"m³/day","source_row":31744,"quality_location":2,"quality_waste":1,"status":"Not Reported","estimated":false}},{"type":"Feature","id":"hydrowaste-42915","geometry":{"type":"Point","coordinates":[-99.654,19.292]},"properties":{"id":"hydrowaste-42915","type":"wastewater-treatment","name":"Toluca Norte","country":"MEX","source_id":"hydrowaste-2022","year":null,"value":101261.664,"unit":"m³/day","metric":"Reported treated effluent","original_value":101261.664,"original_unit":"m³/day","source_row":42915,"quality_location":3,"quality_waste":1,"status":"Not Reported","estimated":false}},{"type":"Feature","id":"hydrowaste-45397","geometry":{"type":"Point","coordinates":[114.535,37.078]},"properties":{"id":"hydrowaste-45397","type":"wastewater-treatment","name":"Hebei","country":"CHN","source_id":"hydrowaste-2022","year":null,"value":101000.0,"unit":"m³/day","metric":"Reported treated effluent","original_value":101000.0,"original_unit":"m³/day","source_row":45397,"quality_location":4,"quality_waste":1,"status":"Not Reported","estimated":false}},{"type":"Feature","id":"hydrowaste-46587","geometry":{"type":"Point","coordinates":[113.61,34.787]},"properties":{"id":"hydrowaste-46587","type":"wastewater-treatment","name":"Henan","country":"CHN","source_id":"hydrowaste-2022","year":null,"value":101000.0,"unit":"m³/day","metric":"Reported treated effluent","original_value":101000.0,"original_unit":"m³/day","source_row":46587,"quality_location":4,"quality_waste":1,"status":"Not Reported","estimated":false}},{"type":"Feature","id":"hydrowaste-4263","geometry":{"type":"Point","coordinates":[12.259,45.429]},"properties":{"id":"hydrowaste-4263","type":"wastewater-treatment","name":"VENEZIA_FUSINA_VIA_DEI_CANTIERI","country":"ITA","source_id":"hydrowaste-2022","year":null,"value":100956.23,"unit":"m³/day","metric":"Reported treated effluent","original_value":100956.23,"original_unit":"m³/day","source_row":4263,"quality_location":2,"quality_waste":1,"status":"Not Reported","estimated":false}},{"type":"Feature","id":"hydrowaste-46292","geometry":{"type":"Point","coordinates":[118.172,24.466]},"properties":{"id":"hydrowaste-46292","type":"wastewater-treatment","name":"Fujian","country":"CHN","source_id":"hydrowaste-2022","year":null,"value":100900.0,"unit":"m³/day","metric":"Reported treated effluent","original_value":100900.0,"original_unit":"m³/day","source_row":46292,"quality_location":4,"quality_waste":1,"status":"Not Reported","estimated":false}},{"type":"Feature","id":"hydrowaste-14726","geometry":{"type":"Point","coordinates":[-21.927,64.195]},"properties":{"id":"hydrowaste-14726","type":"wastewater-treatment","name":"Fraveita   Veitur Ananaust","country":"ISL","source_id":"hydrowaste-2022","year":null,"value":100569.6,"unit":"m³/day","metric":"Reported treated effluent","original_value":100569.6,"original_unit":"m³/day","source_row":14726,"quality_location":2,"quality_waste":1,"status":"Not Reported","estimated":false}},{"type":"Feature","id":"hydrowaste-26210","geometry":{"type":"Point","coordinates":[-117.293,34.078]},"properties":{"id":"hydrowaste-26210","type":"wastewater-treatment","name":"San Bernardino WRP","country":"USA","source_id":"hydrowaste-2022","year":null,"value":100313.413,"unit":"m³/day","metric":"Reported treated effluent","original_value":100313.413,"original_unit":"m³/day","source_row":26210,"quality_location":2,"quality_waste":1,"status":"Not Reported","estimated":false}},{"type":"Feature","id":"hydrowaste-46253","geometry":{"type":"Point","coordinates":[117.052,25.142]},"properties":{"id":"hydrowaste-46253","type":"wastewater-treatment","name":"Fujian","country":"CHN","source_id":"hydrowaste-2022","year":null,"value":100300.0,"unit":"m³/day","metric":"Reported treated effluent","original_value":100300.0,"original_unit":"m³/day","source_row":46253,"quality_location":4,"quality_waste":1,"status":"Not Reported","estimated":false}},{"type":"Feature","id":"hydrowaste-47117","geometry":{"type":"Point","coordinates":[110.377,21.141]},"properties":{"id":"hydrowaste-47117","type":"wastewater-treatment","name":"Guangdong","country":"CHN","source_id":"hydrowaste-2022","year":null,"value":100100.0,"unit":"m³/day","metric":"Reported treated effluent","original_value":100100.0,"original_unit":"m³/day","source_row":47117,"quality_location":4,"quality_waste":1,"status":"Not Reported","estimated":false}},{"type":"Feature","id":"hydrowaste-45583","geometry":{"type":"Point","coordinates":[120.415,41.518]},"properties":{"id":"hydrowaste-45583","type":"wastewater-treatment","name":"Liaoning","country":"CHN","source_id":"hydrowaste-2022","year":null,"value":100000.0,"unit":"m³/day","metric":"Reported treated effluent","original_value":100000.0,"original_unit":"m³/day","source_row":45583,"quality_location":4,"quality_waste":1,"status":"Not Reported","estimated":false}},{"type":"Feature","id":"hydrowaste-45634","geometry":{"type":"Point","coordinates":[121.948,41.131]},"properties":{"id":"hydrowaste-45634","type":"wastewater-treatment","name":"Liaoning","country":"CHN","source_id":"hydrowaste-2022","year":null,"value":100000.0,"unit":"m³/day","metric":"Reported treated effluent","original_value":100000.0,"original_unit":"m³/day","source_row":45634,"quality_location":4,"quality_waste":1,"status":"Not Reported","estimated":false}},{"type":"Feature","id":"hydrowaste-45683","geometry":{"type":"Point","coordinates":[129.6,42.902]},"properties":{"id":"hydrowaste-45683","type":"wastewater-treatment","name":"Jilin","country":"CHN","source_id":"hydrowaste-2022","year":null,"value":100000.0,"unit":"m³/day","metric":"Reported treated effluent","original_value":100000.0,"original_unit":"m³/day","source_row":45683,"quality_location":4,"quality_waste":1,"status":"Not Reported","estimated":false}},{"type":"Feature","id":"hydrowaste-46720","geometry":{"type":"Point","coordinates":[114.055,32.944]},"properties":{"id":"hydrowaste-46720","type":"wastewater-treatment","name":"Henan","country":"CHN","source_id":"hydrowaste-2022","year":null,"value":100000.0,"unit":"m³/day","metric":"Reported treated effluent","original_value":100000.0,"original_unit":"m³/day","source_row":46720,"quality_location":4,"quality_waste":1,"status":"Not Reported","estimated":false}},{"type":"Feature","id":"hydrowaste-46833","geometry":{"type":"Point","coordinates":[111.731,29.052]},"properties":{"id":"hydrowaste-46833","type":"wastewater-treatment","name":"Hunan","country":"CHN","source_id":"hydrowaste-2022","year":null,"value":100000.0,"unit":"m³/day","metric":"Reported treated effluent","original_value":100000.0,"original_unit":"m³/day","source_row":46833,"quality_location":4,"quality_waste":1,"status":"Not Reported","estimated":false}},{"type":"Feature","id":"hydrowaste-47091","geometry":{"type":"Point","coordinates":[114.203,22.656]},"properties":{"id":"hydrowaste-47091","type":"wastewater-treatment","name":"Guangdong","country":"CHN","source_id":"hydrowaste-2022","year":null,"value":100000.0,"unit":"m³/day","metric":"Reported treated effluent","original_value":100000.0,"original_unit":"m³/day","source_row":47091,"quality_location":4,"quality_waste":1,"status":"Not Reported","estimated":false}},{"type":"Feature","id":"hydrowaste-47608","geometry":{"type":"Point","coordinates":[86.14,44.311]},"properties":{"id":"hydrowaste-47608","type":"wastewater-treatment","name":"Xinjiang Uygur","country":"CHN","source_id":"hydrowaste-2022","year":null,"value":100000.0,"unit":"m³/day","metric":"Reported treated effluent","original_value":100000.0,"original_unit":"m³/day","source_row":47608,"quality_location":4,"quality_waste":1,"status":"Not Reported","estimated":false}},{"type":"Feature","id":"hydrowaste-37193","geometry":{"type":"Point","coordinates":[-79.955,32.758]},"properties":{"id":"hydrowaste-37193","type":"wastewater-treatment","name":"PLUM ISLAND TRTMT PLANT","country":"USA","source_id":"hydrowaste-2022","year":null,"value":99931.086,"unit":"m³/day","metric":"Reported treated effluent","original_value":99931.086,"original_unit":"m³/day","source_row":37193,"quality_location":2,"quality_waste":1,"status":"Not Reported","estimated":false}},{"type":"Feature","id":"hydrowaste-45644","geometry":{"type":"Point","coordinates":[122.165,40.678]},"properties":{"id":"hydrowaste-45644","type":"wastewater-treatment","name":"Liaoning","country":"CHN","source_id":"hydrowaste-2022","year":null,"value":99300.0,"unit":"m³/day","metric":"Reported treated effluent","original_value":99300.0,"original_unit":"m³/day","source_row":45644,"quality_location":4,"quality_waste":1,"status":"Not Reported","estimated":false}},{"type":"Feature","id":"hydrowaste-26241","geometry":{"type":"Point","coordinates":[-117.323,33.119]},"properties":{"id":"hydrowaste-26241","type":"wastewater-treatment","name":"Encina WPCF","country":"USA","source_id":"hydrowaste-2022","year":null,"value":99177.789,"unit":"m³/day","metric":"Reported treated effluent","original_value":99177.789,"original_unit":"m³/day","source_row":26241,"quality_location":2,"quality_waste":1,"status":"Not Reported","estimated":false}},{"type":"Feature","id":"hydrowaste-46825","geometry":{"type":"Point","coordinates":[113.055,28.226]},"properties":{"id":"hydrowaste-46825","type":"wastewater-treatment","name":"Hunan","country":"CHN","source_id":"hydrowaste-2022","year":null,"value":99000.0,"unit":"m³/day","metric":"Reported treated effluent","original_value":99000.0,"original_unit":"m³/day","source_row":46825,"quality_location":4,"quality_waste":1,"status":"Not Reported","estimated":false}},{"type":"Feature","id":"hydrowaste-47606","geometry":{"type":"Point","coordinates":[87.61,43.925]},"properties":{"id":"hydrowaste-47606","type":"wastewater-treatment","name":"Xinjiang Uygur","country":"CHN","source_id":"hydrowaste-2022","year":null,"value":99000.0,"unit":"m³/day","metric":"Reported treated effluent","original_value":99000.0,"original_unit":"m³/day","source_row":47606,"quality_location":4,"quality_waste":1,"status":"Not Reported","estimated":false}},{"type":"Feature","id":"hydrowaste-46539","geometry":{"type":"Point","coordinates":[119.784,36.398]},"properties":{"id":"hydrowaste-46539","type":"wastewater-treatment","name":"Shandong","country":"CHN","source_id":"hydrowaste-2022","year":null,"value":98600.0,"unit":"m³/day","metric":"Reported treated effluent","original_value":98600.0,"original_unit":"m³/day","source_row":46539,"quality_location":4,"quality_waste":1,"status":"Not Reported","estimated":false}},{"type":"Feature","id":"hydrowaste-25835","geometry":{"type":"Point","coordinates":[-122.111,37.458]},"properties":{"id":"hydrowaste-25835","type":"wastewater-treatment","name":"Palo Alto Regional WQCP","country":"USA","source_id":"hydrowaste-2022","year":null,"value":98420.707,"unit":"m³/day","metric":"Reported treated effluent","original_value":98420.707,"original_unit":"m³/day","source_row":25835,"quality_location":2,"quality_waste":1,"status":"Not Reported","estimated":false}},{"type":"Feature","id":"hydrowaste-27790","geometry":{"type":"Point","coordinates":[-87.935,42.023]},"properties":{"id":"hydrowaste-27790","type":"wastewater-treatment","name":"JAMES C KIRIE WRP","country":"USA","source_id":"hydrowaste-2022","year":null,"value":98420.707,"unit":"m³/day","metric":"Reported treated effluent","original_value":98420.707,"original_unit":"m³/day","source_row":27790,"quality_location":2,"quality_waste":1,"status":"Not Reported","estimated":false}},{"type":"Feature","id":"hydrowaste-46392","geometry":{"type":"Point","coordinates":[117.757,36.909]},"properties":{"id":"hydrowaste-46392","type":"wastewater-treatment","name":"Shandong","country":"CHN","source_id":"hydrowaste-2022","year":null,"value":98400.0,"unit":"m³/day","metric":"Reported treated effluent","original_value":98400.0,"original_unit":"m³/day","source_row":46392,"quality_location":4,"quality_waste":1,"status":"Not Reported","estimated":false}},{"type":"Feature","id":"hydrowaste-46758","geometry":{"type":"Point","coordinates":[115.067,30.24]},"properties":{"id":"hydrowaste-46758","type":"wastewater-treatment","name":"Hubei","country":"CHN","source_id":"hydrowaste-2022","year":null,"value":98300.0,"unit":"m³/day","metric":"Reported treated effluent","original_value":98300.0,"original_unit":"m³/day","source_row":46758,"quality_location":4,"quality_waste":1,"status":"Not Reported","estimated":false}},{"type":"Feature","id":"hydrowaste-21258","geometry":{"type":"Point","coordinates":[7.714,48.202]},"properties":{"id":"hydrowaste-21258","type":"wastewater-treatment","name":"SKA AZV BREISGAUER BUCHT   KA FORCHHEIM","country":"DEU","source_id":"hydrowaste-2022","year":null,"value":98048.781,"unit":"m³/day","metric":"Reported treated effluent","original_value":98048.781,"original_unit":"m³/day","source_row":21258,"quality_location":2,"quality_waste":1,"status":"Not Reported","estimated":false}},{"type":"Feature","id":"hydrowaste-45623","geometry":{"type":"Point","coordinates":[121.202,41.125]},"properties":{"id":"hydrowaste-45623","type":"wastewater-treatment","name":"Liaoning","country":"CHN","source_id":"hydrowaste-2022","year":null,"value":98000.0,"unit":"m³/day","metric":"Reported treated effluent","original_value":98000.0,"original_unit":"m³/day","source_row":45623,"quality_location":4,"quality_waste":1,"status":"Not Reported","estimated":false}},{"type":"Feature","id":"hydrowaste-46684","geometry":{"type":"Point","coordinates":[113.908,35.316]},"properties":{"id":"hydrowaste-46684","type":"wastewater-treatment","name":"Henan","country":"CHN","source_id":"hydrowaste-2022","year":null,"value":98000.0,"unit":"m³/day","metric":"Reported treated effluent","original_value":98000.0,"original_unit":"m³/day","source_row":46684,"quality_location":4,"quality_waste":1,"status":"Not Reported","estimated":false}},{"type":"Feature","id":"hydrowaste-47032","geometry":{"type":"Point","coordinates":[112.991,22.455]},"properties":{"id":"hydrowaste-47032","type":"wastewater-treatment","name":"Guangdong","country":"CHN","source_id":"hydrowaste-2022","year":null,"value":98000.0,"unit":"m³/day","metric":"Reported treated effluent","original_value":98000.0,"original_unit":"m³/day","source_row":47032,"quality_location":4,"quality_waste":1,"status":"Not Reported","estimated":false}},{"type":"Feature","id":"hydrowaste-7985","geometry":{"type":"Point","coordinates":[-8.628,42.054]},"properties":{"id":"hydrowaste-7985","type":"wastewater-treatment","name":"TUI","country":"ESP","source_id":"hydrowaste-2022","year":null,"value":97796.225,"unit":"m³/day","metric":"Reported treated effluent","original_value":97796.225,"original_unit":"m³/day","source_row":7985,"quality_location":2,"quality_waste":1,"status":"Not Reported","estimated":false}},{"type":"Feature","id":"hydrowaste-24541","geometry":{"type":"Point","coordinates":[13.023,55.647]},"properties":{"id":"hydrowaste-24541","type":"wastewater-treatment","name":"Sjolunda Avloppsreningsverk","country":"SWE","source_id":"hydrowaste-2022","year":null,"value":97786.301,"unit":"m³/day","metric":"Reported treated effluent","original_value":97786.301,"original_unit":"m³/day","source_row":24541,"quality_location":2,"quality_waste":1,"status":"Not Reported","estimated":false}},{"type":"Feature","id":"hydrowaste-26017","geometry":{"type":"Point","coordinates":[-121.012,37.614]},"properties":{"id":"hydrowaste-26017","type":"wastewater-treatment","name":"Modesto WWTF","country":"USA","source_id":"hydrowaste-2022","year":null,"value":97663.624,"unit":"m³/day","metric":"Reported treated effluent","original_value":97663.624,"original_unit":"m³/day","source_row":26017,"quality_location":2,"quality_waste":1,"status":"Not Reported","estimated":false}},{"type":"Feature","id":"hydrowaste-30695","geometry":{"type":"Point","coordinates":[-70.957,42.454]},"properties":{"id":"hydrowaste-30695","type":"wastewater-treatment","name":"Lynn Water and Sewer Commission","country":"USA","source_id":"hydrowaste-2022","year":null,"value":97663.624,"unit":"m³/day","metric":"Reported treated effluent","original_value":97663.624,"original_unit":"m³/day","source_row":30695,"quality_location":2,"quality_waste":1,"status":"Not Reported","estimated":false}},{"type":"Feature","id":"hydrowaste-41330","geometry":{"type":"Point","coordinates":[-47.908,-15.844]},"properties":{"id":"hydrowaste-41330","type":"wastewater-treatment","name":"ETE BRASILIA SUL","country":"BRA","source_id":"hydrowaste-2022","year":null,"value":97373.7,"unit":"m³/day","metric":"Reported treated effluent","original_value":97373.7,"original_unit":"m³/day","source_row":41330,"quality_location":2,"quality_waste":1,"status":"Not Reported","estimated":false}},{"type":"Feature","id":"hydrowaste-42882","geometry":{"type":"Point","coordinates":[-105.231,20.613]},"properties":{"id":"hydrowaste-42882","type":"wastewater-treatment","name":"SEAPAL Norte II","country":"MEX","source_id":"hydrowaste-2022","year":null,"value":97200.0,"unit":"m³/day","metric":"Reported treated effluent","original_value":97200.0,"original_unit":"m³/day","source_row":42882,"quality_location":3,"quality_waste":1,"status":"Not Reported","estimated":false}},{"type":"Feature","id":"hydrowaste-45373","geometry":{"type":"Point","coordinates":[118.131,39.608]},"properties":{"id":"hydrowaste-45373","type":"wastewater-treatment","name":"Hebei","country":"CHN","source_id":"hydrowaste-2022","year":null,"value":97000.0,"unit":"m³/day","metric":"Reported treated effluent","original_value":97000.0,"original_unit":"m³/day","source_row":45373,"quality_location":4,"quality_waste":1,"status":"Not Reported","estimated":false}},{"type":"Feature","id":"hydrowaste-47340","geometry":{"type":"Point","coordinates":[107.115,31.569]},"properties":{"id":"hydrowaste-47340","type":"wastewater-treatment","name":"Sichuan","country":"CHN","source_id":"hydrowaste-2022","year":null,"value":97000.0,"unit":"m³/day","metric":"Reported treated effluent","original_value":97000.0,"original_unit":"m³/day","source_row":47340,"quality_location":4,"quality_waste":1,"status":"Not Reported","estimated":false}},{"type":"Feature","id":"hydrowaste-47004","geometry":{"type":"Point","coordinates":[113.2,23.052]},"properties":{"id":"hydrowaste-47004","type":"wastewater-treatment","name":"Guangdong","country":"CHN","source_id":"hydrowaste-2022","year":null,"value":96800.0,"unit":"m³/day","metric":"Reported treated effluent","original_value":96800.0,"original_unit":"m³/day","source_row":47004,"quality_location":4,"quality_waste":1,"status":"Not Reported","estimated":false}},{"type":"Feature","id":"hydrowaste-8467","geometry":{"type":"Point","coordinates":[-3.779,42.361]},"properties":{"id":"hydrowaste-8467","type":"wastewater-treatment","name":"BURGOS","country":"ESP","source_id":"hydrowaste-2022","year":null,"value":96178.762,"unit":"m³/day","metric":"Reported treated effluent","original_value":96178.762,"original_unit":"m³/day","source_row":8467,"quality_location":2,"quality_waste":1,"status":"Not Reported","estimated":false}},{"type":"Feature","id":"hydrowaste-21824","geometry":{"type":"Point","coordinates":[10.031,48.426]},"properties":{"id":"hydrowaste-21824","type":"wastewater-treatment","name":"Zweckverband Klarwerk Steinhaule","country":"DEU","source_id":"hydrowaste-2022","year":null,"value":95635.096,"unit":"m³/day","metric":"Reported treated effluent","original_value":95635.096,"original_unit":"m³/day","source_row":21824,"quality_location":2,"quality_waste":1,"status":"Not Reported","estimated":false}},{"type":"Feature","id":"hydrowaste-47771","geometry":{"type":"Point","coordinates":[-79.802,43.309]},"properties":{"id":"hydrowaste-47771","type":"wastewater-treatment","name":"Burlington Skyway Wastewater Treatment Plant","country":"CAN","source_id":"hydrowaste-2022","year":null,"value":95400.0,"unit":"m³/day","metric":"Reported treated effluent","original_value":95400.0,"original_unit":"m³/day","source_row":47771,"quality_location":2,"quality_waste":1,"status":"Operational","estimated":false}},{"type":"Feature","id":"hydrowaste-38609","geometry":{"type":"Point","coordinates":[-122.142,47.792]},"properties":{"id":"hydrowaste-38609","type":"wastewater-treatment","name":"Brightwater Treatment Plant","country":"USA","source_id":"hydrowaste-2022","year":null,"value":95392.377,"unit":"m³/day","metric":"Reported treated effluent","original_value":95392.377,"original_unit":"m³/day","source_row":38609,"quality_location":2,"quality_waste":1,"status":"Not Reported","estimated":false}},{"type":"Feature","id":"hydrowaste-19783","geometry":{"type":"Point","coordinates":[6.7,51.273]},"properties":{"id":"hydrowaste-19783","type":"wastewater-treatment","name":"Dusseldorf Nord","country":"DEU","source_id":"hydrowaste-2022","year":null,"value":95024.0,"unit":"m³/day","metric":"Reported treated effluent","original_value":95024.0,"original_unit":"m³/day","source_row":19783,"quality_location":2,"quality_waste":1,"status":"Not Reported","estimated":false}},{"type":"Feature","id":"hydrowaste-28087","geometry":{"type":"Point","coordinates":[-86.911,40.401]},"properties":{"id":"hydrowaste-28087","type":"wastewater-treatment","name":"LAFAYETTE WWTP","country":"USA","source_id":"hydrowaste-2022","year":null,"value":95013.836,"unit":"m³/day","metric":"Reported treated effluent","original_value":95013.836,"original_unit":"m³/day","source_row":28087,"quality_location":2,"quality_waste":1,"status":"Not Reported","estimated":false}},{"type":"Feature","id":"hydrowaste-45411","geometry":{"type":"Point","coordinates":[115.091,40.584]},"properties":{"id":"hydrowaste-45411","type":"wastewater-treatment","name":"Hebei","country":"CHN","source_id":"hydrowaste-2022","year":null,"value":95000.0,"unit":"m³/day","metric":"Reported treated effluent","original_value":95000.0,"original_unit":"m³/day","source_row":45411,"quality_location":4,"quality_waste":1,"status":"Not Reported","estimated":false}},{"type":"Feature","id":"hydrowaste-46958","geometry":{"type":"Point","coordinates":[116.593,23.661]},"properties":{"id":"hydrowaste-46958","type":"wastewater-treatment","name":"Guangdong","country":"CHN","source_id":"hydrowaste-2022","year":null,"value":95000.0,"unit":"m³/day","metric":"Reported treated effluent","original_value":95000.0,"original_unit":"m³/day","source_row":46958,"quality_location":4,"quality_waste":1,"status":"Not Reported","estimated":false}},{"type":"Feature","id":"hydrowaste-6435","geometry":{"type":"Point","coordinates":[11.081,43.849]},"properties":{"id":"hydrowaste-6435","type":"wastewater-treatment","name":"IDL_BACIACAVALLO","country":"ITA","source_id":"hydrowaste-2022","year":null,"value":94665.811,"unit":"m³/day","metric":"Reported treated effluent","original_value":94665.811,"original_unit":"m³/day","source_row":6435,"quality_location":2,"quality_waste":1,"status":"Not Reported","estimated":false}},{"type":"Feature","id":"hydrowaste-27026","geometry":{"type":"Point","coordinates":[-84.224,33.666]},"properties":{"id":"hydrowaste-27026","type":"wastewater-treatment","name":"DEKALB CO SNAPFINGER CR WPCP","country":"USA","source_id":"hydrowaste-2022","year":null,"value":94635.295,"unit":"m³/day","metric":"Reported treated effluent","original_value":94635.295,"original_unit":"m³/day","source_row":27026,"quality_location":2,"quality_waste":1,"status":"Not Reported","estimated":false}},{"type":"Feature","id":"hydrowaste-27635","geometry":{"type":"Point","coordinates":[-90.186,38.591]},"properties":{"id":"hydrowaste-27635","type":"wastewater-treatment","name":"SAUGET   AMERICAN BOTTOMS REG STP","country":"USA","source_id":"hydrowaste-2022","year":null,"value":94635.295,"unit":"m³/day","metric":"Reported treated effluent","original_value":94635.295,"original_unit":"m³/day","source_row":27635,"quality_location":2,"quality_waste":1,"status":"Not Reported","estimated":false}},{"type":"Feature","id":"hydrowaste-28024","geometry":{"type":"Point","coordinates":[-87.389,41.609]},"properties":{"id":"hydrowaste-28024","type":"wastewater-treatment","name":"GARY SANITARY DISTRICT","country":"USA","source_id":"hydrowaste-2022","year":null,"value":94635.295,"unit":"m³/day","metric":"Reported treated effluent","original_value":94635.295,"original_unit":"m³/day","source_row":28024,"quality_location":2,"quality_waste":1,"status":"Not Reported","estimated":false}},{"type":"Feature","id":"hydrowaste-30990","geometry":{"type":"Point","coordinates":[-83.909,43.464]},"properties":{"id":"hydrowaste-30990","type":"wastewater-treatment","name":"SAGINAW STP","country":"USA","source_id":"hydrowaste-2022","year":null,"value":94635.295,"unit":"m³/day","metric":"Reported treated effluent","original_value":94635.295,"original_unit":"m³/day","source_row":30990,"quality_location":2,"quality_waste":1,"status":"Not Reported","estimated":false}},{"type":"Feature","id":"hydrowaste-47517","geometry":{"type":"Point","coordinates":[107.049,33.046]},"properties":{"id":"hydrowaste-47517","type":"wastewater-treatment","name":"Shaanxi","country":"CHN","source_id":"hydrowaste-2022","year":null,"value":94400.0,"unit":"m³/day","metric":"Reported treated effluent","original_value":94400.0,"original_unit":"m³/day","source_row":47517,"quality_location":4,"quality_waste":1,"status":"Not Reported","estimated":false}},{"type":"Feature","id":"hydrowaste-19599","geometry":{"type":"Point","coordinates":[8.715,53.116]},"properties":{"id":"hydrowaste-19599","type":"wastewater-treatment","name":"Klaranlage Seehausen","country":"DEU","source_id":"hydrowaste-2022","year":null,"value":94032.756,"unit":"m³/day","metric":"Reported treated effluent","original_value":94032.756,"original_unit":"m³/day","source_row":19599,"quality_location":2,"quality_waste":1,"status":"Not Reported","estimated":false}},{"type":"Feature","id":"hydrowaste-45753","geometry":{"type":"Point","coordinates":[121.24,30.994]},"properties":{"id":"hydrowaste-45753","type":"wastewater-treatment","name":"Shanghai","country":"CHN","source_id":"hydrowaste-2022","year":null,"value":94000.0,"unit":"m³/day","metric":"Reported treated effluent","original_value":94000.0,"original_unit":"m³/day","source_row":45753,"quality_location":4,"quality_waste":1,"status":"Not Reported","estimated":false}},{"type":"Feature","id":"hydrowaste-42694","geometry":{"type":"Point","coordinates":[-117.044,32.535]},"properties":{"id":"hydrowaste-42694","type":"wastewater-treatment","name":"Binacional o Pitar","country":"MEX","source_id":"hydrowaste-2022","year":null,"value":93821.76,"unit":"m³/day","metric":"Reported treated effluent","original_value":93821.76,"original_unit":"m³/day","source_row":42694,"quality_location":3,"quality_waste":1,"status":"Not Reported","estimated":false}},{"type":"Feature","id":"hydrowaste-47818","geometry":{"type":"Point","coordinates":[-63.577,44.653]},"properties":{"id":"hydrowaste-47818","type":"wastewater-treatment","name":"Halifax Wastewater Treatment Facility","country":"CAN","source_id":"hydrowaste-2022","year":null,"value":93806.0,"unit":"m³/day","metric":"Reported treated effluent","original_value":93806.0,"original_unit":"m³/day","source_row":47818,"quality_location":2,"quality_waste":1,"status":"Operational","estimated":false}},{"type":"Feature","id":"hydrowaste-45252","geometry":{"type":"Point","coordinates":[115.45,38.903]},"properties":{"id":"hydrowaste-45252","type":"wastewater-treatment","name":"Hebei","country":"CHN","source_id":"hydrowaste-2022","year":null,"value":93400.0,"unit":"m³/day","metric":"Reported treated effluent","original_value":93400.0,"original_unit":"m³/day","source_row":45252,"quality_location":4,"quality_waste":1,"status":"Not Reported","estimated":false}},{"type":"Feature","id":"hydrowaste-45893","geometry":{"type":"Point","coordinates":[120.963,31.42]},"properties":{"id":"hydrowaste-45893","type":"wastewater-treatment","name":"Jiangsu","country":"CHN","source_id":"hydrowaste-2022","year":null,"value":93400.0,"unit":"m³/day","metric":"Reported treated effluent","original_value":93400.0,"original_unit":"m³/day","source_row":45893,"quality_location":4,"quality_waste":1,"status":"Not Reported","estimated":false}},{"type":"Feature","id":"hydrowaste-47118","geometry":{"type":"Point","coordinates":[110.384,21.299]},"properties":{"id":"hydrowaste-47118","type":"wastewater-treatment","name":"Guangdong","country":"CHN","source_id":"hydrowaste-2022","year":null,"value":93400.0,"unit":"m³/day","metric":"Reported treated effluent","original_value":93400.0,"original_unit":"m³/day","source_row":47118,"quality_location":4,"quality_waste":1,"status":"Not Reported","estimated":false}},{"type":"Feature","id":"hydrowaste-43649","geometry":{"type":"Point","coordinates":[-108.992,25.793]},"properties":{"id":"hydrowaste-43649","type":"wastewater-treatment","name":"Los Mochis","country":"MEX","source_id":"hydrowaste-2022","year":null,"value":93312.0,"unit":"m³/day","metric":"Reported treated effluent","original_value":93312.0,"original_unit":"m³/day","source_row":43649,"quality_location":3,"quality_waste":1,"status":"Not Reported","estimated":false}},{"type":"Feature","id":"hydrowaste-9729","geometry":{"type":"Point","coordinates":[-1.062,38.0]},"properties":{"id":"hydrowaste-9729","type":"wastewater-treatment","name":"MURCIA ESTE","country":"ESP","source_id":"hydrowaste-2022","year":null,"value":93183.562,"unit":"m³/day","metric":"Reported treated effluent","original_value":93183.562,"original_unit":"m³/day","source_row":9729,"quality_location":2,"quality_waste":1,"status":"Not Reported","estimated":false}},{"type":"Feature","id":"hydrowaste-27346","geometry":{"type":"Point","coordinates":[-158.036,21.33]},"properties":{"id":"hydrowaste-27346","type":"wastewater-treatment","name":"HONOULIULI WWTP","country":"USA","source_id":"hydrowaste-2022","year":null,"value":93121.13,"unit":"m³/day","metric":"Reported treated effluent","original_value":93121.13,"original_unit":"m³/day","source_row":27346,"quality_location":2,"quality_waste":1,"status":"Not Reported","estimated":false}},{"type":"Feature","id":"hydrowaste-45311","geometry":{"type":"Point","coordinates":[114.517,36.609]},"properties":{"id":"hydrowaste-45311","type":"wastewater-treatment","name":"Hebei","country":"CHN","source_id":"hydrowaste-2022","year":null,"value":93000.0,"unit":"m³/day","metric":"Reported treated effluent","original_value":93000.0,"original_unit":"m³/day","source_row":45311,"quality_location":4,"quality_waste":1,"status":"Not Reported","estimated":false}},{"type":"Feature","id":"hydrowaste-46770","geometry":{"type":"Point","coordinates":[112.297,30.297]},"properties":{"id":"hydrowaste-46770","type":"wastewater-treatment","name":"Hubei","country":"CHN","source_id":"hydrowaste-2022","year":null,"value":93000.0,"unit":"m³/day","metric":"Reported treated effluent","original_value":93000.0,"original_unit":"m³/day","source_row":46770,"quality_location":4,"quality_waste":1,"status":"Not Reported","estimated":false}},{"type":"Feature","id":"hydrowaste-47081","geometry":{"type":"Point","coordinates":[113.545,24.865]},"properties":{"id":"hydrowaste-47081","type":"wastewater-treatment","name":"Guangdong","country":"CHN","source_id":"hydrowaste-2022","year":null,"value":93000.0,"unit":"m³/day","metric":"Reported treated effluent","original_value":93000.0,"original_unit":"m³/day","source_row":47081,"quality_location":4,"quality_waste":1,"status":"Not Reported","estimated":false}},{"type":"Feature","id":"hydrowaste-47187","geometry":{"type":"Point","coordinates":[110.309,25.223]},"properties":{"id":"hydrowaste-47187","type":"wastewater-treatment","name":"Guangxi","country":"CHN","source_id":"hydrowaste-2022","year":null,"value":93000.0,"unit":"m³/day","metric":"Reported treated effluent","original_value":93000.0,"original_unit":"m³/day","source_row":47187,"quality_location":4,"quality_waste":1,"status":"Not Reported","estimated":false}},{"type":"Feature","id":"hydrowaste-28554","geometry":{"type":"Point","coordinates":[-91.564,41.958]},"properties":{"id":"hydrowaste-28554","type":"wastewater-treatment","name":"CEDAR RAPIDS WWTP","country":"USA","source_id":"hydrowaste-2022","year":null,"value":92856.151,"unit":"m³/day","metric":"Reported treated effluent","original_value":92856.151,"original_unit":"m³/day","source_row":28554,"quality_location":2,"quality_waste":1,"status":"Not Reported","estimated":false}},{"type":"Feature","id":"hydrowaste-27748","geometry":{"type":"Point","coordinates":[-88.353,41.716]},"properties":{"id":"hydrowaste-27748","type":"wastewater-treatment","name":"FOX METRO WATER RECLAMATION DISTRICT","country":"USA","source_id":"hydrowaste-2022","year":null,"value":92742.589,"unit":"m³/day","metric":"Reported treated effluent","original_value":92742.589,"original_unit":"m³/day","source_row":27748,"quality_location":2,"quality_waste":1,"status":"Not Reported","estimated":false}},{"type":"Feature","id":"hydrowaste-45593","geometry":{"type":"Point","coordinates":[121.643,38.885]},"properties":{"id":"hydrowaste-45593","type":"wastewater-treatment","name":"Liaoning","country":"CHN","source_id":"hydrowaste-2022","year":null,"value":92000.0,"unit":"m³/day","metric":"Reported treated effluent","original_value":92000.0,"original_unit":"m³/day","source_row":45593,"quality_location":4,"quality_waste":1,"status":"Not Reported","estimated":false}},{"type":"Feature","id":"hydrowaste-45757","geometry":{"type":"Point","coordinates":[121.461,31.18]},"properties":{"id":"hydrowaste-45757","type":"wastewater-treatment","name":"Shanghai","country":"CHN","source_id":"hydrowaste-2022","year":null,"value":92000.0,"unit":"m³/day","metric":"Reported treated effluent","original_value":92000.0,"original_unit":"m³/day","source_row":45757,"quality_location":4,"quality_waste":1,"status":"Not Reported","estimated":false}},{"type":"Feature","id":"hydrowaste-47587","geometry":{"type":"Point","coordinates":[106.324,38.472]},"properties":{"id":"hydrowaste-47587","type":"wastewater-treatment","name":"Ningxia Hui","country":"CHN","source_id":"hydrowaste-2022","year":null,"value":92000.0,"unit":"m³/day","metric":"Reported treated effluent","original_value":92000.0,"original_unit":"m³/day","source_row":47587,"quality_location":4,"quality_waste":1,"status":"Not Reported","estimated":false}},{"type":"Feature","id":"hydrowaste-30979","geometry":{"type":"Point","coordinates":[-83.554,42.225]},"properties":{"id":"hydrowaste-30979","type":"wastewater-treatment","name":"YCUA WWTP","country":"USA","source_id":"hydrowaste-2022","year":null,"value":91735.67,"unit":"m³/day","metric":"Reported treated effluent","original_value":91735.67,"original_unit":"m³/day","source_row":30979,"quality_location":2,"quality_waste":1,"status":"Not Reported","estimated":false}},{"type":"Feature","id":"hydrowaste-45748","geometry":{"type":"Point","coordinates":[121.136,31.168]},"properties":{"id":"hydrowaste-45748","type":"wastewater-treatment","name":"Shanghai","country":"CHN","source_id":"hydrowaste-2022","year":null,"value":91700.0,"unit":"m³/day","metric":"Reported treated effluent","original_value":91700.0,"original_unit":"m³/day","source_row":45748,"quality_location":4,"quality_waste":1,"status":"Not Reported","estimated":false}},{"type":"Feature","id":"hydrowaste-46201","geometry":{"type":"Point","coordinates":[115.847,32.877]},"properties":{"id":"hydrowaste-46201","type":"wastewater-treatment","name":"Anhui","country":"CHN","source_id":"hydrowaste-2022","year":null,"value":91700.0,"unit":"m³/day","metric":"Reported treated effluent","original_value":91700.0,"original_unit":"m³/day","source_row":46201,"quality_location":4,"quality_waste":1,"status":"Not Reported","estimated":false}},{"type":"Feature","id":"hydrowaste-46594","geometry":{"type":"Point","coordinates":[114.413,36.091]},"properties":{"id":"hydrowaste-46594","type":"wastewater-treatment","name":"Henan","country":"CHN","source_id":"hydrowaste-2022","year":null,"value":91700.0,"unit":"m³/day","metric":"Reported treated effluent","original_value":91700.0,"original_unit":"m³/day","source_row":46594,"quality_location":4,"quality_waste":1,"status":"Not Reported","estimated":false}},{"type":"Feature","id":"hydrowaste-18587","geometry":{"type":"Point","coordinates":[3.215,51.255]},"properties":{"id":"hydrowaste-18587","type":"wastewater-treatment","name":"Brugge","country":"BEL","source_id":"hydrowaste-2022","year":null,"value":91552.408,"unit":"m³/day","metric":"Reported treated effluent","original_value":91552.408,"original_unit":"m³/day","source_row":18587,"quality_location":2,"quality_waste":1,"status":"Not Reported","estimated":false}},{"type":"Feature","id":"hydrowaste-33188","geometry":{"type":"Point","coordinates":[-71.458,42.943]},"properties":{"id":"hydrowaste-33188","type":"wastewater-treatment","name":"Manchester WWTF","country":"USA","source_id":"hydrowaste-2022","year":null,"value":91493.403,"unit":"m³/day","metric":"Reported treated effluent","original_value":91493.403,"original_unit":"m³/day","source_row":33188,"quality_location":2,"quality_waste":1,"status":"Not Reported","estimated":false}},{"type":"Feature","id":"hydrowaste-46068","geometry":{"type":"Point","coordinates":[120.742,30.372]},"properties":{"id":"hydrowaste-46068","type":"wastewater-treatment","name":"Zhejiang","country":"CHN","source_id":"hydrowaste-2022","year":null,"value":91300.0,"unit":"m³/day","metric":"Reported treated effluent","original_value":91300.0,"original_unit":"m³/day","source_row":46068,"quality_location":4,"quality_waste":1,"status":"Not Reported","estimated":false}},{"type":"Feature","id":"hydrowaste-26536","geometry":{"type":"Point","coordinates":[-73.212,41.161]},"properties":{"id":"hydrowaste-26536","type":"wastewater-treatment","name":"BRIDGEPORT WESTSIDE","country":"USA","source_id":"hydrowaste-2022","year":null,"value":91198.141,"unit":"m³/day","metric":"Reported treated effluent","original_value":91198.141,"original_unit":"m³/day","source_row":26536,"quality_location":2,"quality_waste":1,"status":"Not Reported","estimated":false}},{"type":"Feature","id":"hydrowaste-34082","geometry":{"type":"Point","coordinates":[-78.814,43.05]},"properties":{"id":"hydrowaste-34082","type":"wastewater-treatment","name":"Amherst T WWTP 16 and Onsites","country":"USA","source_id":"hydrowaste-2022","year":null,"value":91164.072,"unit":"m³/day","metric":"Reported treated effluent","original_value":91164.072,"original_unit":"m³/day","source_row":34082,"quality_location":2,"quality_waste":1,"status":"Not Reported","estimated":false}},{"type":"Feature","id":"hydrowaste-45639","geometry":{"type":"Point","coordinates":[123.81,42.306]},"properties":{"id":"hydrowaste-45639","type":"wastewater-treatment","name":"Liaoning","country":"CHN","source_id":"hydrowaste-2022","year":null,"value":91100.0,"unit":"m³/day","metric":"Reported treated effluent","original_value":91100.0,"original_unit":"m³/day","source_row":45639,"quality_location":4,"quality_waste":1,"status":"Not Reported","estimated":false}},{"type":"Feature","id":"hydrowaste-19277","geometry":{"type":"Point","coordinates":[9.515,52.418]},"properties":{"id":"hydrowaste-19277","type":"wastewater-treatment","name":"2530142095 KA Gummerwald","country":"DEU","source_id":"hydrowaste-2022","year":null,"value":91052.49,"unit":"m³/day","metric":"Reported treated effluent","original_value":91052.49,"original_unit":"m³/day","source_row":19277,"quality_location":2,"quality_waste":1,"status":"Not Reported","estimated":false}},{"type":"Feature","id":"hydrowaste-46035","geometry":{"type":"Point","coordinates":[120.172,30.202]},"properties":{"id":"hydrowaste-46035","type":"wastewater-treatment","name":"Zhejiang","country":"CHN","source_id":"hydrowaste-2022","year":null,"value":91000.0,"unit":"m³/day","metric":"Reported treated effluent","original_value":91000.0,"original_unit":"m³/day","source_row":46035,"quality_location":4,"quality_waste":1,"status":"Not Reported","estimated":false}},{"type":"Feature","id":"hydrowaste-46828","geometry":{"type":"Point","coordinates":[113.023,28.235]},"properties":{"id":"hydrowaste-46828","type":"wastewater-treatment","name":"Hunan","country":"CHN","source_id":"hydrowaste-2022","year":null,"value":91000.0,"unit":"m³/day","metric":"Reported treated effluent","original_value":91000.0,"original_unit":"m³/day","source_row":46828,"quality_location":4,"quality_waste":1,"status":"Not Reported","estimated":false}},{"type":"Feature","id":"hydrowaste-47343","geometry":{"type":"Point","coordinates":[104.396,31.075]},"properties":{"id":"hydrowaste-47343","type":"wastewater-treatment","name":"Sichuan","country":"CHN","source_id":"hydrowaste-2022","year":null,"value":91000.0,"unit":"m³/day","metric":"Reported treated effluent","original_value":91000.0,"original_unit":"m³/day","source_row":47343,"quality_location":4,"quality_waste":1,"status":"Not Reported","estimated":false}},{"type":"Feature","id":"hydrowaste-43172","geometry":{"type":"Point","coordinates":[-96.138,19.199]},"properties":{"id":"hydrowaste-43172","type":"wastewater-treatment","name":"Playa Norte","country":"MEX","source_id":"hydrowaste-2022","year":null,"value":90979.2,"unit":"m³/day","metric":"Reported treated effluent","original_value":90979.2,"original_unit":"m³/day","source_row":43172,"quality_location":3,"quality_waste":1,"status":"Not Reported","estimated":false}},{"type":"Feature","id":"hydrowaste-33578","geometry":{"type":"Point","coordinates":[-74.112,40.548]},"properties":{"id":"hydrowaste-33578","type":"wastewater-treatment","name":"New York C   Oakwood Beach WPCP","country":"USA","source_id":"hydrowaste-2022","year":null,"value":90925.591,"unit":"m³/day","metric":"Reported treated effluent","original_value":90925.591,"original_unit":"m³/day","source_row":33578,"quality_location":2,"quality_waste":1,"status":"Not Reported","estimated":false}},{"type":"Feature","id":"hydrowaste-20113","geometry":{"type":"Point","coordinates":[6.731,51.445]},"properties":{"id":"hydrowaste-20113","type":"wastewater-treatment","name":"Duisburg Kasslerfeld","country":"DEU","source_id":"hydrowaste-2022","year":null,"value":90918.0,"unit":"m³/day","metric":"Reported treated effluent","original_value":90918.0,"original_unit":"m³/day","source_row":20113,"quality_location":2,"quality_waste":1,"status":"Not Reported","estimated":false}},{"type":"Feature","id":"hydrowaste-27693","geometry":{"type":"Point","coordinates":[-89.645,39.844]},"properties":{"id":"hydrowaste-27693","type":"wastewater-treatment","name":"SPFLD METRO SD SPRING CREEK WWTP","country":"USA","source_id":"hydrowaste-2022","year":null,"value":90849.883,"unit":"m³/day","metric":"Reported treated effluent","original_value":90849.883,"original_unit":"m³/day","source_row":27693,"quality_location":2,"quality_waste":1,"status":"Not Reported","estimated":false}},{"type":"Feature","id":"hydrowaste-28056","geometry":{"type":"Point","coordinates":[-87.432,39.429]},"properties":{"id":"hydrowaste-28056","type":"wastewater-treatment","name":"TERRE HAUTE WWTP","country":"USA","source_id":"hydrowaste-2022","year":null,"value":90849.883,"unit":"m³/day","metric":"Reported treated effluent","original_value":90849.883,"original_unit":"m³/day","source_row":28056,"quality_location":2,"quality_waste":1,"status":"Not Reported","estimated":false}},{"type":"Feature","id":"hydrowaste-42505","geometry":{"type":"Point","coordinates":[-49.374,-20.735]},"properties":{"id":"hydrowaste-42505","type":"wastewater-treatment","name":"ETE RIO PRETO","country":"BRA","source_id":"hydrowaste-2022","year":null,"value":90720.0,"unit":"m³/day","metric":"Reported treated effluent","original_value":90720.0,"original_unit":"m³/day","source_row":42505,"quality_location":2,"quality_waste":1,"status":"Not Reported","estimated":false}},{"type":"Feature","id":"hydrowaste-8111","geometry":{"type":"Point","coordinates":[-2.744,42.855]},"properties":{"id":"hydrowaste-8111","type":"wastewater-treatment","name":"CRISPIJANA","country":"ESP","source_id":"hydrowaste-2022","year":null,"value":90402.888,"unit":"m³/day","metric":"Reported treated effluent","original_value":90402.888,"original_unit":"m³/day","source_row":8111,"quality_location":2,"quality_waste":1,"status":"Not Reported","estimated":false}},{"type":"Feature","id":"hydrowaste-4907","geometry":{"type":"Point","coordinates":[12.535,44.062]},"properties":{"id":"hydrowaste-4907","type":"wastewater-treatment","name":"RIMINI_S_GIUSTINA","country":"ITA","source_id":"hydrowaste-2022","year":null,"value":90390.148,"unit":"m³/day","metric":"Reported treated effluent","original_value":90390.148,"original_unit":"m³/day","source_row":4907,"quality_location":2,"quality_waste":1,"status":"Not Reported","estimated":false}},{"type":"Feature","id":"hydrowaste-47217","geometry":{"type":"Point","coordinates":[109.413,24.374]},"properties":{"id":"hydrowaste-47217","type":"wastewater-treatment","name":"Guangxi","country":"CHN","source_id":"hydrowaste-2022","year":null,"value":90200.0,"unit":"m³/day","metric":"Reported treated effluent","original_value":90200.0,"original_unit":"m³/day","source_row":47217,"quality_location":4,"quality_waste":1,"status":"Not Reported","estimated":false}},{"type":"Feature","id":"hydrowaste-45672","geometry":{"type":"Point","coordinates":[124.869,43.508]},"properties":{"id":"hydrowaste-45672","type":"wastewater-treatment","name":"Jilin","country":"CHN","source_id":"hydrowaste-2022","year":null,"value":90000.0,"unit":"m³/day","metric":"Reported treated effluent","original_value":90000.0,"original_unit":"m³/day","source_row":45672,"quality_location":4,"quality_waste":1,"status":"Not Reported","estimated":false}},{"type":"Feature","id":"hydrowaste-23616","geometry":{"type":"Point","coordinates":[16.627,49.124]},"properties":{"id":"hydrowaste-23616","type":"wastewater-treatment","name":"COV Brno   Modrice","country":"CZE","source_id":"hydrowaste-2022","year":null,"value":89471.236,"unit":"m³/day","metric":"Reported treated effluent","original_value":89471.236,"original_unit":"m³/day","source_row":23616,"quality_location":2,"quality_waste":1,"status":"Not Reported","estimated":false}},{"type":"Feature","id":"hydrowaste-37069","geometry":{"type":"Point","coordinates":[-71.368,41.851]},"properties":{"id":"hydrowaste-37069","type":"wastewater-treatment","name":"BUCKLIN PT STP","country":"USA","source_id":"hydrowaste-2022","year":null,"value":89335.718,"unit":"m³/day","metric":"Reported treated effluent","original_value":89335.718,"original_unit":"m³/day","source_row":37069,"quality_location":2,"quality_waste":1,"status":"Not Reported","estimated":false}},{"type":"Feature","id":"hydrowaste-8347","geometry":{"type":"Point","coordinates":[-3.682,40.365]},"properties":{"id":"hydrowaste-8347","type":"wastewater-treatment","name":"LA CHINA","country":"ESP","source_id":"hydrowaste-2022","year":null,"value":89236.671,"unit":"m³/day","metric":"Reported treated effluent","original_value":89236.671,"original_unit":"m³/day","source_row":8347,"quality_location":2,"quality_waste":1,"status":"Not Reported","estimated":false}},{"type":"Feature","id":"hydrowaste-34228","geometry":{"type":"Point","coordinates":[-80.309,36.037]},"properties":{"id":"hydrowaste-34228","type":"wastewater-treatment","name":"ARCHIE ELLEDGE WWTP","country":"USA","source_id":"hydrowaste-2022","year":null,"value":89146.448,"unit":"m³/day","metric":"Reported treated effluent","original_value":89146.448,"original_unit":"m³/day","source_row":34228,"quality_location":2,"quality_waste":1,"status":"Not Reported","estimated":false}},{"type":"Feature","id":"hydrowaste-28147","geometry":{"type":"Point","coordinates":[-86.117,40.483]},"properties":{"id":"hydrowaste-28147","type":"wastewater-treatment","name":"KOKOMO MUN WWTP","country":"USA","source_id":"hydrowaste-2022","year":null,"value":88957.177,"unit":"m³/day","metric":"Reported treated effluent","original_value":88957.177,"original_unit":"m³/day","source_row":28147,"quality_location":2,"quality_waste":1,"status":"Not Reported","estimated":false}},{"type":"Feature","id":"hydrowaste-46048","geometry":{"type":"Point","coordinates":[119.935,30.036]},"properties":{"id":"hydrowaste-46048","type":"wastewater-treatment","name":"Zhejiang","country":"CHN","source_id":"hydrowaste-2022","year":null,"value":88900.0,"unit":"m³/day","metric":"Reported treated effluent","original_value":88900.0,"original_unit":"m³/day","source_row":46048,"quality_location":4,"quality_waste":1,"status":"Not Reported","estimated":false}},{"type":"Feature","id":"hydrowaste-46317","geometry":{"type":"Point","coordinates":[116.337,28.004]},"properties":{"id":"hydrowaste-46317","type":"wastewater-treatment","name":"Jiangxi","country":"CHN","source_id":"hydrowaste-2022","year":null,"value":88900.0,"unit":"m³/day","metric":"Reported treated effluent","original_value":88900.0,"original_unit":"m³/day","source_row":46317,"quality_location":4,"quality_waste":1,"status":"Not Reported","estimated":false}},{"type":"Feature","id":"hydrowaste-45331","geometry":{"type":"Point","coordinates":[115.711,37.761]},"properties":{"id":"hydrowaste-45331","type":"wastewater-treatment","name":"Hebei","country":"CHN","source_id":"hydrowaste-2022","year":null,"value":88800.0,"unit":"m³/day","metric":"Reported treated effluent","original_value":88800.0,"original_unit":"m³/day","source_row":45331,"quality_location":4,"quality_waste":1,"status":"Not Reported","estimated":false}},{"type":"Feature","id":"hydrowaste-19044","geometry":{"type":"Point","coordinates":[9.622,53.603]},"properties":{"id":"hydrowaste-19044","type":"wastewater-treatment","name":"Hetlingen","country":"DEU","source_id":"hydrowaste-2022","year":null,"value":88762.027,"unit":"m³/day","metric":"Reported treated effluent","original_value":88762.027,"original_unit":"m³/day","source_row":19044,"quality_location":2,"quality_waste":1,"status":"Not Reported","estimated":false}},{"type":"Feature","id":"hydrowaste-26713","geometry":{"type":"Point","coordinates":[-82.741,27.823]},"properties":{"id":"hydrowaste-26713","type":"wastewater-treatment","name":"South Cross Bayou WWTP","country":"USA","source_id":"hydrowaste-2022","year":null,"value":88578.636,"unit":"m³/day","metric":"Reported treated effluent","original_value":88578.636,"original_unit":"m³/day","source_row":26713,"quality_location":2,"quality_waste":1,"status":"Not Reported","estimated":false}},{"type":"Feature","id":"hydrowaste-47804","geometry":{"type":"Point","coordinates":[-123.137,49.318]},"properties":{"id":"hydrowaste-47804","type":"wastewater-treatment","name":"Lions Gate Wastewater Treatment Plant","country":"CAN","source_id":"hydrowaste-2022","year":null,"value":88407.0,"unit":"m³/day","metric":"Reported treated effluent","original_value":88407.0,"original_unit":"m³/day","source_row":47804,"quality_location":2,"quality_waste":1,"status":"Operational","estimated":false}},{"type":"Feature","id":"hydrowaste-47446","geometry":{"type":"Point","coordinates":[102.741,24.948]},"properties":{"id":"hydrowaste-47446","type":"wastewater-treatment","name":"Yunnan","country":"CHN","source_id":"hydrowaste-2022","year":null,"value":88300.0,"unit":"m³/day","metric":"Reported treated effluent","original_value":88300.0,"original_unit":"m³/day","source_row":47446,"quality_location":4,"quality_waste":1,"status":"Not Reported","estimated":false}},{"type":"Feature","id":"hydrowaste-46145","geometry":{"type":"Point","coordinates":[121.513,28.65]},"properties":{"id":"hydrowaste-46145","type":"wastewater-treatment","name":"Zhejiang","country":"CHN","source_id":"hydrowaste-2022","year":null,"value":88100.0,"unit":"m³/day","metric":"Reported treated effluent","original_value":88100.0,"original_unit":"m³/day","source_row":46145,"quality_location":4,"quality_waste":1,"status":"Not Reported","estimated":false}},{"type":"Feature","id":"hydrowaste-46115","geometry":{"type":"Point","coordinates":[121.759,29.973]},"properties":{"id":"hydrowaste-46115","type":"wastewater-treatment","name":"Zhejiang","country":"CHN","source_id":"hydrowaste-2022","year":null,"value":88000.0,"unit":"m³/day","metric":"Reported treated effluent","original_value":88000.0,"original_unit":"m³/day","source_row":46115,"quality_location":4,"quality_waste":1,"status":"Not Reported","estimated":false}},{"type":"Feature","id":"hydrowaste-47079","geometry":{"type":"Point","coordinates":[113.534,24.685]},"properties":{"id":"hydrowaste-47079","type":"wastewater-treatment","name":"Guangdong","country":"CHN","source_id":"hydrowaste-2022","year":null,"value":88000.0,"unit":"m³/day","metric":"Reported treated effluent","original_value":88000.0,"original_unit":"m³/day","source_row":47079,"quality_location":4,"quality_waste":1,"status":"Not Reported","estimated":false}},{"type":"Feature","id":"hydrowaste-47321","geometry":{"type":"Point","coordinates":[104.279,30.871]},"properties":{"id":"hydrowaste-47321","type":"wastewater-treatment","name":"Sichuan","country":"CHN","source_id":"hydrowaste-2022","year":null,"value":88000.0,"unit":"m³/day","metric":"Reported treated effluent","original_value":88000.0,"original_unit":"m³/day","source_row":47321,"quality_location":4,"quality_waste":1,"status":"Not Reported","estimated":false}},{"type":"Feature","id":"hydrowaste-47420","geometry":{"type":"Point","coordinates":[104.912,26.569]},"properties":{"id":"hydrowaste-47420","type":"wastewater-treatment","name":"Guizhou","country":"CHN","source_id":"hydrowaste-2022","year":null,"value":88000.0,"unit":"m³/day","metric":"Reported treated effluent","original_value":88000.0,"original_unit":"m³/day","source_row":47420,"quality_location":4,"quality_waste":1,"status":"Not Reported","estimated":false}},{"type":"Feature","id":"hydrowaste-46274","geometry":{"type":"Point","coordinates":[118.616,24.873]},"properties":{"id":"hydrowaste-46274","type":"wastewater-treatment","name":"Fujian","country":"CHN","source_id":"hydrowaste-2022","year":null,"value":87700.0,"unit":"m³/day","metric":"Reported treated effluent","original_value":87700.0,"original_unit":"m³/day","source_row":46274,"quality_location":4,"quality_waste":1,"status":"Not Reported","estimated":false}},{"type":"Feature","id":"hydrowaste-46935","geometry":{"type":"Point","coordinates":[113.144,27.825]},"properties":{"id":"hydrowaste-46935","type":"wastewater-treatment","name":"Hunan","country":"CHN","source_id":"hydrowaste-2022","year":null,"value":87500.0,"unit":"m³/day","metric":"Reported treated effluent","original_value":87500.0,"original_unit":"m³/day","source_row":46935,"quality_location":4,"quality_waste":1,"status":"Not Reported","estimated":false}},{"type":"Feature","id":"hydrowaste-29367","geometry":{"type":"Point","coordinates":[-94.611,39.112]},"properties":{"id":"hydrowaste-29367","type":"wastewater-treatment","name":"KCK WWTP 1 KP WWTP","country":"USA","source_id":"hydrowaste-2022","year":null,"value":87443.013,"unit":"m³/day","metric":"Reported treated effluent","original_value":87443.013,"original_unit":"m³/day","source_row":29367,"quality_location":2,"quality_waste":1,"status":"Not Reported","estimated":false}},{"type":"Feature","id":"hydrowaste-45653","geometry":{"type":"Point","coordinates":[125.238,43.834]},"properties":{"id":"hydrowaste-45653","type":"wastewater-treatment","name":"Jilin","country":"CHN","source_id":"hydrowaste-2022","year":null,"value":87300.0,"unit":"m³/day","metric":"Reported treated effluent","original_value":87300.0,"original_unit":"m³/day","source_row":45653,"quality_location":4,"quality_waste":1,"status":"Not Reported","estimated":false}},{"type":"Feature","id":"hydrowaste-3675","geometry":{"type":"Point","coordinates":[8.703,45.608]},"properties":{"id":"hydrowaste-3675","type":"wastewater-treatment","name":"DP01209001_LONATE_POZZOLO","country":"ITA","source_id":"hydrowaste-2022","year":null,"value":87280.375,"unit":"m³/day","metric":"Reported treated effluent","original_value":87280.375,"original_unit":"m³/day","source_row":3675,"quality_location":2,"quality_waste":1,"status":"Not Reported","estimated":false}},{"type":"Feature","id":"hydrowaste-27711","geometry":{"type":"Point","coordinates":[-88.167,41.701]},"properties":{"id":"hydrowaste-27711","type":"wastewater-treatment","name":"NAPERVILLE","country":"USA","source_id":"hydrowaste-2022","year":null,"value":87178.034,"unit":"m³/day","metric":"Reported treated effluent","original_value":87178.034,"original_unit":"m³/day","source_row":27711,"quality_location":2,"quality_waste":1,"status":"Not Reported","estimated":false}},{"type":"Feature","id":"hydrowaste-33317","geometry":{"type":"Point","coordinates":[-74.078,40.045]},"properties":{"id":"hydrowaste-33317","type":"wastewater-treatment","name":"Ocean County UA Northern WPCF   CS_STP","country":"USA","source_id":"hydrowaste-2022","year":null,"value":87064.471,"unit":"m³/day","metric":"Reported treated effluent","original_value":87064.471,"original_unit":"m³/day","source_row":33317,"quality_location":2,"quality_waste":1,"status":"Not Reported","estimated":false}},{"type":"Feature","id":"hydrowaste-33318","geometry":{"type":"Point","coordinates":[-74.18,39.908]},"properties":{"id":"hydrowaste-33318","type":"wastewater-treatment","name":"Ocean County UA Central WPCF   CS_STP","country":"USA","source_id":"hydrowaste-2022","year":null,"value":87064.471,"unit":"m³/day","metric":"Reported treated effluent","original_value":87064.471,"original_unit":"m³/day","source_row":33318,"quality_location":2,"quality_waste":1,"status":"Not Reported","estimated":false}},{"type":"Feature","id":"hydrowaste-25325","geometry":{"type":"Point","coordinates":[-112.117,33.74]},"properties":{"id":"hydrowaste-25325","type":"wastewater-treatment","name":"North Gateway WRP","country":"USA","source_id":"hydrowaste-2022","year":null,"value":87064.469,"unit":"m³/day","metric":"Reported treated effluent","original_value":87064.469,"original_unit":"m³/day","source_row":25325,"quality_location":2,"quality_waste":1,"status":"Projected","estimated":false}},{"type":"Feature","id":"hydrowaste-19602","geometry":{"type":"Point","coordinates":[6.106,50.81]},"properties":{"id":"hydrowaste-19602","type":"wastewater-treatment","name":"Aachen Soers","country":"DEU","source_id":"hydrowaste-2022","year":null,"value":87021.175,"unit":"m³/day","metric":"Reported treated effluent","original_value":87021.175,"original_unit":"m³/day","source_row":19602,"quality_location":2,"quality_waste":1,"status":"Not Reported","estimated":false}},{"type":"Feature","id":"hydrowaste-47579","geometry":{"type":"Point","coordinates":[101.774,36.635]},"properties":{"id":"hydrowaste-47579","type":"wastewater-treatment","name":"Qinghai","country":"CHN","source_id":"hydrowaste-2022","year":null,"value":87000.0,"unit":"m³/day","metric":"Reported treated effluent","original_value":87000.0,"original_unit":"m³/day","source_row":47579,"quality_location":4,"quality_waste":1,"status":"Not Reported","estimated":false}},{"type":"Feature","id":"hydrowaste-26602","geometry":{"type":"Point","coordinates":[-73.529,41.045]},"properties":{"id":"hydrowaste-26602","type":"wastewater-treatment","name":"STAMFORD WPCF","country":"USA","source_id":"hydrowaste-2022","year":null,"value":86913.055,"unit":"m³/day","metric":"Reported treated effluent","original_value":86913.055,"original_unit":"m³/day","source_row":26602,"quality_location":2,"quality_waste":1,"status":"Not Reported","estimated":false}},{"type":"Feature","id":"hydrowaste-46249","geometry":{"type":"Point","coordinates":[119.27,26.07]},"properties":{"id":"hydrowaste-46249","type":"wastewater-treatment","name":"Fujian","country":"CHN","source_id":"hydrowaste-2022","year":null,"value":86800.0,"unit":"m³/day","metric":"Reported treated effluent","original_value":86800.0,"original_unit":"m³/day","source_row":46249,"quality_location":4,"quality_waste":1,"status":"Not Reported","estimated":false}},{"type":"Feature","id":"hydrowaste-36038","geometry":{"type":"Point","coordinates":[-122.765,45.403]},"properties":{"id":"hydrowaste-36038","type":"wastewater-treatment","name":"DURHAM STP","country":"USA","source_id":"hydrowaste-2022","year":null,"value":86757.853,"unit":"m³/day","metric":"Reported treated effluent","original_value":86757.853,"original_unit":"m³/day","source_row":36038,"quality_location":2,"quality_waste":1,"status":"Not Reported","estimated":false}},{"type":"Feature","id":"hydrowaste-39408","geometry":{"type":"Point","coordinates":[-87.785,42.704]},"properties":{"id":"hydrowaste-39408","type":"wastewater-treatment","name":"RACINE STP","country":"USA","source_id":"hydrowaste-2022","year":null,"value":86685.93,"unit":"m³/day","metric":"Reported treated effluent","original_value":86685.93,"original_unit":"m³/day","source_row":39408,"quality_location":2,"quality_waste":1,"status":"Not Reported","estimated":false}},{"type":"Feature","id":"hydrowaste-33748","geometry":{"type":"Point","coordinates":[-73.76,42.63]},"properties":{"id":"hydrowaste-33748","type":"wastewater-treatment","name":"Albany Co   ACSD South STP","country":"USA","source_id":"hydrowaste-2022","year":null,"value":86591.295,"unit":"m³/day","metric":"Reported treated effluent","original_value":86591.295,"original_unit":"m³/day","source_row":33748,"quality_location":2,"quality_waste":1,"status":"Not Reported","estimated":false}},{"type":"Feature","id":"hydrowaste-43666","geometry":{"type":"Point","coordinates":[-100.976,22.151]},"properties":{"id":"hydrowaste-43666","type":"wastewater-treatment","name":"Tanque Tenorio","country":"MEX","source_id":"hydrowaste-2022","year":null,"value":86400.0,"unit":"m³/day","metric":"Reported treated effluent","original_value":86400.0,"original_unit":"m³/day","source_row":43666,"quality_location":3,"quality_waste":1,"status":"Not Reported","estimated":false}},{"type":"Feature","id":"hydrowaste-19784","geometry":{"type":"Point","coordinates":[6.653,51.361]},"properties":{"id":"hydrowaste-19784","type":"wastewater-treatment","name":"Krefeld","country":"DEU","source_id":"hydrowaste-2022","year":null,"value":86171.427,"unit":"m³/day","metric":"Reported treated effluent","original_value":86171.427,"original_unit":"m³/day","source_row":19784,"quality_location":2,"quality_waste":1,"status":"Not Reported","estimated":false}},{"type":"Feature","id":"hydrowaste-45187","geometry":{"type":"Point","coordinates":[116.721,40.008]},"properties":{"id":"hydrowaste-45187","type":"wastewater-treatment","name":"Beijing","country":"CHN","source_id":"hydrowaste-2022","year":null,"value":85900.0,"unit":"m³/day","metric":"Reported treated effluent","original_value":85900.0,"original_unit":"m³/day","source_row":45187,"quality_location":4,"quality_waste":1,"status":"Not Reported","estimated":false}},{"type":"Feature","id":"hydrowaste-46607","geometry":{"type":"Point","coordinates":[113.283,35.286]},"properties":{"id":"hydrowaste-46607","type":"wastewater-treatment","name":"Henan","country":"CHN","source_id":"hydrowaste-2022","year":null,"value":85800.0,"unit":"m³/day","metric":"Reported treated effluent","original_value":85800.0,"original_unit":"m³/day","source_row":46607,"quality_location":4,"quality_waste":1,"status":"Not Reported","estimated":false}},{"type":"Feature","id":"hydrowaste-27105","geometry":{"type":"Point","coordinates":[-84.92,34.729]},"properties":{"id":"hydrowaste-27105","type":"wastewater-treatment","name":"RIVER BEND RD STP","country":"USA","source_id":"hydrowaste-2022","year":null,"value":85701.723,"unit":"m³/day","metric":"Reported treated effluent","original_value":85701.723,"original_unit":"m³/day","source_row":27105,"quality_location":2,"quality_waste":1,"status":"Not Reported","estimated":false}},{"type":"Feature","id":"hydrowaste-37213","geometry":{"type":"Point","coordinates":[-79.946,32.829]},"properties":{"id":"hydrowaste-37213","type":"wastewater-treatment","name":"NCSD_Felix C Davis WWTP","country":"USA","source_id":"hydrowaste-2022","year":null,"value":85565.448,"unit":"m³/day","metric":"Reported treated effluent","original_value":85565.448,"original_unit":"m³/day","source_row":37213,"quality_location":2,"quality_waste":1,"status":"Not Reported","estimated":false}},{"type":"Feature","id":"hydrowaste-45190","geometry":{"type":"Point","coordinates":[116.702,39.881]},"properties":{"id":"hydrowaste-45190","type":"wastewater-treatment","name":"Beijing","country":"CHN","source_id":"hydrowaste-2022","year":null,"value":85300.0,"unit":"m³/day","metric":"Reported treated effluent","original_value":85300.0,"original_unit":"m³/day","source_row":45190,"quality_location":4,"quality_waste":1,"status":"Not Reported","estimated":false}},{"type":"Feature","id":"hydrowaste-45412","geometry":{"type":"Point","coordinates":[114.898,40.711]},"properties":{"id":"hydrowaste-45412","type":"wastewater-treatment","name":"Hebei","country":"CHN","source_id":"hydrowaste-2022","year":null,"value":85000.0,"unit":"m³/day","metric":"Reported treated effluent","original_value":85000.0,"original_unit":"m³/day","source_row":45412,"quality_location":4,"quality_waste":1,"status":"Not Reported","estimated":false}},{"type":"Feature","id":"hydrowaste-46644","geometry":{"type":"Point","coordinates":[112.506,32.952]},"properties":{"id":"hydrowaste-46644","type":"wastewater-treatment","name":"Henan","country":"CHN","source_id":"hydrowaste-2022","year":null,"value":85000.0,"unit":"m³/day","metric":"Reported treated effluent","original_value":85000.0,"original_unit":"m³/day","source_row":46644,"quality_location":4,"quality_waste":1,"status":"Not Reported","estimated":false}},{"type":"Feature","id":"hydrowaste-47776","geometry":{"type":"Point","coordinates":[-106.603,52.183]},"properties":{"id":"hydrowaste-47776","type":"wastewater-treatment","name":"WASTEWATER TREATMENT PLANT","country":"CAN","source_id":"hydrowaste-2022","year":null,"value":85000.0,"unit":"m³/day","metric":"Reported treated effluent","original_value":85000.0,"original_unit":"m³/day","source_row":47776,"quality_location":2,"quality_waste":1,"status":"Operational","estimated":false}},{"type":"Feature","id":"hydrowaste-38493","geometry":{"type":"Point","coordinates":[-77.057,38.844]},"properties":{"id":"hydrowaste-38493","type":"wastewater-treatment","name":"ARLINGTON CO WPCP","country":"USA","source_id":"hydrowaste-2022","year":null,"value":84906.787,"unit":"m³/day","metric":"Reported treated effluent","original_value":84906.787,"original_unit":"m³/day","source_row":38493,"quality_location":2,"quality_waste":1,"status":"Not Reported","estimated":false}},{"type":"Feature","id":"hydrowaste-19785","geometry":{"type":"Point","coordinates":[6.462,51.246]},"properties":{"id":"hydrowaste-19785","type":"wastewater-treatment","name":"Monchengladbach GWK I","country":"DEU","source_id":"hydrowaste-2022","year":null,"value":84820.8,"unit":"m³/day","metric":"Reported treated effluent","original_value":84820.8,"original_unit":"m³/day","source_row":19785,"quality_location":2,"quality_waste":1,"status":"Not Reported","estimated":false}},{"type":"Feature","id":"hydrowaste-45740","geometry":{"type":"Point","coordinates":[121.88,31.047]},"properties":{"id":"hydrowaste-45740","type":"wastewater-treatment","name":"Shanghai","country":"CHN","source_id":"hydrowaste-2022","year":null,"value":84800.0,"unit":"m³/day","metric":"Reported treated effluent","original_value":84800.0,"original_unit":"m³/day","source_row":45740,"quality_location":4,"quality_waste":1,"status":"Not Reported","estimated":false}},{"type":"Feature","id":"hydrowaste-25967","geometry":{"type":"Point","coordinates":[-119.184,34.141]},"properties":{"id":"hydrowaste-25967","type":"wastewater-treatment","name":"Oxnard WWTP","country":"USA","source_id":"hydrowaste-2022","year":null,"value":84793.224,"unit":"m³/day","metric":"Reported treated effluent","original_value":84793.224,"original_unit":"m³/day","source_row":25967,"quality_location":2,"quality_waste":1,"status":"Not Reported","estimated":false}},{"type":"Feature","id":"hydrowaste-41772","geometry":{"type":"Point","coordinates":[-49.185,-25.473]},"properties":{"id":"hydrowaste-41772","type":"wastewater-treatment","name":"ETE ATUBA SUL","country":"BRA","source_id":"hydrowaste-2022","year":null,"value":84787.524,"unit":"m³/day","metric":"Reported treated effluent","original_value":84787.524,"original_unit":"m³/day","source_row":41772,"quality_location":2,"quality_waste":1,"status":"Not Reported","estimated":false}},{"type":"Feature","id":"hydrowaste-20115","geometry":{"type":"Point","coordinates":[6.723,51.491]},"properties":{"id":"hydrowaste-20115","type":"wastewater-treatment","name":"Duisburg Alte Emscher","country":"DEU","source_id":"hydrowaste-2022","year":null,"value":84603.427,"unit":"m³/day","metric":"Reported treated effluent","original_value":84603.427,"original_unit":"m³/day","source_row":20115,"quality_location":2,"quality_waste":1,"status":"Not Reported","estimated":false}},{"type":"Feature","id":"hydrowaste-45800","geometry":{"type":"Point","coordinates":[119.082,33.551]},"properties":{"id":"hydrowaste-45800","type":"wastewater-treatment","name":"Jiangsu","country":"CHN","source_id":"hydrowaste-2022","year":null,"value":84500.0,"unit":"m³/day","metric":"Reported treated effluent","original_value":84500.0,"original_unit":"m³/day","source_row":45800,"quality_location":4,"quality_waste":1,"status":"Not Reported","estimated":false}},{"type":"Feature","id":"hydrowaste-36436","geometry":{"type":"Point","coordinates":[-75.937,41.232]},"properties":{"id":"hydrowaste-36436","type":"wastewater-treatment","name":"WYOMING VALLEY SAN AUTH","country":"USA","source_id":"hydrowaste-2022","year":null,"value":84414.683,"unit":"m³/day","metric":"Reported treated effluent","original_value":84414.683,"original_unit":"m³/day","source_row":36436,"quality_location":2,"quality_waste":1,"status":"Not Reported","estimated":false}},{"type":"Feature","id":"hydrowaste-45693","geometry":{"type":"Point","coordinates":[125.065,46.514]},"properties":{"id":"hydrowaste-45693","type":"wastewater-treatment","name":"Heilongjiang","country":"CHN","source_id":"hydrowaste-2022","year":null,"value":84400.0,"unit":"m³/day","metric":"Reported treated effluent","original_value":84400.0,"original_unit":"m³/day","source_row":45693,"quality_location":4,"quality_waste":1,"status":"Not Reported","estimated":false}},{"type":"Feature","id":"hydrowaste-30373","geometry":{"type":"Point","coordinates":[-93.691,32.401]},"properties":{"id":"hydrowaste-30373","type":"wastewater-treatment","name":"SHREVEPORT LUCAS WWTP","country":"USA","source_id":"hydrowaste-2022","year":null,"value":84225.413,"unit":"m³/day","metric":"Reported treated effluent","original_value":84225.413,"original_unit":"m³/day","source_row":30373,"quality_location":2,"quality_waste":1,"status":"Not Reported","estimated":false}},{"type":"Feature","id":"hydrowaste-45710","geometry":{"type":"Point","coordinates":[129.65,44.641]},"properties":{"id":"hydrowaste-45710","type":"wastewater-treatment","name":"Heilongjiang","country":"CHN","source_id":"hydrowaste-2022","year":null,"value":84100.0,"unit":"m³/day","metric":"Reported treated effluent","original_value":84100.0,"original_unit":"m³/day","source_row":45710,"quality_location":4,"quality_waste":1,"status":"Not Reported","estimated":false}},{"type":"Feature","id":"hydrowaste-47152","geometry":{"type":"Point","coordinates":[113.568,22.293]},"properties":{"id":"hydrowaste-47152","type":"wastewater-treatment","name":"Guangdong","country":"CHN","source_id":"hydrowaste-2022","year":null,"value":84100.0,"unit":"m³/day","metric":"Reported treated effluent","original_value":84100.0,"original_unit":"m³/day","source_row":47152,"quality_location":4,"quality_waste":1,"status":"Not Reported","estimated":false}},{"type":"Feature","id":"hydrowaste-25951","geometry":{"type":"Point","coordinates":[-118.592,34.432]},"properties":{"id":"hydrowaste-25951","type":"wastewater-treatment","name":"Lancaster WRP","country":"USA","source_id":"hydrowaste-2022","year":null,"value":84036.142,"unit":"m³/day","metric":"Reported treated effluent","original_value":84036.142,"original_unit":"m³/day","source_row":25951,"quality_location":2,"quality_waste":1,"status":"Not Reported","estimated":false}},{"type":"Feature","id":"hydrowaste-45405","geometry":{"type":"Point","coordinates":[115.067,40.574]},"properties":{"id":"hydrowaste-45405","type":"wastewater-treatment","name":"Hebei","country":"CHN","source_id":"hydrowaste-2022","year":null,"value":84000.0,"unit":"m³/day","metric":"Reported treated effluent","original_value":84000.0,"original_unit":"m³/day","source_row":45405,"quality_location":4,"quality_waste":1,"status":"Not Reported","estimated":false}},{"type":"Feature","id":"hydrowaste-46069","geometry":{"type":"Point","coordinates":[120.688,30.412]},"properties":{"id":"hydrowaste-46069","type":"wastewater-treatment","name":"Zhejiang","country":"CHN","source_id":"hydrowaste-2022","year":null,"value":84000.0,"unit":"m³/day","metric":"Reported treated effluent","original_value":84000.0,"original_unit":"m³/day","source_row":46069,"quality_location":4,"quality_waste":1,"status":"Not Reported","estimated":false}},{"type":"Feature","id":"hydrowaste-46156","geometry":{"type":"Point","coordinates":[120.808,27.97]},"properties":{"id":"hydrowaste-46156","type":"wastewater-treatment","name":"Zhejiang","country":"CHN","source_id":"hydrowaste-2022","year":null,"value":84000.0,"unit":"m³/day","metric":"Reported treated effluent","original_value":84000.0,"original_unit":"m³/day","source_row":46156,"quality_location":4,"quality_waste":1,"status":"Not Reported","estimated":false}},{"type":"Feature","id":"hydrowaste-46211","geometry":{"type":"Point","coordinates":[117.03,32.68]},"properties":{"id":"hydrowaste-46211","type":"wastewater-treatment","name":"Anhui","country":"CHN","source_id":"hydrowaste-2022","year":null,"value":84000.0,"unit":"m³/day","metric":"Reported treated effluent","original_value":84000.0,"original_unit":"m³/day","source_row":46211,"quality_location":4,"quality_waste":1,"status":"Not Reported","estimated":false}},{"type":"Feature","id":"hydrowaste-24393","geometry":{"type":"Point","coordinates":[15.47,46.995]},"properties":{"id":"hydrowaste-24393","type":"wastewater-treatment","name":"Graz Gossendorf","country":"AUT","source_id":"hydrowaste-2022","year":null,"value":83877.668,"unit":"m³/day","metric":"Reported treated effluent","original_value":83877.668,"original_unit":"m³/day","source_row":24393,"quality_location":2,"quality_waste":1,"status":"Not Reported","estimated":false}},{"type":"Feature","id":"hydrowaste-43907","geometry":{"type":"Point","coordinates":[-101.117,19.739]},"properties":{"id":"hydrowaste-43907","type":"wastewater-treatment","name":"Morelia","country":"MEX","source_id":"hydrowaste-2022","year":null,"value":83376.0,"unit":"m³/day","metric":"Reported treated effluent","original_value":83376.0,"original_unit":"m³/day","source_row":43907,"quality_location":3,"quality_waste":1,"status":"Not Reported","estimated":false}},{"type":"Feature","id":"hydrowaste-42695","geometry":{"type":"Point","coordinates":[-117.044,32.535]},"properties":{"id":"hydrowaste-42695","type":"wastewater-treatment","name":"San Antonio de Los Buenos","country":"MEX","source_id":"hydrowaste-2022","year":null,"value":83358.72,"unit":"m³/day","metric":"Reported treated effluent","original_value":83358.72,"original_unit":"m³/day","source_row":42695,"quality_location":3,"quality_waste":1,"status":"Not Reported","estimated":false}},{"type":"Feature","id":"hydrowaste-8382","geometry":{"type":"Point","coordinates":[-3.663,40.346]},"properties":{"id":"hydrowaste-8382","type":"wastewater-treatment","name":"LA GAVIA","country":"ESP","source_id":"hydrowaste-2022","year":null,"value":83353.715,"unit":"m³/day","metric":"Reported treated effluent","original_value":83353.715,"original_unit":"m³/day","source_row":8382,"quality_location":2,"quality_waste":1,"status":"Not Reported","estimated":false}},{"type":"Feature","id":"hydrowaste-26329","geometry":{"type":"Point","coordinates":[-105.004,39.661]},"properties":{"id":"hydrowaste-26329","type":"wastewater-treatment","name":"LITTLETON_ENGLEWOOD WWTP","country":"USA","source_id":"hydrowaste-2022","year":null,"value":83279.06,"unit":"m³/day","metric":"Reported treated effluent","original_value":83279.06,"original_unit":"m³/day","source_row":26329,"quality_location":2,"quality_waste":1,"status":"Not Reported","estimated":false}},{"type":"Feature","id":"hydrowaste-26721","geometry":{"type":"Point","coordinates":[-80.167,26.492]},"properties":{"id":"hydrowaste-26721","type":"wastewater-treatment","name":"Southern Regional WWTP","country":"USA","source_id":"hydrowaste-2022","year":null,"value":83279.06,"unit":"m³/day","metric":"Reported treated effluent","original_value":83279.06,"original_unit":"m³/day","source_row":26721,"quality_location":2,"quality_waste":1,"status":"Not Reported","estimated":false}},{"type":"Feature","id":"hydrowaste-32895","geometry":{"type":"Point","coordinates":[-96.686,40.838]},"properties":{"id":"hydrowaste-32895","type":"wastewater-treatment","name":"THERESA STREET STP","country":"USA","source_id":"hydrowaste-2022","year":null,"value":83279.06,"unit":"m³/day","metric":"Reported treated effluent","original_value":83279.06,"original_unit":"m³/day","source_row":32895,"quality_location":2,"quality_waste":1,"status":"Not Reported","estimated":false}},{"type":"Feature","id":"hydrowaste-46701","geometry":{"type":"Point","coordinates":[114.155,32.098]},"properties":{"id":"hydrowaste-46701","type":"wastewater-treatment","name":"Henan","country":"CHN","source_id":"hydrowaste-2022","year":null,"value":83200.0,"unit":"m³/day","metric":"Reported treated effluent","original_value":83200.0,"original_unit":"m³/day","source_row":46701,"quality_location":4,"quality_waste":1,"status":"Not Reported","estimated":false}},{"type":"Feature","id":"hydrowaste-25950","geometry":{"type":"Point","coordinates":[-118.592,34.432]},"properties":{"id":"hydrowaste-25950","type":"wastewater-treatment","name":"Valencia WRP","country":"USA","source_id":"hydrowaste-2022","year":null,"value":82900.518,"unit":"m³/day","metric":"Reported treated effluent","original_value":82900.518,"original_unit":"m³/day","source_row":25950,"quality_location":2,"quality_waste":1,"status":"Not Reported","estimated":false}},{"type":"Feature","id":"hydrowaste-34253","geometry":{"type":"Point","coordinates":[-79.693,36.108]},"properties":{"id":"hydrowaste-34253","type":"wastewater-treatment","name":"TZ OSBOURNE WWTP","country":"USA","source_id":"hydrowaste-2022","year":null,"value":82900.518,"unit":"m³/day","metric":"Reported treated effluent","original_value":82900.518,"original_unit":"m³/day","source_row":34253,"quality_location":2,"quality_waste":1,"status":"Not Reported","estimated":false}},{"type":"Feature","id":"hydrowaste-7634","geometry":{"type":"Point","coordinates":[16.932,41.113]},"properties":{"id":"hydrowaste-7634","type":"wastewater-treatment","name":"BARI_EST","country":"ITA","source_id":"hydrowaste-2022","year":null,"value":82882.0,"unit":"m³/day","metric":"Reported treated effluent","original_value":82882.0,"original_unit":"m³/day","source_row":7634,"quality_location":2,"quality_waste":1,"status":"Not Reported","estimated":false}},{"type":"Feature","id":"hydrowaste-46671","geometry":{"type":"Point","coordinates":[115.663,34.442]},"properties":{"id":"hydrowaste-46671","type":"wastewater-treatment","name":"Henan","country":"CHN","source_id":"hydrowaste-2022","year":null,"value":82800.0,"unit":"m³/day","metric":"Reported treated effluent","original_value":82800.0,"original_unit":"m³/day","source_row":46671,"quality_location":4,"quality_waste":1,"status":"Not Reported","estimated":false}},{"type":"Feature","id":"hydrowaste-29481","geometry":{"type":"Point","coordinates":[-94.696,37.85]},"properties":{"id":"hydrowaste-29481","type":"wastewater-treatment","name":"FORT SCOTT WWTP","country":"USA","source_id":"hydrowaste-2022","year":null,"value":82673.394,"unit":"m³/day","metric":"Reported treated effluent","original_value":82673.394,"original_unit":"m³/day","source_row":29481,"quality_location":2,"quality_waste":1,"status":"Not Reported","estimated":false}},{"type":"Feature","id":"hydrowaste-41900","geometry":{"type":"Point","coordinates":[-43.308,-22.802]},"properties":{"id":"hydrowaste-41900","type":"wastewater-treatment","name":"ETE PAVUNA","country":"BRA","source_id":"hydrowaste-2022","year":null,"value":82572.217,"unit":"m³/day","metric":"Reported treated effluent","original_value":82572.217,"original_unit":"m³/day","source_row":41900,"quality_location":2,"quality_waste":1,"status":"Not Reported","estimated":false}},{"type":"Feature","id":"hydrowaste-46176","geometry":{"type":"Point","coordinates":[117.422,32.955]},"properties":{"id":"hydrowaste-46176","type":"wastewater-treatment","name":"Anhui","country":"CHN","source_id":"hydrowaste-2022","year":null,"value":82400.0,"unit":"m³/day","metric":"Reported treated effluent","original_value":82400.0,"original_unit":"m³/day","source_row":46176,"quality_location":4,"quality_waste":1,"status":"Not Reported","estimated":false}},{"type":"Feature","id":"hydrowaste-45715","geometry":{"type":"Point","coordinates":[123.927,47.297]},"properties":{"id":"hydrowaste-45715","type":"wastewater-treatment","name":"Heilongjiang","country":"CHN","source_id":"hydrowaste-2022","year":null,"value":82000.0,"unit":"m³/day","metric":"Reported treated effluent","original_value":82000.0,"original_unit":"m³/day","source_row":45715,"quality_location":4,"quality_waste":1,"status":"Not Reported","estimated":false}},{"type":"Feature","id":"hydrowaste-13686","geometry":{"type":"Point","coordinates":[23.681,46.792]},"properties":{"id":"hydrowaste-13686","type":"wastewater-treatment","name":"ROWP Cluj Napoca","country":"ROU","source_id":"hydrowaste-2022","year":null,"value":81841.644,"unit":"m³/day","metric":"Reported treated effluent","original_value":81841.644,"original_unit":"m³/day","source_row":13686,"quality_location":2,"quality_waste":1,"status":"Not Reported","estimated":false}},{"type":"Feature","id":"hydrowaste-43847","geometry":{"type":"Point","coordinates":[-115.468,32.663]},"properties":{"id":"hydrowaste-43847","type":"wastewater-treatment","name":"Las Arenitas","country":"MEX","source_id":"hydrowaste-2022","year":null,"value":81630.72,"unit":"m³/day","metric":"Reported treated effluent","original_value":81630.72,"original_unit":"m³/day","source_row":43847,"quality_location":3,"quality_waste":1,"status":"Not Reported","estimated":false}},{"type":"Feature","id":"hydrowaste-46675","geometry":{"type":"Point","coordinates":[115.682,34.393]},"properties":{"id":"hydrowaste-46675","type":"wastewater-treatment","name":"Henan","country":"CHN","source_id":"hydrowaste-2022","year":null,"value":81400.0,"unit":"m³/day","metric":"Reported treated effluent","original_value":81400.0,"original_unit":"m³/day","source_row":46675,"quality_location":4,"quality_waste":1,"status":"Not Reported","estimated":false}},{"type":"Feature","id":"hydrowaste-25891","geometry":{"type":"Point","coordinates":[-121.788,36.719]},"properties":{"id":"hydrowaste-25891","type":"wastewater-treatment","name":"MRWCPA WWTF","country":"USA","source_id":"hydrowaste-2022","year":null,"value":81386.354,"unit":"m³/day","metric":"Reported treated effluent","original_value":81386.354,"original_unit":"m³/day","source_row":25891,"quality_location":2,"quality_waste":1,"status":"Not Reported","estimated":false}},{"type":"Feature","id":"hydrowaste-46759","geometry":{"type":"Point","coordinates":[115.073,30.209]},"properties":{"id":"hydrowaste-46759","type":"wastewater-treatment","name":"Hubei","country":"CHN","source_id":"hydrowaste-2022","year":null,"value":81300.0,"unit":"m³/day","metric":"Reported treated effluent","original_value":81300.0,"original_unit":"m³/day","source_row":46759,"quality_location":4,"quality_waste":1,"status":"Not Reported","estimated":false}},{"type":"Feature","id":"hydrowaste-23453","geometry":{"type":"Point","coordinates":[14.363,50.463]},"properties":{"id":"hydrowaste-23453","type":"wastewater-treatment","name":"COV Steti  Papirny Mondi","country":"CZE","source_id":"hydrowaste-2022","year":null,"value":81265.753,"unit":"m³/day","metric":"Reported treated effluent","original_value":81265.753,"original_unit":"m³/day","source_row":23453,"quality_location":2,"quality_waste":1,"status":"Not Reported","estimated":false}},{"type":"Feature","id":"hydrowaste-46304","geometry":{"type":"Point","coordinates":[115.885,28.667]},"properties":{"id":"hydrowaste-46304","type":"wastewater-treatment","name":"Jiangxi","country":"CHN","source_id":"hydrowaste-2022","year":null,"value":81000.0,"unit":"m³/day","metric":"Reported treated effluent","original_value":81000.0,"original_unit":"m³/day","source_row":46304,"quality_location":4,"quality_waste":1,"status":"Not Reported","estimated":false}},{"type":"Feature","id":"hydrowaste-25243","geometry":{"type":"Point","coordinates":[-86.888,33.527]},"properties":{"id":"hydrowaste-25243","type":"wastewater-treatment","name":"JEFFERSON COUNTY VILLAGE CREEK WWTP","country":"USA","source_id":"hydrowaste-2022","year":null,"value":80969.958,"unit":"m³/day","metric":"Reported treated effluent","original_value":80969.958,"original_unit":"m³/day","source_row":25243,"quality_location":2,"quality_waste":1,"status":"Not Reported","estimated":false}},{"type":"Feature","id":"hydrowaste-46961","geometry":{"type":"Point","coordinates":[113.823,22.934]},"properties":{"id":"hydrowaste-46961","type":"wastewater-treatment","name":"Guangdong","country":"CHN","source_id":"hydrowaste-2022","year":null,"value":80900.0,"unit":"m³/day","metric":"Reported treated effluent","original_value":80900.0,"original_unit":"m³/day","source_row":46961,"quality_location":4,"quality_waste":1,"status":"Not Reported","estimated":false}},{"type":"Feature","id":"hydrowaste-47539","geometry":{"type":"Point","coordinates":[108.745,34.341]},"properties":{"id":"hydrowaste-47539","type":"wastewater-treatment","name":"Shaanxi","country":"CHN","source_id":"hydrowaste-2022","year":null,"value":80900.0,"unit":"m³/day","metric":"Reported treated effluent","original_value":80900.0,"original_unit":"m³/day","source_row":47539,"quality_location":4,"quality_waste":1,"status":"Not Reported","estimated":false}},{"type":"Feature","id":"hydrowaste-26613","geometry":{"type":"Point","coordinates":[-73.043,41.523]},"properties":{"id":"hydrowaste-26613","type":"wastewater-treatment","name":"WATERBURY WPCF","country":"USA","source_id":"hydrowaste-2022","year":null,"value":80818.542,"unit":"m³/day","metric":"Reported treated effluent","original_value":80818.542,"original_unit":"m³/day","source_row":26613,"quality_location":2,"quality_waste":1,"status":"Not Reported","estimated":false}},{"type":"Feature","id":"hydrowaste-36342","geometry":{"type":"Point","coordinates":[-76.305,40.017]},"properties":{"id":"hydrowaste-36342","type":"wastewater-treatment","name":"LANCASTER CITY STP","country":"USA","source_id":"hydrowaste-2022","year":null,"value":80780.688,"unit":"m³/day","metric":"Reported treated effluent","original_value":80780.688,"original_unit":"m³/day","source_row":36342,"quality_location":2,"quality_waste":1,"status":"Not Reported","estimated":false}},{"type":"Feature","id":"hydrowaste-33646","geometry":{"type":"Point","coordinates":[-73.942,41.042]},"properties":{"id":"hydrowaste-33646","type":"wastewater-treatment","name":"Rockland County Co SD1","country":"USA","source_id":"hydrowaste-2022","year":null,"value":80761.761,"unit":"m³/day","metric":"Reported treated effluent","original_value":80761.761,"original_unit":"m³/day","source_row":33646,"quality_location":2,"quality_waste":1,"status":"Not Reported","estimated":false}},{"type":"Feature","id":"hydrowaste-1793","geometry":{"type":"Point","coordinates":[27.791,43.215]},"properties":{"id":"hydrowaste-1793","type":"wastewater-treatment","name":"UWWTP Varna","country":"BGR","source_id":"hydrowaste-2022","year":null,"value":80728.329,"unit":"m³/day","metric":"Reported treated effluent","original_value":80728.329,"original_unit":"m³/day","source_row":1793,"quality_location":2,"quality_waste":1,"status":"Not Reported","estimated":false}},{"type":"Feature","id":"hydrowaste-46358","geometry":{"type":"Point","coordinates":[117.916,28.426]},"properties":{"id":"hydrowaste-46358","type":"wastewater-treatment","name":"Jiangxi","country":"CHN","source_id":"hydrowaste-2022","year":null,"value":80700.0,"unit":"m³/day","metric":"Reported treated effluent","original_value":80700.0,"original_unit":"m³/day","source_row":46358,"quality_location":4,"quality_waste":1,"status":"Not Reported","estimated":false}},{"type":"Feature","id":"hydrowaste-39278","geometry":{"type":"Point","coordinates":[-87.815,42.559]},"properties":{"id":"hydrowaste-39278","type":"wastewater-treatment","name":"KENOSHA   WWTP","country":"USA","source_id":"hydrowaste-2022","year":null,"value":80629.271,"unit":"m³/day","metric":"Reported treated effluent","original_value":80629.271,"original_unit":"m³/day","source_row":39278,"quality_location":2,"quality_waste":1,"status":"Not Reported","estimated":false}},{"type":"Feature","id":"hydrowaste-28090","geometry":{"type":"Point","coordinates":[-85.716,40.113]},"properties":{"id":"hydrowaste-28090","type":"wastewater-treatment","name":"Anderson WWTP","country":"USA","source_id":"hydrowaste-2022","year":null,"value":80440.001,"unit":"m³/day","metric":"Reported treated effluent","original_value":80440.001,"original_unit":"m³/day","source_row":28090,"quality_location":2,"quality_waste":1,"status":"Not Reported","estimated":false}},{"type":"Feature","id":"hydrowaste-33747","geometry":{"type":"Point","coordinates":[-73.724,42.691]},"properties":{"id":"hydrowaste-33747","type":"wastewater-treatment","name":"Albany Co   ACSD North STP","country":"USA","source_id":"hydrowaste-2022","year":null,"value":80440.001,"unit":"m³/day","metric":"Reported treated effluent","original_value":80440.001,"original_unit":"m³/day","source_row":33747,"quality_location":2,"quality_waste":1,"status":"Not Reported","estimated":false}},{"type":"Feature","id":"hydrowaste-4893","geometry":{"type":"Point","coordinates":[10.947,44.677]},"properties":{"id":"hydrowaste-4893","type":"wastewater-treatment","name":"MODENA_NAVIGLIO","country":"ITA","source_id":"hydrowaste-2022","year":null,"value":80388.375,"unit":"m³/day","metric":"Reported treated effluent","original_value":80388.375,"original_unit":"m³/day","source_row":4893,"quality_location":2,"quality_waste":1,"status":"Not Reported","estimated":false}},{"type":"Feature","id":"hydrowaste-33545","geometry":{"type":"Point","coordinates":[-73.338,40.676]},"properties":{"id":"hydrowaste-33545","type":"wastewater-treatment","name":"Suffolk Co SCSD 3 SOUTHWEST","country":"USA","source_id":"hydrowaste-2022","year":null,"value":80345.365,"unit":"m³/day","metric":"Reported treated effluent","original_value":80345.365,"original_unit":"m³/day","source_row":33545,"quality_location":2,"quality_waste":1,"status":"Not Reported","estimated":false}},{"type":"Feature","id":"hydrowaste-37873","geometry":{"type":"Point","coordinates":[-96.552,32.997]},"properties":{"id":"hydrowaste-37873","type":"wastewater-treatment","name":"South Mesquite Creek WWTP","country":"USA","source_id":"hydrowaste-2022","year":null,"value":80065.245,"unit":"m³/day","metric":"Reported treated effluent","original_value":80065.245,"original_unit":"m³/day","source_row":37873,"quality_location":2,"quality_waste":1,"status":"Not Reported","estimated":false}},{"type":"Feature","id":"hydrowaste-45204","geometry":{"type":"Point","coordinates":[117.665,38.997]},"properties":{"id":"hydrowaste-45204","type":"wastewater-treatment","name":"Tianjin","country":"CHN","source_id":"hydrowaste-2022","year":null,"value":80000.0,"unit":"m³/day","metric":"Reported treated effluent","original_value":80000.0,"original_unit":"m³/day","source_row":45204,"quality_location":4,"quality_waste":1,"status":"Not Reported","estimated":false}},{"type":"Feature","id":"hydrowaste-45310","geometry":{"type":"Point","coordinates":[114.467,36.654]},"properties":{"id":"hydrowaste-45310","type":"wastewater-treatment","name":"Hebei","country":"CHN","source_id":"hydrowaste-2022","year":null,"value":80000.0,"unit":"m³/day","metric":"Reported treated effluent","original_value":80000.0,"original_unit":"m³/day","source_row":45310,"quality_location":4,"quality_waste":1,"status":"Not Reported","estimated":false}},{"type":"Feature","id":"hydrowaste-45472","geometry":{"type":"Point","coordinates":[113.619,37.852]},"properties":{"id":"hydrowaste-45472","type":"wastewater-treatment","name":"Shanxi","country":"CHN","source_id":"hydrowaste-2022","year":null,"value":80000.0,"unit":"m³/day","metric":"Reported treated effluent","original_value":80000.0,"original_unit":"m³/day","source_row":45472,"quality_location":4,"quality_waste":1,"status":"Not Reported","estimated":false}},{"type":"Feature","id":"hydrowaste-45677","geometry":{"type":"Point","coordinates":[124.829,45.086]},"properties":{"id":"hydrowaste-45677","type":"wastewater-treatment","name":"Jilin","country":"CHN","source_id":"hydrowaste-2022","year":null,"value":80000.0,"unit":"m³/day","metric":"Reported treated effluent","original_value":80000.0,"original_unit":"m³/day","source_row":45677,"quality_location":4,"quality_waste":1,"status":"Not Reported","estimated":false}},{"type":"Feature","id":"hydrowaste-46474","geometry":{"type":"Point","coordinates":[118.592,35.769]},"properties":{"id":"hydrowaste-46474","type":"wastewater-treatment","name":"Shandong","country":"CHN","source_id":"hydrowaste-2022","year":null,"value":80000.0,"unit":"m³/day","metric":"Reported treated effluent","original_value":80000.0,"original_unit":"m³/day","source_row":46474,"quality_location":4,"quality_waste":1,"status":"Not Reported","estimated":false}},{"type":"Feature","id":"hydrowaste-46572","geometry":{"type":"Point","coordinates":[118.127,36.945]},"properties":{"id":"hydrowaste-46572","type":"wastewater-treatment","name":"Shandong","country":"CHN","source_id":"hydrowaste-2022","year":null,"value":80000.0,"unit":"m³/day","metric":"Reported treated effluent","original_value":80000.0,"original_unit":"m³/day","source_row":46572,"quality_location":4,"quality_waste":1,"status":"Not Reported","estimated":false}},{"type":"Feature","id":"hydrowaste-47051","geometry":{"type":"Point","coordinates":[110.901,21.623]},"properties":{"id":"hydrowaste-47051","type":"wastewater-treatment","name":"Guangdong","country":"CHN","source_id":"hydrowaste-2022","year":null,"value":80000.0,"unit":"m³/day","metric":"Reported treated effluent","original_value":80000.0,"original_unit":"m³/day","source_row":47051,"quality_location":4,"quality_waste":1,"status":"Not Reported","estimated":false}},{"type":"Feature","id":"hydrowaste-47735","geometry":{"type":"Point","coordinates":[-71.932,45.443]},"properties":{"id":"hydrowaste-47735","type":"wastewater-treatment","name":"Station d epuration de Sherbrooke","country":"CAN","source_id":"hydrowaste-2022","year":null,"value":80000.0,"unit":"m³/day","metric":"Reported treated effluent","original_value":80000.0,"original_unit":"m³/day","source_row":47735,"quality_location":2,"quality_waste":1,"status":"Operational","estimated":false}},{"type":"Feature","id":"hydrowaste-46136","geometry":{"type":"Point","coordinates":[120.823,29.629]},"properties":{"id":"hydrowaste-46136","type":"wastewater-treatment","name":"Zhejiang","country":"CHN","source_id":"hydrowaste-2022","year":null,"value":79900.0,"unit":"m³/day","metric":"Reported treated effluent","original_value":79900.0,"original_unit":"m³/day","source_row":46136,"quality_location":4,"quality_waste":1,"status":"Not Reported","estimated":false}},{"type":"Feature","id":"hydrowaste-46226","geometry":{"type":"Point","coordinates":[118.496,31.754]},"properties":{"id":"hydrowaste-46226","type":"wastewater-treatment","name":"Anhui","country":"CHN","source_id":"hydrowaste-2022","year":null,"value":79800.0,"unit":"m³/day","metric":"Reported treated effluent","original_value":79800.0,"original_unit":"m³/day","source_row":46226,"quality_location":4,"quality_waste":1,"status":"Not Reported","estimated":false}},{"type":"Feature","id":"hydrowaste-40743","geometry":{"type":"Point","coordinates":[-38.427,-12.967]},"properties":{"id":"hydrowaste-40743","type":"wastewater-treatment","name":"EPC JAGUARIBE","country":"BRA","source_id":"hydrowaste-2022","year":null,"value":79659.673,"unit":"m³/day","metric":"Reported treated effluent","original_value":79659.673,"original_unit":"m³/day","source_row":40743,"quality_location":2,"quality_waste":1,"status":"Not Reported","estimated":false}},{"type":"Feature","id":"hydrowaste-47688","geometry":{"type":"Point","coordinates":[-81.035,46.465]},"properties":{"id":"hydrowaste-47688","type":"wastewater-treatment","name":"Sudbury Wastewater Treatment Plant","country":"CAN","source_id":"hydrowaste-2022","year":null,"value":79625.0,"unit":"m³/day","metric":"Reported treated effluent","original_value":79625.0,"original_unit":"m³/day","source_row":47688,"quality_location":2,"quality_waste":1,"status":"Operational","estimated":false}},{"type":"Feature","id":"hydrowaste-46880","geometry":{"type":"Point","coordinates":[111.473,27.217]},"properties":{"id":"hydrowaste-46880","type":"wastewater-treatment","name":"Hunan","country":"CHN","source_id":"hydrowaste-2022","year":null,"value":79600.0,"unit":"m³/day","metric":"Reported treated effluent","original_value":79600.0,"original_unit":"m³/day","source_row":46880,"quality_location":4,"quality_waste":1,"status":"Not Reported","estimated":false}},{"type":"Feature","id":"hydrowaste-33579","geometry":{"type":"Point","coordinates":[-73.828,40.584]},"properties":{"id":"hydrowaste-33579","type":"wastewater-treatment","name":"New York C   Rockaway WPCP","country":"USA","source_id":"hydrowaste-2022","year":null,"value":79569.356,"unit":"m³/day","metric":"Reported treated effluent","original_value":79569.356,"original_unit":"m³/day","source_row":33579,"quality_location":2,"quality_waste":1,"status":"Not Reported","estimated":false}},{"type":"Feature","id":"hydrowaste-22257","geometry":{"type":"Point","coordinates":[12.187,49.007]},"properties":{"id":"hydrowaste-22257","type":"wastewater-treatment","name":"Regensburg","country":"DEU","source_id":"hydrowaste-2022","year":null,"value":79518.789,"unit":"m³/day","metric":"Reported treated effluent","original_value":79518.789,"original_unit":"m³/day","source_row":22257,"quality_location":2,"quality_waste":1,"status":"Not Reported","estimated":false}},{"type":"Feature","id":"hydrowaste-25881","geometry":{"type":"Point","coordinates":[-122.231,37.543]},"properties":{"id":"hydrowaste-25881","type":"wastewater-treatment","name":"S BAYSIDE WWTP","country":"USA","source_id":"hydrowaste-2022","year":null,"value":79493.648,"unit":"m³/day","metric":"Reported treated effluent","original_value":79493.648,"original_unit":"m³/day","source_row":25881,"quality_location":2,"quality_waste":1,"status":"Not Reported","estimated":false}},{"type":"Feature","id":"hydrowaste-29836","geometry":{"type":"Point","coordinates":[-84.526,38.06]},"properties":{"id":"hydrowaste-29836","type":"wastewater-treatment","name":"LFUCG TOWN BRANCH STP","country":"USA","source_id":"hydrowaste-2022","year":null,"value":79455.794,"unit":"m³/day","metric":"Reported treated effluent","original_value":79455.794,"original_unit":"m³/day","source_row":29836,"quality_location":2,"quality_waste":1,"status":"Not Reported","estimated":false}},{"type":"Feature","id":"hydrowaste-46568","geometry":{"type":"Point","coordinates":[117.134,35.068]},"properties":{"id":"hydrowaste-46568","type":"wastewater-treatment","name":"Shandong","country":"CHN","source_id":"hydrowaste-2022","year":null,"value":79400.0,"unit":"m³/day","metric":"Reported treated effluent","original_value":79400.0,"original_unit":"m³/day","source_row":46568,"quality_location":4,"quality_waste":1,"status":"Not Reported","estimated":false}},{"type":"Feature","id":"hydrowaste-25833","geometry":{"type":"Point","coordinates":[-122.016,37.417]},"properties":{"id":"hydrowaste-25833","type":"wastewater-treatment","name":"SUNNYVALE WWTF","country":"USA","source_id":"hydrowaste-2022","year":null,"value":79304.377,"unit":"m³/day","metric":"Reported treated effluent","original_value":79304.377,"original_unit":"m³/day","source_row":25833,"quality_location":2,"quality_waste":1,"status":"Not Reported","estimated":false}},{"type":"Feature","id":"hydrowaste-45508","geometry":{"type":"Point","coordinates":[109.856,40.591]},"properties":{"id":"hydrowaste-45508","type":"wastewater-treatment","name":"Nei Mongol","country":"CHN","source_id":"hydrowaste-2022","year":null,"value":79000.0,"unit":"m³/day","metric":"Reported treated effluent","original_value":79000.0,"original_unit":"m³/day","source_row":45508,"quality_location":4,"quality_waste":1,"status":"Not Reported","estimated":false}},{"type":"Feature","id":"hydrowaste-46840","geometry":{"type":"Point","coordinates":[113.019,25.833]},"properties":{"id":"hydrowaste-46840","type":"wastewater-treatment","name":"Hunan","country":"CHN","source_id":"hydrowaste-2022","year":null,"value":79000.0,"unit":"m³/day","metric":"Reported treated effluent","original_value":79000.0,"original_unit":"m³/day","source_row":46840,"quality_location":4,"quality_waste":1,"status":"Not Reported","estimated":false}},{"type":"Feature","id":"hydrowaste-47500","geometry":{"type":"Point","coordinates":[109.037,34.302]},"properties":{"id":"hydrowaste-47500","type":"wastewater-treatment","name":"Shaanxi","country":"CHN","source_id":"hydrowaste-2022","year":null,"value":79000.0,"unit":"m³/day","metric":"Reported treated effluent","original_value":79000.0,"original_unit":"m³/day","source_row":47500,"quality_location":4,"quality_waste":1,"status":"Not Reported","estimated":false}},{"type":"Feature","id":"hydrowaste-6388","geometry":{"type":"Point","coordinates":[13.692,45.64]},"properties":{"id":"hydrowaste-6388","type":"wastewater-treatment","name":"TRIESTE_SERVOLA","country":"ITA","source_id":"hydrowaste-2022","year":null,"value":78829.436,"unit":"m³/day","metric":"Reported treated effluent","original_value":78829.436,"original_unit":"m³/day","source_row":6388,"quality_location":2,"quality_waste":1,"status":"Not Reported","estimated":false}},{"type":"Feature","id":"hydrowaste-38487","geometry":{"type":"Point","coordinates":[-76.165,36.907]},"properties":{"id":"hydrowaste-38487","type":"wastewater-treatment","name":"CHESAPEAKE ELIZABETH WPCF","country":"USA","source_id":"hydrowaste-2022","year":null,"value":78736.565,"unit":"m³/day","metric":"Reported treated effluent","original_value":78736.565,"original_unit":"m³/day","source_row":38487,"quality_location":2,"quality_waste":1,"status":"Not Reported","estimated":false}},{"type":"Feature","id":"hydrowaste-37694","geometry":{"type":"Point","coordinates":[-101.771,33.567]},"properties":{"id":"hydrowaste-37694","type":"wastewater-treatment","name":"SOUTHEAST WRP","country":"USA","source_id":"hydrowaste-2022","year":null,"value":78660.857,"unit":"m³/day","metric":"Reported treated effluent","original_value":78660.857,"original_unit":"m³/day","source_row":37694,"quality_location":2,"quality_waste":1,"status":"Not Reported","estimated":false}},{"type":"Feature","id":"hydrowaste-42282","geometry":{"type":"Point","coordinates":[-46.999,-23.14]},"properties":{"id":"hydrowaste-42282","type":"wastewater-treatment","name":"ETE JUNDIAI","country":"BRA","source_id":"hydrowaste-2022","year":null,"value":78658.56,"unit":"m³/day","metric":"Reported treated effluent","original_value":78658.56,"original_unit":"m³/day","source_row":42282,"quality_location":2,"quality_waste":1,"status":"Not Reported","estimated":false}},{"type":"Feature","id":"hydrowaste-46243","geometry":{"type":"Point","coordinates":[119.365,25.735]},"properties":{"id":"hydrowaste-46243","type":"wastewater-treatment","name":"Fujian","country":"CHN","source_id":"hydrowaste-2022","year":null,"value":78000.0,"unit":"m³/day","metric":"Reported treated effluent","original_value":78000.0,"original_unit":"m³/day","source_row":46243,"quality_location":4,"quality_waste":1,"status":"Not Reported","estimated":false}},{"type":"Feature","id":"hydrowaste-46721","geometry":{"type":"Point","coordinates":[114.37,30.524]},"properties":{"id":"hydrowaste-46721","type":"wastewater-treatment","name":"Hubei","country":"CHN","source_id":"hydrowaste-2022","year":null,"value":78000.0,"unit":"m³/day","metric":"Reported treated effluent","original_value":78000.0,"original_unit":"m³/day","source_row":46721,"quality_location":4,"quality_waste":1,"status":"Not Reported","estimated":false}},{"type":"Feature","id":"hydrowaste-28105","geometry":{"type":"Point","coordinates":[-87.631,37.96]},"properties":{"id":"hydrowaste-28105","type":"wastewater-treatment","name":"Evansville WESTSIDE WWTP","country":"USA","source_id":"hydrowaste-2022","year":null,"value":77979.483,"unit":"m³/day","metric":"Reported treated effluent","original_value":77979.483,"original_unit":"m³/day","source_row":28105,"quality_location":2,"quality_waste":1,"status":"Not Reported","estimated":false}},{"type":"Feature","id":"hydrowaste-4265","geometry":{"type":"Point","coordinates":[11.001,45.42]},"properties":{"id":"hydrowaste-4265","type":"wastewater-treatment","name":"VERONA_VIA_AVESANI","country":"ITA","source_id":"hydrowaste-2022","year":null,"value":77934.016,"unit":"m³/day","metric":"Reported treated effluent","original_value":77934.016,"original_unit":"m³/day","source_row":4265,"quality_location":2,"quality_waste":1,"status":"Not Reported","estimated":false}},{"type":"Feature","id":"hydrowaste-44061","geometry":{"type":"Point","coordinates":[-101.0,25.433]},"properties":{"id":"hydrowaste-44061","type":"wastewater-treatment","name":"Principal","country":"MEX","source_id":"hydrowaste-2022","year":null,"value":77760.0,"unit":"m³/day","metric":"Reported treated effluent","original_value":77760.0,"original_unit":"m³/day","source_row":44061,"quality_location":3,"quality_waste":1,"status":"Not Reported","estimated":false}},{"type":"Feature","id":"hydrowaste-27021","geometry":{"type":"Point","coordinates":[-84.537,33.774]},"properties":{"id":"hydrowaste-27021","type":"wastewater-treatment","name":"COBB CO   SO COBB WPCP","country":"USA","source_id":"hydrowaste-2022","year":null,"value":77373.817,"unit":"m³/day","metric":"Reported treated effluent","original_value":77373.817,"original_unit":"m³/day","source_row":27021,"quality_location":2,"quality_waste":1,"status":"Not Reported","estimated":false}},{"type":"Feature","id":"hydrowaste-42690","geometry":{"type":"Point","coordinates":[-115.468,32.663]},"properties":{"id":"hydrowaste-42690","type":"wastewater-treatment","name":"Zaragoza","country":"MEX","source_id":"hydrowaste-2022","year":null,"value":77258.88,"unit":"m³/day","metric":"Reported treated effluent","original_value":77258.88,"original_unit":"m³/day","source_row":42690,"quality_location":3,"quality_waste":1,"status":"Not Reported","estimated":false}},{"type":"Feature","id":"hydrowaste-25948","geometry":{"type":"Point","coordinates":[-118.088,33.804]},"properties":{"id":"hydrowaste-25948","type":"wastewater-treatment","name":"Long Beach WRP","country":"USA","source_id":"hydrowaste-2022","year":null,"value":77222.401,"unit":"m³/day","metric":"Reported treated effluent","original_value":77222.401,"original_unit":"m³/day","source_row":25948,"quality_location":2,"quality_waste":1,"status":"Not Reported","estimated":false}},{"type":"Feature","id":"hydrowaste-34263","geometry":{"type":"Point","coordinates":[-82.842,35.536]},"properties":{"id":"hydrowaste-34263","type":"wastewater-treatment","name":"BLUE RIDGE PAPER PRODUCTS","country":"USA","source_id":"hydrowaste-2022","year":null,"value":77222.401,"unit":"m³/day","metric":"Reported treated effluent","original_value":77222.401,"original_unit":"m³/day","source_row":34263,"quality_location":2,"quality_waste":1,"status":"Not Reported","estimated":false}},{"type":"Feature","id":"hydrowaste-21156","geometry":{"type":"Point","coordinates":[8.423,49.575]},"properties":{"id":"hydrowaste-21156","type":"wastewater-treatment","name":"Klaranlage Mannheim","country":"DEU","source_id":"hydrowaste-2022","year":null,"value":77010.63,"unit":"m³/day","metric":"Reported treated effluent","original_value":77010.63,"original_unit":"m³/day","source_row":21156,"quality_location":2,"quality_waste":1,"status":"Not Reported","estimated":false}},{"type":"Feature","id":"hydrowaste-45164","geometry":{"type":"Point","coordinates":[116.393,39.723]},"properties":{"id":"hydrowaste-45164","type":"wastewater-treatment","name":"Beijing","country":"CHN","source_id":"hydrowaste-2022","year":null,"value":77000.0,"unit":"m³/day","metric":"Reported treated effluent","original_value":77000.0,"original_unit":"m³/day","source_row":45164,"quality_location":4,"quality_waste":1,"status":"Not Reported","estimated":false}},{"type":"Feature","id":"hydrowaste-45239","geometry":{"type":"Point","coordinates":[114.252,37.889]},"properties":{"id":"hydrowaste-45239","type":"wastewater-treatment","name":"Hebei","country":"CHN","source_id":"hydrowaste-2022","year":null,"value":77000.0,"unit":"m³/day","metric":"Reported treated effluent","original_value":77000.0,"original_unit":"m³/day","source_row":45239,"quality_location":4,"quality_waste":1,"status":"Not Reported","estimated":false}},{"type":"Feature","id":"hydrowaste-45813","geometry":{"type":"Point","coordinates":[119.156,34.647]},"properties":{"id":"hydrowaste-45813","type":"wastewater-treatment","name":"Jiangsu","country":"CHN","source_id":"hydrowaste-2022","year":null,"value":77000.0,"unit":"m³/day","metric":"Reported treated effluent","original_value":77000.0,"original_unit":"m³/day","source_row":45813,"quality_location":4,"quality_waste":1,"status":"Not Reported","estimated":false}},{"type":"Feature","id":"hydrowaste-46888","geometry":{"type":"Point","coordinates":[112.891,27.851]},"properties":{"id":"hydrowaste-46888","type":"wastewater-treatment","name":"Hunan","country":"CHN","source_id":"hydrowaste-2022","year":null,"value":77000.0,"unit":"m³/day","metric":"Reported treated effluent","original_value":77000.0,"original_unit":"m³/day","source_row":46888,"quality_location":4,"quality_waste":1,"status":"Not Reported","estimated":false}},{"type":"Feature","id":"hydrowaste-1931","geometry":{"type":"Point","coordinates":[14.62,46.06]},"properties":{"id":"hydrowaste-1931","type":"wastewater-treatment","name":"UWWTP_LJUBLJANA ZALOG","country":"SVN","source_id":"hydrowaste-2022","year":null,"value":76955.452,"unit":"m³/day","metric":"Reported treated effluent","original_value":76955.452,"original_unit":"m³/day","source_row":1931,"quality_location":2,"quality_waste":1,"status":"Not Reported","estimated":false}},{"type":"Feature","id":"hydrowaste-46309","geometry":{"type":"Point","coordinates":[115.855,28.629]},"properties":{"id":"hydrowaste-46309","type":"wastewater-treatment","name":"Jiangxi","country":"CHN","source_id":"hydrowaste-2022","year":null,"value":76800.0,"unit":"m³/day","metric":"Reported treated effluent","original_value":76800.0,"original_unit":"m³/day","source_row":46309,"quality_location":4,"quality_waste":1,"status":"Not Reported","estimated":false}},{"type":"Feature","id":"hydrowaste-25410","geometry":{"type":"Point","coordinates":[-92.216,34.735]},"properties":{"id":"hydrowaste-25410","type":"wastewater-treatment","name":"Little Rock   Adams Field WWTP","country":"USA","source_id":"hydrowaste-2022","year":null,"value":76488.031,"unit":"m³/day","metric":"Reported treated effluent","original_value":76488.031,"original_unit":"m³/day","source_row":25410,"quality_location":2,"quality_waste":1,"status":"Not Reported","estimated":false}},{"type":"Feature","id":"hydrowaste-38483","geometry":{"type":"Point","coordinates":[-76.415,36.964]},"properties":{"id":"hydrowaste-38483","type":"wastewater-treatment","name":"BOAT HARBOR W P C F","country":"USA","source_id":"hydrowaste-2022","year":null,"value":76389.61,"unit":"m³/day","metric":"Reported treated effluent","original_value":76389.61,"original_unit":"m³/day","source_row":38483,"quality_location":2,"quality_waste":1,"status":"Not Reported","estimated":false}},{"type":"Feature","id":"hydrowaste-47696","geometry":{"type":"Point","coordinates":[-113.308,53.633]},"properties":{"id":"hydrowaste-47696","type":"wastewater-treatment","name":"Alberta Capital Region Wastewater Commission Treatment Plant","country":"CAN","source_id":"hydrowaste-2022","year":null,"value":76160.0,"unit":"m³/day","metric":"Reported treated effluent","original_value":76160.0,"original_unit":"m³/day","source_row":47696,"quality_location":2,"quality_waste":1,"status":"Operational","estimated":false}},{"type":"Feature","id":"hydrowaste-46135","geometry":{"type":"Point","coordinates":[120.34,29.61]},"properties":{"id":"hydrowaste-46135","type":"wastewater-treatment","name":"Zhejiang","country":"CHN","source_id":"hydrowaste-2022","year":null,"value":76100.0,"unit":"m³/day","metric":"Reported treated effluent","original_value":76100.0,"original_unit":"m³/day","source_row":46135,"quality_location":4,"quality_waste":1,"status":"Not Reported","estimated":false}},{"type":"Feature","id":"hydrowaste-53060","geometry":{"type":"Point","coordinates":[-79.051,-8.123]},"properties":{"id":"hydrowaste-53060","type":"wastewater-treatment","name":"Covicorti","country":"PER","source_id":"hydrowaste-2022","year":null,"value":76032.0,"unit":"m³/day","metric":"Reported treated effluent","original_value":76032.0,"original_unit":"m³/day","source_row":53060,"quality_location":1,"quality_waste":1,"status":"Not Reported","estimated":false}},{"type":"Feature","id":"hydrowaste-45756","geometry":{"type":"Point","coordinates":[121.375,31.219]},"properties":{"id":"hydrowaste-45756","type":"wastewater-treatment","name":"Shanghai","country":"CHN","source_id":"hydrowaste-2022","year":null,"value":76000.0,"unit":"m³/day","metric":"Reported treated effluent","original_value":76000.0,"original_unit":"m³/day","source_row":45756,"quality_location":4,"quality_waste":1,"status":"Not Reported","estimated":false}},{"type":"Feature","id":"hydrowaste-45821","geometry":{"type":"Point","coordinates":[120.921,31.91]},"properties":{"id":"hydrowaste-45821","type":"wastewater-treatment","name":"Jiangsu","country":"CHN","source_id":"hydrowaste-2022","year":null,"value":76000.0,"unit":"m³/day","metric":"Reported treated effluent","original_value":76000.0,"original_unit":"m³/day","source_row":45821,"quality_location":4,"quality_waste":1,"status":"Not Reported","estimated":false}},{"type":"Feature","id":"hydrowaste-46425","geometry":{"type":"Point","coordinates":[115.423,35.274]},"properties":{"id":"hydrowaste-46425","type":"wastewater-treatment","name":"Shandong","country":"CHN","source_id":"hydrowaste-2022","year":null,"value":76000.0,"unit":"m³/day","metric":"Reported treated effluent","original_value":76000.0,"original_unit":"m³/day","source_row":46425,"quality_location":4,"quality_waste":1,"status":"Not Reported","estimated":false}},{"type":"Feature","id":"hydrowaste-52832","geometry":{"type":"Point","coordinates":[174.812,-41.336]},"properties":{"id":"hydrowaste-52832","type":"wastewater-treatment","name":"Moa Point","country":"NZL","source_id":"hydrowaste-2022","year":null,"value":75765.129,"unit":"m³/day","metric":"Reported treated effluent","original_value":75765.129,"original_unit":"m³/day","source_row":52832,"quality_location":2,"quality_waste":1,"status":"Not Reported","estimated":false}},{"type":"Feature","id":"hydrowaste-28069","geometry":{"type":"Point","coordinates":[-86.174,41.662]},"properties":{"id":"hydrowaste-28069","type":"wastewater-treatment","name":"MISHAWAKA WWTP","country":"USA","source_id":"hydrowaste-2022","year":null,"value":75708.236,"unit":"m³/day","metric":"Reported treated effluent","original_value":75708.236,"original_unit":"m³/day","source_row":28069,"quality_location":2,"quality_waste":1,"status":"Not Reported","estimated":false}},{"type":"Feature","id":"hydrowaste-28144","geometry":{"type":"Point","coordinates":[-86.004,41.677]},"properties":{"id":"hydrowaste-28144","type":"wastewater-treatment","name":"ELKHART WWTP","country":"USA","source_id":"hydrowaste-2022","year":null,"value":75708.236,"unit":"m³/day","metric":"Reported treated effluent","original_value":75708.236,"original_unit":"m³/day","source_row":28144,"quality_location":2,"quality_waste":1,"status":"Not Reported","estimated":false}},{"type":"Feature","id":"hydrowaste-33380","geometry":{"type":"Point","coordinates":[-74.756,40.19]},"properties":{"id":"hydrowaste-33380","type":"wastewater-treatment","name":"Trenton City   Septics_CS_CSO_STP","country":"USA","source_id":"hydrowaste-2022","year":null,"value":75708.236,"unit":"m³/day","metric":"Reported treated effluent","original_value":75708.236,"original_unit":"m³/day","source_row":33380,"quality_location":2,"quality_waste":1,"status":"Not Reported","estimated":false}},{"type":"Feature","id":"hydrowaste-38540","geometry":{"type":"Point","coordinates":[-122.514,48.719]},"properties":{"id":"hydrowaste-38540","type":"wastewater-treatment","name":"BELLINGHAM POST POINT TP","country":"USA","source_id":"hydrowaste-2022","year":null,"value":75708.236,"unit":"m³/day","metric":"Reported treated effluent","original_value":75708.236,"original_unit":"m³/day","source_row":38540,"quality_location":2,"quality_waste":1,"status":"Not Reported","estimated":false}},{"type":"Feature","id":"hydrowaste-47003","geometry":{"type":"Point","coordinates":[112.91,22.88]},"properties":{"id":"hydrowaste-47003","type":"wastewater-treatment","name":"Guangdong","country":"CHN","source_id":"hydrowaste-2022","year":null,"value":75700.0,"unit":"m³/day","metric":"Reported treated effluent","original_value":75700.0,"original_unit":"m³/day","source_row":47003,"quality_location":4,"quality_waste":1,"status":"Not Reported","estimated":false}},{"type":"Feature","id":"hydrowaste-45256","geometry":{"type":"Point","coordinates":[115.81,38.688]},"properties":{"id":"hydrowaste-45256","type":"wastewater-treatment","name":"Hebei","country":"CHN","source_id":"hydrowaste-2022","year":null,"value":75600.0,"unit":"m³/day","metric":"Reported treated effluent","original_value":75600.0,"original_unit":"m³/day","source_row":45256,"quality_location":4,"quality_waste":1,"status":"Not Reported","estimated":false}},{"type":"Feature","id":"hydrowaste-46509","geometry":{"type":"Point","coordinates":[117.181,36.177]},"properties":{"id":"hydrowaste-46509","type":"wastewater-treatment","name":"Shandong","country":"CHN","source_id":"hydrowaste-2022","year":null,"value":75600.0,"unit":"m³/day","metric":"Reported treated effluent","original_value":75600.0,"original_unit":"m³/day","source_row":46509,"quality_location":4,"quality_waste":1,"status":"Not Reported","estimated":false}},{"type":"Feature","id":"hydrowaste-41334","geometry":{"type":"Point","coordinates":[-48.151,-15.856]},"properties":{"id":"hydrowaste-41334","type":"wastewater-treatment","name":"ETE MELCHIOR","country":"BRA","source_id":"hydrowaste-2022","year":null,"value":75336.567,"unit":"m³/day","metric":"Reported treated effluent","original_value":75336.567,"original_unit":"m³/day","source_row":41334,"quality_location":2,"quality_waste":1,"status":"Not Reported","estimated":false}},{"type":"Feature","id":"hydrowaste-30673","geometry":{"type":"Point","coordinates":[-79.042,39.481]},"properties":{"id":"hydrowaste-30673","type":"wastewater-treatment","name":"Upper Potomac River Comm WWTP","country":"USA","source_id":"hydrowaste-2022","year":null,"value":75291.841,"unit":"m³/day","metric":"Reported treated effluent","original_value":75291.841,"original_unit":"m³/day","source_row":30673,"quality_location":2,"quality_waste":1,"status":"Not Reported","estimated":false}},{"type":"Feature","id":"hydrowaste-45374","geometry":{"type":"Point","coordinates":[118.057,39.636]},"properties":{"id":"hydrowaste-45374","type":"wastewater-treatment","name":"Hebei","country":"CHN","source_id":"hydrowaste-2022","year":null,"value":75000.0,"unit":"m³/day","metric":"Reported treated effluent","original_value":75000.0,"original_unit":"m³/day","source_row":45374,"quality_location":4,"quality_waste":1,"status":"Not Reported","estimated":false}},{"type":"Feature","id":"hydrowaste-45635","geometry":{"type":"Point","coordinates":[121.991,41.176]},"properties":{"id":"hydrowaste-45635","type":"wastewater-treatment","name":"Liaoning","country":"CHN","source_id":"hydrowaste-2022","year":null,"value":75000.0,"unit":"m³/day","metric":"Reported treated effluent","original_value":75000.0,"original_unit":"m³/day","source_row":45635,"quality_location":4,"quality_waste":1,"status":"Not Reported","estimated":false}},{"type":"Feature","id":"hydrowaste-46394","geometry":{"type":"Point","coordinates":[118.035,37.414]},"properties":{"id":"hydrowaste-46394","type":"wastewater-treatment","name":"Shandong","country":"CHN","source_id":"hydrowaste-2022","year":null,"value":75000.0,"unit":"m³/day","metric":"Reported treated effluent","original_value":75000.0,"original_unit":"m³/day","source_row":46394,"quality_location":4,"quality_waste":1,"status":"Not Reported","estimated":false}},{"type":"Feature","id":"hydrowaste-46481","geometry":{"type":"Point","coordinates":[120.323,36.109]},"properties":{"id":"hydrowaste-46481","type":"wastewater-treatment","name":"Shandong","country":"CHN","source_id":"hydrowaste-2022","year":null,"value":75000.0,"unit":"m³/day","metric":"Reported treated effluent","original_value":75000.0,"original_unit":"m³/day","source_row":46481,"quality_location":4,"quality_waste":1,"status":"Not Reported","estimated":false}},{"type":"Feature","id":"hydrowaste-47171","geometry":{"type":"Point","coordinates":[109.085,21.478]},"properties":{"id":"hydrowaste-47171","type":"wastewater-treatment","name":"Guangxi","country":"CHN","source_id":"hydrowaste-2022","year":null,"value":75000.0,"unit":"m³/day","metric":"Reported treated effluent","original_value":75000.0,"original_unit":"m³/day","source_row":47171,"quality_location":4,"quality_waste":1,"status":"Not Reported","estimated":false}},{"type":"Feature","id":"hydrowaste-33289","geometry":{"type":"Point","coordinates":[-74.572,40.555]},"properties":{"id":"hydrowaste-33289","type":"wastewater-treatment","name":"Somerset Raritan Valley RSA   CS_STP","country":"USA","source_id":"hydrowaste-2022","year":null,"value":74951.154,"unit":"m³/day","metric":"Reported treated effluent","original_value":74951.154,"original_unit":"m³/day","source_row":33289,"quality_location":2,"quality_waste":1,"status":"Not Reported","estimated":false}},{"type":"Feature","id":"hydrowaste-46090","geometry":{"type":"Point","coordinates":[119.601,29.086]},"properties":{"id":"hydrowaste-46090","type":"wastewater-treatment","name":"Zhejiang","country":"CHN","source_id":"hydrowaste-2022","year":null,"value":74900.0,"unit":"m³/day","metric":"Reported treated effluent","original_value":74900.0,"original_unit":"m³/day","source_row":46090,"quality_location":4,"quality_waste":1,"status":"Not Reported","estimated":false}},{"type":"Feature","id":"hydrowaste-46515","geometry":{"type":"Point","coordinates":[121.988,37.167]},"properties":{"id":"hydrowaste-46515","type":"wastewater-treatment","name":"Shandong","country":"CHN","source_id":"hydrowaste-2022","year":null,"value":74900.0,"unit":"m³/day","metric":"Reported treated effluent","original_value":74900.0,"original_unit":"m³/day","source_row":46515,"quality_location":4,"quality_waste":1,"status":"Not Reported","estimated":false}},{"type":"Feature","id":"hydrowaste-46235","geometry":{"type":"Point","coordinates":[116.965,33.597]},"properties":{"id":"hydrowaste-46235","type":"wastewater-treatment","name":"Anhui","country":"CHN","source_id":"hydrowaste-2022","year":null,"value":74600.0,"unit":"m³/day","metric":"Reported treated effluent","original_value":74600.0,"original_unit":"m³/day","source_row":46235,"quality_location":4,"quality_waste":1,"status":"Not Reported","estimated":false}},{"type":"Feature","id":"hydrowaste-46537","geometry":{"type":"Point","coordinates":[119.373,36.01]},"properties":{"id":"hydrowaste-46537","type":"wastewater-treatment","name":"Shandong","country":"CHN","source_id":"hydrowaste-2022","year":null,"value":74400.0,"unit":"m³/day","metric":"Reported treated effluent","original_value":74400.0,"original_unit":"m³/day","source_row":46537,"quality_location":4,"quality_waste":1,"status":"Not Reported","estimated":false}},{"type":"Feature","id":"hydrowaste-46905","geometry":{"type":"Point","coordinates":[112.34,28.569]},"properties":{"id":"hydrowaste-46905","type":"wastewater-treatment","name":"Hunan","country":"CHN","source_id":"hydrowaste-2022","year":null,"value":74400.0,"unit":"m³/day","metric":"Reported treated effluent","original_value":74400.0,"original_unit":"m³/day","source_row":46905,"quality_location":4,"quality_waste":1,"status":"Not Reported","estimated":false}},{"type":"Feature","id":"hydrowaste-24286","geometry":{"type":"Point","coordinates":[13.002,47.854]},"properties":{"id":"hydrowaste-24286","type":"wastewater-treatment","name":"ARA Siggerwiesen","country":"AUT","source_id":"hydrowaste-2022","year":null,"value":74356.312,"unit":"m³/day","metric":"Reported treated effluent","original_value":74356.312,"original_unit":"m³/day","source_row":24286,"quality_location":2,"quality_waste":1,"status":"Not Reported","estimated":false}},{"type":"Feature","id":"hydrowaste-34096","geometry":{"type":"Point","coordinates":[-78.902,42.994]},"properties":{"id":"hydrowaste-34096","type":"wastewater-treatment","name":"Tonawanda T WWTP","country":"USA","source_id":"hydrowaste-2022","year":null,"value":74288.707,"unit":"m³/day","metric":"Reported treated effluent","original_value":74288.707,"original_unit":"m³/day","source_row":34096,"quality_location":2,"quality_waste":1,"status":"Not Reported","estimated":false}},{"type":"Feature","id":"hydrowaste-7665","geometry":{"type":"Point","coordinates":[14.192,42.445]},"properties":{"id":"hydrowaste-7665","type":"wastewater-treatment","name":"PESCARA_VIA_RAIALE","country":"ITA","source_id":"hydrowaste-2022","year":null,"value":74153.011,"unit":"m³/day","metric":"Reported treated effluent","original_value":74153.011,"original_unit":"m³/day","source_row":7665,"quality_location":2,"quality_waste":1,"status":"Not Reported","estimated":false}},{"type":"Feature","id":"hydrowaste-27017","geometry":{"type":"Point","coordinates":[-84.394,34.003]},"properties":{"id":"hydrowaste-27017","type":"wastewater-treatment","name":"BIG CR WPCP","country":"USA","source_id":"hydrowaste-2022","year":null,"value":74118.363,"unit":"m³/day","metric":"Reported treated effluent","original_value":74118.363,"original_unit":"m³/day","source_row":27017,"quality_location":2,"quality_waste":1,"status":"Not Reported","estimated":false}},{"type":"Feature","id":"hydrowaste-46487","geometry":{"type":"Point","coordinates":[120.474,36.851]},"properties":{"id":"hydrowaste-46487","type":"wastewater-treatment","name":"Shandong","country":"CHN","source_id":"hydrowaste-2022","year":null,"value":74000.0,"unit":"m³/day","metric":"Reported treated effluent","original_value":74000.0,"original_unit":"m³/day","source_row":46487,"quality_location":4,"quality_waste":1,"status":"Not Reported","estimated":false}},{"type":"Feature","id":"hydrowaste-46936","geometry":{"type":"Point","coordinates":[113.081,27.864]},"properties":{"id":"hydrowaste-46936","type":"wastewater-treatment","name":"Hunan","country":"CHN","source_id":"hydrowaste-2022","year":null,"value":73500.0,"unit":"m³/day","metric":"Reported treated effluent","original_value":73500.0,"original_unit":"m³/day","source_row":46936,"quality_location":4,"quality_waste":1,"status":"Not Reported","estimated":false}},{"type":"Feature","id":"hydrowaste-40047","geometry":{"type":"Point","coordinates":[-56.069,-15.678]},"properties":{"id":"hydrowaste-40047","type":"wastewater-treatment","name":"ETE SUL   CUIABA","country":"BRA","source_id":"hydrowaste-2022","year":null,"value":73440.0,"unit":"m³/day","metric":"Reported treated effluent","original_value":73440.0,"original_unit":"m³/day","source_row":40047,"quality_location":2,"quality_waste":1,"status":"Not Reported","estimated":false}},{"type":"Feature","id":"hydrowaste-41847","geometry":{"type":"Point","coordinates":[-43.112,-22.913]},"properties":{"id":"hydrowaste-41847","type":"wastewater-treatment","name":"ETE ICARAI   NITERoI","country":"BRA","source_id":"hydrowaste-2022","year":null,"value":73440.0,"unit":"m³/day","metric":"Reported treated effluent","original_value":73440.0,"original_unit":"m³/day","source_row":41847,"quality_location":2,"quality_waste":1,"status":"Not Reported","estimated":false}},{"type":"Feature","id":"hydrowaste-43911","geometry":{"type":"Point","coordinates":[-103.731,19.243]},"properties":{"id":"hydrowaste-43911","type":"wastewater-treatment","name":"Colima   Villa de Alvarez","country":"MEX","source_id":"hydrowaste-2022","year":null,"value":73440.0,"unit":"m³/day","metric":"Reported treated effluent","original_value":73440.0,"original_unit":"m³/day","source_row":43911,"quality_location":3,"quality_waste":1,"status":"Not Reported","estimated":false}},{"type":"Feature","id":"hydrowaste-45376","geometry":{"type":"Point","coordinates":[118.731,39.96]},"properties":{"id":"hydrowaste-45376","type":"wastewater-treatment","name":"Hebei","country":"CHN","source_id":"hydrowaste-2022","year":null,"value":73400.0,"unit":"m³/day","metric":"Reported treated effluent","original_value":73400.0,"original_unit":"m³/day","source_row":45376,"quality_location":4,"quality_waste":1,"status":"Not Reported","estimated":false}},{"type":"Feature","id":"hydrowaste-45601","geometry":{"type":"Point","coordinates":[124.334,40.07]},"properties":{"id":"hydrowaste-45601","type":"wastewater-treatment","name":"Liaoning","country":"CHN","source_id":"hydrowaste-2022","year":null,"value":73400.0,"unit":"m³/day","metric":"Reported treated effluent","original_value":73400.0,"original_unit":"m³/day","source_row":45601,"quality_location":4,"quality_waste":1,"status":"Not Reported","estimated":false}},{"type":"Feature","id":"hydrowaste-35161","geometry":{"type":"Point","coordinates":[-84.564,39.372]},"properties":{"id":"hydrowaste-35161","type":"wastewater-treatment","name":"Hamilton WRF and Sewer System","country":"USA","source_id":"hydrowaste-2022","year":null,"value":73058.448,"unit":"m³/day","metric":"Reported treated effluent","original_value":73058.448,"original_unit":"m³/day","source_row":35161,"quality_location":2,"quality_waste":1,"status":"Not Reported","estimated":false}},{"type":"Feature","id":"hydrowaste-45245","geometry":{"type":"Point","coordinates":[114.883,38.042]},"properties":{"id":"hydrowaste-45245","type":"wastewater-treatment","name":"Hebei","country":"CHN","source_id":"hydrowaste-2022","year":null,"value":73000.0,"unit":"m³/day","metric":"Reported treated effluent","original_value":73000.0,"original_unit":"m³/day","source_row":45245,"quality_location":4,"quality_waste":1,"status":"Not Reported","estimated":false}},{"type":"Feature","id":"hydrowaste-45599","geometry":{"type":"Point","coordinates":[121.581,38.902]},"properties":{"id":"hydrowaste-45599","type":"wastewater-treatment","name":"Liaoning","country":"CHN","source_id":"hydrowaste-2022","year":null,"value":73000.0,"unit":"m³/day","metric":"Reported treated effluent","original_value":73000.0,"original_unit":"m³/day","source_row":45599,"quality_location":4,"quality_waste":1,"status":"Not Reported","estimated":false}},{"type":"Feature","id":"hydrowaste-45650","geometry":{"type":"Point","coordinates":[125.202,43.865]},"properties":{"id":"hydrowaste-45650","type":"wastewater-treatment","name":"Jilin","country":"CHN","source_id":"hydrowaste-2022","year":null,"value":73000.0,"unit":"m³/day","metric":"Reported treated effluent","original_value":73000.0,"original_unit":"m³/day","source_row":45650,"quality_location":4,"quality_waste":1,"status":"Not Reported","estimated":false}},{"type":"Feature","id":"hydrowaste-46439","geometry":{"type":"Point","coordinates":[116.931,35.381]},"properties":{"id":"hydrowaste-46439","type":"wastewater-treatment","name":"Shandong","country":"CHN","source_id":"hydrowaste-2022","year":null,"value":73000.0,"unit":"m³/day","metric":"Reported treated effluent","original_value":73000.0,"original_unit":"m³/day","source_row":46439,"quality_location":4,"quality_waste":1,"status":"Not Reported","estimated":false}},{"type":"Feature","id":"hydrowaste-47672","geometry":{"type":"Point","coordinates":[-64.766,46.079]},"properties":{"id":"hydrowaste-47672","type":"wastewater-treatment","name":"GMWC Wastewater Treatment Facility","country":"CAN","source_id":"hydrowaste-2022","year":null,"value":73000.0,"unit":"m³/day","metric":"Reported treated effluent","original_value":73000.0,"original_unit":"m³/day","source_row":47672,"quality_location":2,"quality_waste":1,"status":"Operational","estimated":false}},{"type":"Feature","id":"hydrowaste-29837","geometry":{"type":"Point","coordinates":[-84.5,37.944]},"properties":{"id":"hydrowaste-29837","type":"wastewater-treatment","name":"LFUCG W HICKMAN STP","country":"USA","source_id":"hydrowaste-2022","year":null,"value":72793.469,"unit":"m³/day","metric":"Reported treated effluent","original_value":72793.469,"original_unit":"m³/day","source_row":29837,"quality_location":2,"quality_waste":1,"status":"Not Reported","estimated":false}},{"type":"Feature","id":"hydrowaste-42896","geometry":{"type":"Point","coordinates":[-98.954,19.438]},"properties":{"id":"hydrowaste-42896","type":"wastewater-treatment","name":"Lago de Texcoco I","country":"MEX","source_id":"hydrowaste-2022","year":null,"value":72748.8,"unit":"m³/day","metric":"Reported treated effluent","original_value":72748.8,"original_unit":"m³/day","source_row":42896,"quality_location":3,"quality_waste":1,"status":"Not Reported","estimated":false}},{"type":"Feature","id":"hydrowaste-47026","geometry":{"type":"Point","coordinates":[114.475,22.816]},"properties":{"id":"hydrowaste-47026","type":"wastewater-treatment","name":"Guangdong","country":"CHN","source_id":"hydrowaste-2022","year":null,"value":72700.0,"unit":"m³/day","metric":"Reported treated effluent","original_value":72700.0,"original_unit":"m³/day","source_row":47026,"quality_location":4,"quality_waste":1,"status":"Not Reported","estimated":false}},{"type":"Feature","id":"hydrowaste-45839","geometry":{"type":"Point","coordinates":[120.807,31.668]},"properties":{"id":"hydrowaste-45839","type":"wastewater-treatment","name":"Jiangsu","country":"CHN","source_id":"hydrowaste-2022","year":null,"value":72500.0,"unit":"m³/day","metric":"Reported treated effluent","original_value":72500.0,"original_unit":"m³/day","source_row":45839,"quality_location":4,"quality_waste":1,"status":"Not Reported","estimated":false}},{"type":"Feature","id":"hydrowaste-47265","geometry":{"type":"Point","coordinates":[108.415,30.749]},"properties":{"id":"hydrowaste-47265","type":"wastewater-treatment","name":"Chongqing","country":"CHN","source_id":"hydrowaste-2022","year":null,"value":72300.0,"unit":"m³/day","metric":"Reported treated effluent","original_value":72300.0,"original_unit":"m³/day","source_row":47265,"quality_location":4,"quality_waste":1,"status":"Not Reported","estimated":false}},{"type":"Feature","id":"hydrowaste-27035","geometry":{"type":"Point","coordinates":[-84.147,31.539]},"properties":{"id":"hydrowaste-27035","type":"wastewater-treatment","name":"ALBANY  Joshua Road WPCP","country":"USA","source_id":"hydrowaste-2022","year":null,"value":72263.511,"unit":"m³/day","metric":"Reported treated effluent","original_value":72263.511,"original_unit":"m³/day","source_row":27035,"quality_location":2,"quality_waste":1,"status":"Not Reported","estimated":false}},{"type":"Feature","id":"hydrowaste-33901","geometry":{"type":"Point","coordinates":[-75.963,42.096]},"properties":{"id":"hydrowaste-33901","type":"wastewater-treatment","name":"Binghamton Johnson City JtS BdSTP","country":"USA","source_id":"hydrowaste-2022","year":null,"value":72221.872,"unit":"m³/day","metric":"Reported treated effluent","original_value":72221.872,"original_unit":"m³/day","source_row":33901,"quality_location":2,"quality_waste":1,"status":"Not Reported","estimated":false}},{"type":"Feature","id":"hydrowaste-18611","geometry":{"type":"Point","coordinates":[3.671,51.054]},"properties":{"id":"hydrowaste-18611","type":"wastewater-treatment","name":"Gent","country":"BEL","source_id":"hydrowaste-2022","year":null,"value":72196.814,"unit":"m³/day","metric":"Reported treated effluent","original_value":72196.814,"original_unit":"m³/day","source_row":18611,"quality_location":2,"quality_waste":1,"status":"Not Reported","estimated":false}},{"type":"Feature","id":"hydrowaste-37829","geometry":{"type":"Point","coordinates":[-96.63,32.868]},"properties":{"id":"hydrowaste-37829","type":"wastewater-treatment","name":"Rowlett Creek WWTP","country":"USA","source_id":"hydrowaste-2022","year":null,"value":72172.661,"unit":"m³/day","metric":"Reported treated effluent","original_value":72172.661,"original_unit":"m³/day","source_row":37829,"quality_location":2,"quality_waste":1,"status":"Not Reported","estimated":false}},{"type":"Feature","id":"hydrowaste-45421","geometry":{"type":"Point","coordinates":[112.518,37.816]},"properties":{"id":"hydrowaste-45421","type":"wastewater-treatment","name":"Shanxi","country":"CHN","source_id":"hydrowaste-2022","year":null,"value":72000.0,"unit":"m³/day","metric":"Reported treated effluent","original_value":72000.0,"original_unit":"m³/day","source_row":45421,"quality_location":4,"quality_waste":1,"status":"Not Reported","estimated":false}},{"type":"Feature","id":"hydrowaste-46921","geometry":{"type":"Point","coordinates":[113.094,29.356]},"properties":{"id":"hydrowaste-46921","type":"wastewater-treatment","name":"Hunan","country":"CHN","source_id":"hydrowaste-2022","year":null,"value":72000.0,"unit":"m³/day","metric":"Reported treated effluent","original_value":72000.0,"original_unit":"m³/day","source_row":46921,"quality_location":4,"quality_waste":1,"status":"Not Reported","estimated":false}},{"type":"Feature","id":"hydrowaste-28610","geometry":{"type":"Point","coordinates":[-90.631,41.485]},"properties":{"id":"hydrowaste-28610","type":"wastewater-treatment","name":"DAVENPORT WWTP","country":"USA","source_id":"hydrowaste-2022","year":null,"value":71998.532,"unit":"m³/day","metric":"Reported treated effluent","original_value":71998.532,"original_unit":"m³/day","source_row":28610,"quality_location":2,"quality_waste":1,"status":"Not Reported","estimated":false}},{"type":"Feature","id":"hydrowaste-42916","geometry":{"type":"Point","coordinates":[-99.654,19.292]},"properties":{"id":"hydrowaste-42916","type":"wastewater-treatment","name":"Toluca Oriente","country":"MEX","source_id":"hydrowaste-2022","year":null,"value":71940.096,"unit":"m³/day","metric":"Reported treated effluent","original_value":71940.096,"original_unit":"m³/day","source_row":42916,"quality_location":3,"quality_waste":1,"status":"Not Reported","estimated":false}},{"type":"Feature","id":"hydrowaste-31739","geometry":{"type":"Point","coordinates":[-94.87,39.731]},"properties":{"id":"hydrowaste-31739","type":"wastewater-treatment","name":"ST JOSEPH WWTP","country":"USA","source_id":"hydrowaste-2022","year":null,"value":71922.824,"unit":"m³/day","metric":"Reported treated effluent","original_value":71922.824,"original_unit":"m³/day","source_row":31739,"quality_location":2,"quality_waste":1,"status":"Not Reported","estimated":false}},{"type":"Feature","id":"hydrowaste-33346","geometry":{"type":"Point","coordinates":[-75.177,39.849]},"properties":{"id":"hydrowaste-33346","type":"wastewater-treatment","name":"Gloucester County UA   CS_STP","country":"USA","source_id":"hydrowaste-2022","year":null,"value":71922.824,"unit":"m³/day","metric":"Reported treated effluent","original_value":71922.824,"original_unit":"m³/day","source_row":33346,"quality_location":2,"quality_waste":1,"status":"Not Reported","estimated":false}},{"type":"Feature","id":"hydrowaste-34160","geometry":{"type":"Point","coordinates":[-80.542,35.328]},"properties":{"id":"hydrowaste-34160","type":"wastewater-treatment","name":"ROCKY RIVER WWTP","country":"USA","source_id":"hydrowaste-2022","year":null,"value":71922.824,"unit":"m³/day","metric":"Reported treated effluent","original_value":71922.824,"original_unit":"m³/day","source_row":34160,"quality_location":2,"quality_waste":1,"status":"Not Reported","estimated":false}},{"type":"Feature","id":"hydrowaste-37228","geometry":{"type":"Point","coordinates":[-81.914,33.47]},"properties":{"id":"hydrowaste-37228","type":"wastewater-treatment","name":"AIKEN WTF_HORSE CREEK TF","country":"USA","source_id":"hydrowaste-2022","year":null,"value":71922.824,"unit":"m³/day","metric":"Reported treated effluent","original_value":71922.824,"original_unit":"m³/day","source_row":37228,"quality_location":2,"quality_waste":1,"status":"Not Reported","estimated":false}},{"type":"Feature","id":"hydrowaste-46279","geometry":{"type":"Point","coordinates":[118.733,24.726]},"properties":{"id":"hydrowaste-46279","type":"wastewater-treatment","name":"Fujian","country":"CHN","source_id":"hydrowaste-2022","year":null,"value":71700.0,"unit":"m³/day","metric":"Reported treated effluent","original_value":71700.0,"original_unit":"m³/day","source_row":46279,"quality_location":4,"quality_waste":1,"status":"Not Reported","estimated":false}},{"type":"Feature","id":"hydrowaste-9493","geometry":{"type":"Point","coordinates":[-4.866,37.844]},"properties":{"id":"hydrowaste-9493","type":"wastewater-treatment","name":"LA GOLONDRINA","country":"ESP","source_id":"hydrowaste-2022","year":null,"value":71484.156,"unit":"m³/day","metric":"Reported treated effluent","original_value":71484.156,"original_unit":"m³/day","source_row":9493,"quality_location":2,"quality_waste":1,"status":"Not Reported","estimated":false}},{"type":"Feature","id":"hydrowaste-46577","geometry":{"type":"Point","coordinates":[117.973,36.687]},"properties":{"id":"hydrowaste-46577","type":"wastewater-treatment","name":"Shandong","country":"CHN","source_id":"hydrowaste-2022","year":null,"value":71400.0,"unit":"m³/day","metric":"Reported treated effluent","original_value":71400.0,"original_unit":"m³/day","source_row":46577,"quality_location":4,"quality_waste":1,"status":"Not Reported","estimated":false}},{"type":"Feature","id":"hydrowaste-42506","geometry":{"type":"Point","coordinates":[-45.868,-23.159]},"properties":{"id":"hydrowaste-42506","type":"wastewater-treatment","name":"ETE LAVAPeS","country":"BRA","source_id":"hydrowaste-2022","year":null,"value":71397.389,"unit":"m³/day","metric":"Reported treated effluent","original_value":71397.389,"original_unit":"m³/day","source_row":42506,"quality_location":2,"quality_waste":1,"status":"Not Reported","estimated":false}},{"type":"Feature","id":"hydrowaste-30548","geometry":{"type":"Point","coordinates":[-76.997,38.686]},"properties":{"id":"hydrowaste-30548","type":"wastewater-treatment","name":"PISCATAWAY WWTP","country":"USA","source_id":"hydrowaste-2022","year":null,"value":71324.729,"unit":"m³/day","metric":"Reported treated effluent","original_value":71324.729,"original_unit":"m³/day","source_row":30548,"quality_location":2,"quality_waste":1,"status":"Not Reported","estimated":false}},{"type":"Feature","id":"hydrowaste-46299","geometry":{"type":"Point","coordinates":[117.683,24.496]},"properties":{"id":"hydrowaste-46299","type":"wastewater-treatment","name":"Fujian","country":"CHN","source_id":"hydrowaste-2022","year":null,"value":71300.0,"unit":"m³/day","metric":"Reported treated effluent","original_value":71300.0,"original_unit":"m³/day","source_row":46299,"quality_location":4,"quality_waste":1,"status":"Not Reported","estimated":false}},{"type":"Feature","id":"hydrowaste-47012","geometry":{"type":"Point","coordinates":[114.705,23.72]},"properties":{"id":"hydrowaste-47012","type":"wastewater-treatment","name":"Guangdong","country":"CHN","source_id":"hydrowaste-2022","year":null,"value":71300.0,"unit":"m³/day","metric":"Reported treated effluent","original_value":71300.0,"original_unit":"m³/day","source_row":47012,"quality_location":4,"quality_waste":1,"status":"Not Reported","estimated":false}},{"type":"Feature","id":"hydrowaste-45755","geometry":{"type":"Point","coordinates":[121.31,31.122]},"properties":{"id":"hydrowaste-45755","type":"wastewater-treatment","name":"Shanghai","country":"CHN","source_id":"hydrowaste-2022","year":null,"value":71200.0,"unit":"m³/day","metric":"Reported treated effluent","original_value":71200.0,"original_unit":"m³/day","source_row":45755,"quality_location":4,"quality_waste":1,"status":"Not Reported","estimated":false}},{"type":"Feature","id":"hydrowaste-8488","geometry":{"type":"Point","coordinates":[-5.719,40.974]},"properties":{"id":"hydrowaste-8488","type":"wastewater-treatment","name":"SALAMANCA","country":"ESP","source_id":"hydrowaste-2022","year":null,"value":71101.836,"unit":"m³/day","metric":"Reported treated effluent","original_value":71101.836,"original_unit":"m³/day","source_row":8488,"quality_location":2,"quality_waste":1,"status":"Not Reported","estimated":false}},{"type":"Feature","id":"hydrowaste-4478","geometry":{"type":"Point","coordinates":[9.433,45.477]},"properties":{"id":"hydrowaste-4478","type":"wastewater-treatment","name":"DP01522401_TRUCCAZZANO","country":"ITA","source_id":"hydrowaste-2022","year":null,"value":71075.792,"unit":"m³/day","metric":"Reported treated effluent","original_value":71075.792,"original_unit":"m³/day","source_row":4478,"quality_location":2,"quality_waste":1,"status":"Not Reported","estimated":false}},{"type":"Feature","id":"hydrowaste-47803","geometry":{"type":"Point","coordinates":[-123.147,49.115]},"properties":{"id":"hydrowaste-47803","type":"wastewater-treatment","name":"Lulu Island Wastewater Treatment Plant","country":"CAN","source_id":"hydrowaste-2022","year":null,"value":71016.0,"unit":"m³/day","metric":"Reported treated effluent","original_value":71016.0,"original_unit":"m³/day","source_row":47803,"quality_location":2,"quality_waste":1,"status":"Operational","estimated":false}},{"type":"Feature","id":"hydrowaste-46618","geometry":{"type":"Point","coordinates":[114.319,34.759]},"properties":{"id":"hydrowaste-46618","type":"wastewater-treatment","name":"Henan","country":"CHN","source_id":"hydrowaste-2022","year":null,"value":71000.0,"unit":"m³/day","metric":"Reported treated effluent","original_value":71000.0,"original_unit":"m³/day","source_row":46618,"quality_location":4,"quality_waste":1,"status":"Not Reported","estimated":false}},{"type":"Feature","id":"hydrowaste-46621","geometry":{"type":"Point","coordinates":[114.38,34.77]},"properties":{"id":"hydrowaste-46621","type":"wastewater-treatment","name":"Henan","country":"CHN","source_id":"hydrowaste-2022","year":null,"value":71000.0,"unit":"m³/day","metric":"Reported treated effluent","original_value":71000.0,"original_unit":"m³/day","source_row":46621,"quality_location":4,"quality_waste":1,"status":"Not Reported","estimated":false}},{"type":"Feature","id":"hydrowaste-46960","geometry":{"type":"Point","coordinates":[113.976,22.991]},"properties":{"id":"hydrowaste-46960","type":"wastewater-treatment","name":"Guangdong","country":"CHN","source_id":"hydrowaste-2022","year":null,"value":70800.0,"unit":"m³/day","metric":"Reported treated effluent","original_value":70800.0,"original_unit":"m³/day","source_row":46960,"quality_location":4,"quality_waste":1,"status":"Not Reported","estimated":false}},{"type":"Feature","id":"hydrowaste-47790","geometry":{"type":"Point","coordinates":[-113.981,50.856]},"properties":{"id":"hydrowaste-47790","type":"wastewater-treatment","name":"Pine Creek Wastewater Treatment Plant","country":"CAN","source_id":"hydrowaste-2022","year":null,"value":70595.0,"unit":"m³/day","metric":"Reported treated effluent","original_value":70595.0,"original_unit":"m³/day","source_row":47790,"quality_location":2,"quality_waste":1,"status":"Operational","estimated":false}},{"type":"Feature","id":"hydrowaste-42516","geometry":{"type":"Point","coordinates":[-46.45,-23.484]},"properties":{"id":"hydrowaste-42516","type":"wastewater-treatment","name":"ETE SAO MIGUEL   SAO PAULO","country":"BRA","source_id":"hydrowaste-2022","year":null,"value":70448.162,"unit":"m³/day","metric":"Reported treated effluent","original_value":70448.162,"original_unit":"m³/day","source_row":42516,"quality_location":2,"quality_waste":1,"status":"Not Reported","estimated":false}},{"type":"Feature","id":"hydrowaste-37871","geometry":{"type":"Point","coordinates":[-96.562,33.126]},"properties":{"id":"hydrowaste-37871","type":"wastewater-treatment","name":"Rowlett Creek WWTP 1","country":"USA","source_id":"hydrowaste-2022","year":null,"value":70367.02,"unit":"m³/day","metric":"Reported treated effluent","original_value":70367.02,"original_unit":"m³/day","source_row":37871,"quality_location":2,"quality_waste":1,"status":"Not Reported","estimated":false}},{"type":"Feature","id":"hydrowaste-44104","geometry":{"type":"Point","coordinates":[-98.278,26.092]},"properties":{"id":"hydrowaste-44104","type":"wastewater-treatment","name":"PTAR 1","country":"MEX","source_id":"hydrowaste-2022","year":null,"value":70208.64,"unit":"m³/day","metric":"Reported treated effluent","original_value":70208.64,"original_unit":"m³/day","source_row":44104,"quality_location":3,"quality_waste":1,"status":"Not Reported","estimated":false}},{"type":"Feature","id":"hydrowaste-46207","geometry":{"type":"Point","coordinates":[116.755,33.951]},"properties":{"id":"hydrowaste-46207","type":"wastewater-treatment","name":"Anhui","country":"CHN","source_id":"hydrowaste-2022","year":null,"value":70100.0,"unit":"m³/day","metric":"Reported treated effluent","original_value":70100.0,"original_unit":"m³/day","source_row":46207,"quality_location":4,"quality_waste":1,"status":"Not Reported","estimated":false}},{"type":"Feature","id":"hydrowaste-45589","geometry":{"type":"Point","coordinates":[121.842,38.981]},"properties":{"id":"hydrowaste-45589","type":"wastewater-treatment","name":"Liaoning","country":"CHN","source_id":"hydrowaste-2022","year":null,"value":70000.0,"unit":"m³/day","metric":"Reported treated effluent","original_value":70000.0,"original_unit":"m³/day","source_row":45589,"quality_location":4,"quality_waste":1,"status":"Not Reported","estimated":false}},{"type":"Feature","id":"hydrowaste-46863","geometry":{"type":"Point","coordinates":[109.952,27.528]},"properties":{"id":"hydrowaste-46863","type":"wastewater-treatment","name":"Hunan","country":"CHN","source_id":"hydrowaste-2022","year":null,"value":70000.0,"unit":"m³/day","metric":"Reported treated effluent","original_value":70000.0,"original_unit":"m³/day","source_row":46863,"quality_location":4,"quality_waste":1,"status":"Not Reported","estimated":false}},{"type":"Feature","id":"hydrowaste-47653","geometry":{"type":"Point","coordinates":[-104.753,50.477]},"properties":{"id":"hydrowaste-47653","type":"wastewater-treatment","name":"Wastewater Facility","country":"CAN","source_id":"hydrowaste-2022","year":null,"value":70000.0,"unit":"m³/day","metric":"Reported treated effluent","original_value":70000.0,"original_unit":"m³/day","source_row":47653,"quality_location":2,"quality_waste":1,"status":"Operational","estimated":false}},{"type":"Feature","id":"hydrowaste-8049","geometry":{"type":"Point","coordinates":[-5.92,43.59]},"properties":{"id":"hydrowaste-8049","type":"wastewater-treatment","name":"MAQUA","country":"ESP","source_id":"hydrowaste-2022","year":null,"value":69777.321,"unit":"m³/day","metric":"Reported treated effluent","original_value":69777.321,"original_unit":"m³/day","source_row":8049,"quality_location":2,"quality_waste":1,"status":"Not Reported","estimated":false}},{"type":"Feature","id":"hydrowaste-45544","geometry":{"type":"Point","coordinates":[122.2,43.688]},"properties":{"id":"hydrowaste-45544","type":"wastewater-treatment","name":"Nei Mongol","country":"CHN","source_id":"hydrowaste-2022","year":null,"value":69700.0,"unit":"m³/day","metric":"Reported treated effluent","original_value":69700.0,"original_unit":"m³/day","source_row":45544,"quality_location":4,"quality_waste":1,"status":"Not Reported","estimated":false}},{"type":"Feature","id":"hydrowaste-46803","geometry":{"type":"Point","coordinates":[113.92,30.9]},"properties":{"id":"hydrowaste-46803","type":"wastewater-treatment","name":"Hubei","country":"CHN","source_id":"hydrowaste-2022","year":null,"value":69700.0,"unit":"m³/day","metric":"Reported treated effluent","original_value":69700.0,"original_unit":"m³/day","source_row":46803,"quality_location":4,"quality_waste":1,"status":"Not Reported","estimated":false}},{"type":"Feature","id":"hydrowaste-36068","geometry":{"type":"Point","coordinates":[-122.899,42.434]},"properties":{"id":"hydrowaste-36068","type":"wastewater-treatment","name":"MEDFORD STP","country":"USA","source_id":"hydrowaste-2022","year":null,"value":69273.036,"unit":"m³/day","metric":"Reported treated effluent","original_value":69273.036,"original_unit":"m³/day","source_row":36068,"quality_location":2,"quality_waste":1,"status":"Not Reported","estimated":false}},{"type":"Feature","id":"hydrowaste-29043","geometry":{"type":"Point","coordinates":[-96.371,42.453]},"properties":{"id":"hydrowaste-29043","type":"wastewater-treatment","name":"SIOUX CITY WWTP","country":"USA","source_id":"hydrowaste-2022","year":null,"value":69235.182,"unit":"m³/day","metric":"Reported treated effluent","original_value":69235.182,"original_unit":"m³/day","source_row":29043,"quality_location":2,"quality_waste":1,"status":"Not Reported","estimated":false}},{"type":"Feature","id":"hydrowaste-46486","geometry":{"type":"Point","coordinates":[120.337,36.291]},"properties":{"id":"hydrowaste-46486","type":"wastewater-treatment","name":"Shandong","country":"CHN","source_id":"hydrowaste-2022","year":null,"value":69200.0,"unit":"m³/day","metric":"Reported treated effluent","original_value":69200.0,"original_unit":"m³/day","source_row":46486,"quality_location":4,"quality_waste":1,"status":"Not Reported","estimated":false}},{"type":"Feature","id":"hydrowaste-42981","geometry":{"type":"Point","coordinates":[-104.894,21.516]},"properties":{"id":"hydrowaste-42981","type":"wastewater-treatment","name":"El Punto","country":"MEX","source_id":"hydrowaste-2022","year":null,"value":69120.0,"unit":"m³/day","metric":"Reported treated effluent","original_value":69120.0,"original_unit":"m³/day","source_row":42981,"quality_location":3,"quality_waste":1,"status":"Not Reported","estimated":false}},{"type":"Feature","id":"hydrowaste-53091","geometry":{"type":"Point","coordinates":[-79.932,-6.778]},"properties":{"id":"hydrowaste-53091","type":"wastewater-treatment","name":"San Jose","country":"PER","source_id":"hydrowaste-2022","year":null,"value":69120.0,"unit":"m³/day","metric":"Reported treated effluent","original_value":69120.0,"original_unit":"m³/day","source_row":53091,"quality_location":1,"quality_waste":1,"status":"Not Reported","estimated":false}},{"type":"Feature","id":"hydrowaste-53174","geometry":{"type":"Point","coordinates":[-76.818,-12.263]},"properties":{"id":"hydrowaste-53174","type":"wastewater-treatment","name":"San Juan","country":"PER","source_id":"hydrowaste-2022","year":null,"value":69120.0,"unit":"m³/day","metric":"Reported treated effluent","original_value":69120.0,"original_unit":"m³/day","source_row":53174,"quality_location":1,"quality_waste":1,"status":"Not Reported","estimated":false}},{"type":"Feature","id":"hydrowaste-46362","geometry":{"type":"Point","coordinates":[114.985,27.806]},"properties":{"id":"hydrowaste-46362","type":"wastewater-treatment","name":"Jiangxi","country":"CHN","source_id":"hydrowaste-2022","year":null,"value":69100.0,"unit":"m³/day","metric":"Reported treated effluent","original_value":69100.0,"original_unit":"m³/day","source_row":46362,"quality_location":4,"quality_waste":1,"status":"Not Reported","estimated":false}},{"type":"Feature","id":"hydrowaste-45292","geometry":{"type":"Point","coordinates":[117.974,40.919]},"properties":{"id":"hydrowaste-45292","type":"wastewater-treatment","name":"Hebei","country":"CHN","source_id":"hydrowaste-2022","year":null,"value":69000.0,"unit":"m³/day","metric":"Reported treated effluent","original_value":69000.0,"original_unit":"m³/day","source_row":45292,"quality_location":4,"quality_waste":1,"status":"Not Reported","estimated":false}},{"type":"Feature","id":"hydrowaste-45938","geometry":{"type":"Point","coordinates":[120.381,31.594]},"properties":{"id":"hydrowaste-45938","type":"wastewater-treatment","name":"Jiangsu","country":"CHN","source_id":"hydrowaste-2022","year":null,"value":69000.0,"unit":"m³/day","metric":"Reported treated effluent","original_value":69000.0,"original_unit":"m³/day","source_row":45938,"quality_location":4,"quality_waste":1,"status":"Not Reported","estimated":false}},{"type":"Feature","id":"hydrowaste-45950","geometry":{"type":"Point","coordinates":[120.31,31.941]},"properties":{"id":"hydrowaste-45950","type":"wastewater-treatment","name":"Jiangsu","country":"CHN","source_id":"hydrowaste-2022","year":null,"value":69000.0,"unit":"m³/day","metric":"Reported treated effluent","original_value":69000.0,"original_unit":"m³/day","source_row":45950,"quality_location":4,"quality_waste":1,"status":"Not Reported","estimated":false}},{"type":"Feature","id":"hydrowaste-44268","geometry":{"type":"Point","coordinates":[-97.831,22.276]},"properties":{"id":"hydrowaste-44268","type":"wastewater-treatment","name":"Tierra Negra","country":"MEX","source_id":"hydrowaste-2022","year":null,"value":68947.2,"unit":"m³/day","metric":"Reported treated effluent","original_value":68947.2,"original_unit":"m³/day","source_row":44268,"quality_location":3,"quality_waste":1,"status":"Not Reported","estimated":false}},{"type":"Feature","id":"hydrowaste-31209","geometry":{"type":"Point","coordinates":[-93.212,44.827]},"properties":{"id":"hydrowaste-31209","type":"wastewater-treatment","name":"SENECA TREATMENT PLANT","country":"USA","source_id":"hydrowaste-2022","year":null,"value":68932.349,"unit":"m³/day","metric":"Reported treated effluent","original_value":68932.349,"original_unit":"m³/day","source_row":31209,"quality_location":2,"quality_waste":1,"status":"Not Reported","estimated":false}},{"type":"Feature","id":"hydrowaste-34157","geometry":{"type":"Point","coordinates":[-82.598,35.646]},"properties":{"id":"hydrowaste-34157","type":"wastewater-treatment","name":"BUNCOMBE COUNTY MSD WWTP","country":"USA","source_id":"hydrowaste-2022","year":null,"value":68894.495,"unit":"m³/day","metric":"Reported treated effluent","original_value":68894.495,"original_unit":"m³/day","source_row":34157,"quality_location":2,"quality_waste":1,"status":"Not Reported","estimated":false}},{"type":"Feature","id":"hydrowaste-4520","geometry":{"type":"Point","coordinates":[10.177,45.497]},"properties":{"id":"hydrowaste-4520","type":"wastewater-treatment","name":"DP01702901_BRESCIA_VERZIANO","country":"ITA","source_id":"hydrowaste-2022","year":null,"value":68848.71,"unit":"m³/day","metric":"Reported treated effluent","original_value":68848.71,"original_unit":"m³/day","source_row":4520,"quality_location":2,"quality_waste":1,"status":"Not Reported","estimated":false}},{"type":"Feature","id":"hydrowaste-45754","geometry":{"type":"Point","coordinates":[121.281,31.041]},"properties":{"id":"hydrowaste-45754","type":"wastewater-treatment","name":"Shanghai","country":"CHN","source_id":"hydrowaste-2022","year":null,"value":68800.0,"unit":"m³/day","metric":"Reported treated effluent","original_value":68800.0,"original_unit":"m³/day","source_row":45754,"quality_location":4,"quality_waste":1,"status":"Not Reported","estimated":false}},{"type":"Feature","id":"hydrowaste-45897","geometry":{"type":"Point","coordinates":[120.977,31.378]},"properties":{"id":"hydrowaste-45897","type":"wastewater-treatment","name":"Jiangsu","country":"CHN","source_id":"hydrowaste-2022","year":null,"value":68800.0,"unit":"m³/day","metric":"Reported treated effluent","original_value":68800.0,"original_unit":"m³/day","source_row":45897,"quality_location":4,"quality_waste":1,"status":"Not Reported","estimated":false}},{"type":"Feature","id":"hydrowaste-46407","geometry":{"type":"Point","coordinates":[116.331,37.477]},"properties":{"id":"hydrowaste-46407","type":"wastewater-treatment","name":"Shandong","country":"CHN","source_id":"hydrowaste-2022","year":null,"value":68700.0,"unit":"m³/day","metric":"Reported treated effluent","original_value":68700.0,"original_unit":"m³/day","source_row":46407,"quality_location":4,"quality_waste":1,"status":"Not Reported","estimated":false}},{"type":"Feature","id":"hydrowaste-30386","geometry":{"type":"Point","coordinates":[-70.256,43.674]},"properties":{"id":"hydrowaste-30386","type":"wastewater-treatment","name":"PORTLAND EAST END WWTF","country":"USA","source_id":"hydrowaste-2022","year":null,"value":68667.37,"unit":"m³/day","metric":"Reported treated effluent","original_value":68667.37,"original_unit":"m³/day","source_row":30386,"quality_location":2,"quality_waste":1,"status":"Not Reported","estimated":false}},{"type":"Feature","id":"hydrowaste-46493","geometry":{"type":"Point","coordinates":[119.924,36.734]},"properties":{"id":"hydrowaste-46493","type":"wastewater-treatment","name":"Shandong","country":"CHN","source_id":"hydrowaste-2022","year":null,"value":68600.0,"unit":"m³/day","metric":"Reported treated effluent","original_value":68600.0,"original_unit":"m³/day","source_row":46493,"quality_location":4,"quality_waste":1,"status":"Not Reported","estimated":false}},{"type":"Feature","id":"hydrowaste-45728","geometry":{"type":"Point","coordinates":[121.244,31.315]},"properties":{"id":"hydrowaste-45728","type":"wastewater-treatment","name":"Shanghai","country":"CHN","source_id":"hydrowaste-2022","year":null,"value":68300.0,"unit":"m³/day","metric":"Reported treated effluent","original_value":68300.0,"original_unit":"m³/day","source_row":45728,"quality_location":4,"quality_waste":1,"status":"Not Reported","estimated":false}},{"type":"Feature","id":"hydrowaste-27011","geometry":{"type":"Point","coordinates":[-83.638,32.769]},"properties":{"id":"hydrowaste-27011","type":"wastewater-treatment","name":"Macon ROCKY CREEK WPCP","country":"USA","source_id":"hydrowaste-2022","year":null,"value":68288.829,"unit":"m³/day","metric":"Reported treated effluent","original_value":68288.829,"original_unit":"m³/day","source_row":27011,"quality_location":2,"quality_waste":1,"status":"Not Reported","estimated":false}},{"type":"Feature","id":"hydrowaste-25845","geometry":{"type":"Point","coordinates":[-122.506,37.728]},"properties":{"id":"hydrowaste-25845","type":"wastewater-treatment","name":"Oceanside WPCP","country":"USA","source_id":"hydrowaste-2022","year":null,"value":68137.412,"unit":"m³/day","metric":"Reported treated effluent","original_value":68137.412,"original_unit":"m³/day","source_row":25845,"quality_location":2,"quality_waste":1,"status":"Not Reported","estimated":false}},{"type":"Feature","id":"hydrowaste-26696","geometry":{"type":"Point","coordinates":[-84.323,30.392]},"properties":{"id":"hydrowaste-26696","type":"wastewater-treatment","name":"THOMAS P SMITH WTP","country":"USA","source_id":"hydrowaste-2022","year":null,"value":68137.412,"unit":"m³/day","metric":"Reported treated effluent","original_value":68137.412,"original_unit":"m³/day","source_row":26696,"quality_location":2,"quality_waste":1,"status":"Not Reported","estimated":false}},{"type":"Feature","id":"hydrowaste-27727","geometry":{"type":"Point","coordinates":[-87.819,42.375]},"properties":{"id":"hydrowaste-27727","type":"wastewater-treatment","name":"WAUKEGAN STP   NORTH SHORE SD","country":"USA","source_id":"hydrowaste-2022","year":null,"value":68137.412,"unit":"m³/day","metric":"Reported treated effluent","original_value":68137.412,"original_unit":"m³/day","source_row":27727,"quality_location":2,"quality_waste":1,"status":"Not Reported","estimated":false}},{"type":"Feature","id":"hydrowaste-27749","geometry":{"type":"Point","coordinates":[-88.274,42.015]},"properties":{"id":"hydrowaste-27749","type":"wastewater-treatment","name":"FRWRD South Main STP","country":"USA","source_id":"hydrowaste-2022","year":null,"value":68137.412,"unit":"m³/day","metric":"Reported treated effluent","original_value":68137.412,"original_unit":"m³/day","source_row":27749,"quality_location":2,"quality_waste":1,"status":"Not Reported","estimated":false}},{"type":"Feature","id":"hydrowaste-28104","geometry":{"type":"Point","coordinates":[-87.57,37.961]},"properties":{"id":"hydrowaste-28104","type":"wastewater-treatment","name":"Evansville EASTSIDE WWTP","country":"USA","source_id":"hydrowaste-2022","year":null,"value":68137.412,"unit":"m³/day","metric":"Reported treated effluent","original_value":68137.412,"original_unit":"m³/day","source_row":28104,"quality_location":2,"quality_waste":1,"status":"Not Reported","estimated":false}},{"type":"Feature","id":"hydrowaste-28157","geometry":{"type":"Point","coordinates":[-84.91,39.803]},"properties":{"id":"hydrowaste-28157","type":"wastewater-treatment","name":"Richmond WWTP","country":"USA","source_id":"hydrowaste-2022","year":null,"value":68137.412,"unit":"m³/day","metric":"Reported treated effluent","original_value":68137.412,"original_unit":"m³/day","source_row":28157,"quality_location":2,"quality_waste":1,"status":"Not Reported","estimated":false}},{"type":"Feature","id":"hydrowaste-35285","geometry":{"type":"Point","coordinates":[-84.251,39.682]},"properties":{"id":"hydrowaste-35285","type":"wastewater-treatment","name":"Montgomery Co Western Regional WWTP and Sewers","country":"USA","source_id":"hydrowaste-2022","year":null,"value":68137.412,"unit":"m³/day","metric":"Reported treated effluent","original_value":68137.412,"original_unit":"m³/day","source_row":35285,"quality_location":2,"quality_waste":1,"status":"Not Reported","estimated":false}},{"type":"Feature","id":"hydrowaste-38398","geometry":{"type":"Point","coordinates":[-77.378,37.382]},"properties":{"id":"hydrowaste-38398","type":"wastewater-treatment","name":"PROCTORS CREEK WWTP","country":"USA","source_id":"hydrowaste-2022","year":null,"value":68137.412,"unit":"m³/day","metric":"Reported treated effluent","original_value":68137.412,"original_unit":"m³/day","source_row":38398,"quality_location":2,"quality_waste":1,"status":"Not Reported","estimated":false}},{"type":"Feature","id":"hydrowaste-45213","geometry":{"type":"Point","coordinates":[117.128,39.21]},"properties":{"id":"hydrowaste-45213","type":"wastewater-treatment","name":"Tianjin","country":"CHN","source_id":"hydrowaste-2022","year":null,"value":68100.0,"unit":"m³/day","metric":"Reported treated effluent","original_value":68100.0,"original_unit":"m³/day","source_row":45213,"quality_location":4,"quality_waste":1,"status":"Not Reported","estimated":false}},{"type":"Feature","id":"hydrowaste-46345","geometry":{"type":"Point","coordinates":[116.05,29.738]},"properties":{"id":"hydrowaste-46345","type":"wastewater-treatment","name":"Jiangxi","country":"CHN","source_id":"hydrowaste-2022","year":null,"value":68100.0,"unit":"m³/day","metric":"Reported treated effluent","original_value":68100.0,"original_unit":"m³/day","source_row":46345,"quality_location":4,"quality_waste":1,"status":"Not Reported","estimated":false}},{"type":"Feature","id":"hydrowaste-19","geometry":{"type":"Point","coordinates":[23.851,54.905]},"properties":{"id":"hydrowaste-19","type":"wastewater-treatment","name":"Kauno m aglomeracija","country":"LTU","source_id":"hydrowaste-2022","year":null,"value":68005.26,"unit":"m³/day","metric":"Reported treated effluent","original_value":68005.26,"original_unit":"m³/day","source_row":19,"quality_location":2,"quality_waste":1,"status":"Not Reported","estimated":false}},{"type":"Feature","id":"hydrowaste-32966","geometry":{"type":"Point","coordinates":[-96.14,41.085]},"properties":{"id":"hydrowaste-32966","type":"wastewater-treatment","name":"Southern Sarpy County Development","country":"USA","source_id":"hydrowaste-2022","year":null,"value":67985.992,"unit":"m³/day","metric":"Reported treated effluent","original_value":67985.992,"original_unit":"m³/day","source_row":32966,"quality_location":2,"quality_waste":1,"status":"Projected","estimated":false}},{"type":"Feature","id":"hydrowaste-23820","geometry":{"type":"Point","coordinates":[18.253,49.855]},"properties":{"id":"hydrowaste-23820","type":"wastewater-treatment","name":"UCOV Ostrava   Privoz","country":"CZE","source_id":"hydrowaste-2022","year":null,"value":67830.986,"unit":"m³/day","metric":"Reported treated effluent","original_value":67830.986,"original_unit":"m³/day","source_row":23820,"quality_location":2,"quality_waste":1,"status":"Not Reported","estimated":false}},{"type":"Feature","id":"hydrowaste-47399","geometry":{"type":"Point","coordinates":[104.794,29.34]},"properties":{"id":"hydrowaste-47399","type":"wastewater-treatment","name":"Sichuan","country":"CHN","source_id":"hydrowaste-2022","year":null,"value":67400.0,"unit":"m³/day","metric":"Reported treated effluent","original_value":67400.0,"original_unit":"m³/day","source_row":47399,"quality_location":4,"quality_waste":1,"status":"Not Reported","estimated":false}},{"type":"Feature","id":"hydrowaste-47590","geometry":{"type":"Point","coordinates":[106.122,38.429]},"properties":{"id":"hydrowaste-47590","type":"wastewater-treatment","name":"Ningxia Hui","country":"CHN","source_id":"hydrowaste-2022","year":null,"value":67300.0,"unit":"m³/day","metric":"Reported treated effluent","original_value":67300.0,"original_unit":"m³/day","source_row":47590,"quality_location":4,"quality_waste":1,"status":"Not Reported","estimated":false}},{"type":"Feature","id":"hydrowaste-46097","geometry":{"type":"Point","coordinates":[120.089,29.31]},"properties":{"id":"hydrowaste-46097","type":"wastewater-treatment","name":"Zhejiang","country":"CHN","source_id":"hydrowaste-2022","year":null,"value":67000.0,"unit":"m³/day","metric":"Reported treated effluent","original_value":67000.0,"original_unit":"m³/day","source_row":46097,"quality_location":4,"quality_waste":1,"status":"Not Reported","estimated":false}},{"type":"Feature","id":"hydrowaste-27040","geometry":{"type":"Point","coordinates":[-81.067,32.075]},"properties":{"id":"hydrowaste-27040","type":"wastewater-treatment","name":"PRESIDENT STREET WPCP","country":"USA","source_id":"hydrowaste-2022","year":null,"value":66926.081,"unit":"m³/day","metric":"Reported treated effluent","original_value":66926.081,"original_unit":"m³/day","source_row":27040,"quality_location":2,"quality_waste":1,"status":"Not Reported","estimated":false}},{"type":"Feature","id":"hydrowaste-30547","geometry":{"type":"Point","coordinates":[-76.719,38.792]},"properties":{"id":"hydrowaste-30547","type":"wastewater-treatment","name":"WESTERN BRANCH WWTP","country":"USA","source_id":"hydrowaste-2022","year":null,"value":66922.295,"unit":"m³/day","metric":"Reported treated effluent","original_value":66922.295,"original_unit":"m³/day","source_row":30547,"quality_location":2,"quality_waste":1,"status":"Not Reported","estimated":false}},{"type":"Feature","id":"hydrowaste-47540","geometry":{"type":"Point","coordinates":[108.681,34.362]},"properties":{"id":"hydrowaste-47540","type":"wastewater-treatment","name":"Shaanxi","country":"CHN","source_id":"hydrowaste-2022","year":null,"value":66900.0,"unit":"m³/day","metric":"Reported treated effluent","original_value":66900.0,"original_unit":"m³/day","source_row":47540,"quality_location":4,"quality_waste":1,"status":"Not Reported","estimated":false}},{"type":"Feature","id":"hydrowaste-25012","geometry":{"type":"Point","coordinates":[-86.999,34.628]},"properties":{"id":"hydrowaste-25012","type":"wastewater-treatment","name":"DECATUR DRY CREEK WWTP","country":"USA","source_id":"hydrowaste-2022","year":null,"value":66698.956,"unit":"m³/day","metric":"Reported treated effluent","original_value":66698.956,"original_unit":"m³/day","source_row":25012,"quality_location":2,"quality_waste":1,"status":"Not Reported","estimated":false}},{"type":"Feature","id":"hydrowaste-37469","geometry":{"type":"Point","coordinates":[-86.689,36.289]},"properties":{"id":"hydrowaste-37469","type":"wastewater-treatment","name":"Nashville   Dry Creek WWTP","country":"USA","source_id":"hydrowaste-2022","year":null,"value":66623.248,"unit":"m³/day","metric":"Reported treated effluent","original_value":66623.248,"original_unit":"m³/day","source_row":37469,"quality_location":2,"quality_waste":1,"status":"Not Reported","estimated":false}},{"type":"Feature","id":"hydrowaste-39940","geometry":{"type":"Point","coordinates":[-54.663,-20.555]},"properties":{"id":"hydrowaste-39940","type":"wastewater-treatment","name":"ETE LOS ANGELES","country":"BRA","source_id":"hydrowaste-2022","year":null,"value":66478.826,"unit":"m³/day","metric":"Reported treated effluent","original_value":66478.826,"original_unit":"m³/day","source_row":39940,"quality_location":2,"quality_waste":1,"status":"Not Reported","estimated":false}},{"type":"Feature","id":"hydrowaste-46819","geometry":{"type":"Point","coordinates":[112.979,28.246]},"properties":{"id":"hydrowaste-46819","type":"wastewater-treatment","name":"Hunan","country":"CHN","source_id":"hydrowaste-2022","year":null,"value":66400.0,"unit":"m³/day","metric":"Reported treated effluent","original_value":66400.0,"original_unit":"m³/day","source_row":46819,"quality_location":4,"quality_waste":1,"status":"Not Reported","estimated":false}},{"type":"Feature","id":"hydrowaste-19242","geometry":{"type":"Point","coordinates":[9.659,52.399]},"properties":{"id":"hydrowaste-19242","type":"wastewater-treatment","name":"2530002102 KA Herrenhausen","country":"DEU","source_id":"hydrowaste-2022","year":null,"value":66399.123,"unit":"m³/day","metric":"Reported treated effluent","original_value":66399.123,"original_unit":"m³/day","source_row":19242,"quality_location":2,"quality_waste":1,"status":"Not Reported","estimated":false}},{"type":"Feature","id":"hydrowaste-25849","geometry":{"type":"Point","coordinates":[-122.08,38.22]},"properties":{"id":"hydrowaste-25849","type":"wastewater-treatment","name":"Fairfield Suisun WWTP","country":"USA","source_id":"hydrowaste-2022","year":null,"value":66244.707,"unit":"m³/day","metric":"Reported treated effluent","original_value":66244.707,"original_unit":"m³/day","source_row":25849,"quality_location":2,"quality_waste":1,"status":"Not Reported","estimated":false}},{"type":"Feature","id":"hydrowaste-26677","geometry":{"type":"Point","coordinates":[-81.453,28.505]},"properties":{"id":"hydrowaste-26677","type":"wastewater-treatment","name":"Conserve II","country":"USA","source_id":"hydrowaste-2022","year":null,"value":66244.707,"unit":"m³/day","metric":"Reported treated effluent","original_value":66244.707,"original_unit":"m³/day","source_row":26677,"quality_location":2,"quality_waste":1,"status":"Not Reported","estimated":false}},{"type":"Feature","id":"hydrowaste-35220","geometry":{"type":"Point","coordinates":[-84.127,40.723]},"properties":{"id":"hydrowaste-35220","type":"wastewater-treatment","name":"Lima WWTP and Sewer System","country":"USA","source_id":"hydrowaste-2022","year":null,"value":66206.852,"unit":"m³/day","metric":"Reported treated effluent","original_value":66206.852,"original_unit":"m³/day","source_row":35220,"quality_location":2,"quality_waste":1,"status":"Not Reported","estimated":false}},{"type":"Feature","id":"hydrowaste-47002","geometry":{"type":"Point","coordinates":[112.836,22.898]},"properties":{"id":"hydrowaste-47002","type":"wastewater-treatment","name":"Guangdong","country":"CHN","source_id":"hydrowaste-2022","year":null,"value":66200.0,"unit":"m³/day","metric":"Reported treated effluent","original_value":66200.0,"original_unit":"m³/day","source_row":47002,"quality_location":4,"quality_waste":1,"status":"Not Reported","estimated":false}},{"type":"Feature","id":"hydrowaste-41904","geometry":{"type":"Point","coordinates":[-43.267,-22.832]},"properties":{"id":"hydrowaste-41904","type":"wastewater-treatment","name":"ETE PENHA","country":"BRA","source_id":"hydrowaste-2022","year":null,"value":66057.773,"unit":"m³/day","metric":"Reported treated effluent","original_value":66057.773,"original_unit":"m³/day","source_row":41904,"quality_location":2,"quality_waste":1,"status":"Not Reported","estimated":false}},{"type":"Feature","id":"hydrowaste-45779","geometry":{"type":"Point","coordinates":[119.983,31.729]},"properties":{"id":"hydrowaste-45779","type":"wastewater-treatment","name":"Jiangsu","country":"CHN","source_id":"hydrowaste-2022","year":null,"value":66000.0,"unit":"m³/day","metric":"Reported treated effluent","original_value":66000.0,"original_unit":"m³/day","source_row":45779,"quality_location":4,"quality_waste":1,"status":"Not Reported","estimated":false}},{"type":"Feature","id":"hydrowaste-46342","geometry":{"type":"Point","coordinates":[117.065,29.214]},"properties":{"id":"hydrowaste-46342","type":"wastewater-treatment","name":"Jiangxi","country":"CHN","source_id":"hydrowaste-2022","year":null,"value":66000.0,"unit":"m³/day","metric":"Reported treated effluent","original_value":66000.0,"original_unit":"m³/day","source_row":46342,"quality_location":4,"quality_waste":1,"status":"Not Reported","estimated":false}},{"type":"Feature","id":"hydrowaste-46043","geometry":{"type":"Point","coordinates":[119.975,30.044]},"properties":{"id":"hydrowaste-46043","type":"wastewater-treatment","name":"Zhejiang","country":"CHN","source_id":"hydrowaste-2022","year":null,"value":65900.0,"unit":"m³/day","metric":"Reported treated effluent","original_value":65900.0,"original_unit":"m³/day","source_row":46043,"quality_location":4,"quality_waste":1,"status":"Not Reported","estimated":false}},{"type":"Feature","id":"hydrowaste-26681","geometry":{"type":"Point","coordinates":[-81.2,28.523]},"properties":{"id":"hydrowaste-26681","type":"wastewater-treatment","name":"OCUD_Eastern Subregional WRF","country":"USA","source_id":"hydrowaste-2022","year":null,"value":65866.165,"unit":"m³/day","metric":"Reported treated effluent","original_value":65866.165,"original_unit":"m³/day","source_row":26681,"quality_location":2,"quality_waste":1,"status":"Not Reported","estimated":false}},{"type":"Feature","id":"hydrowaste-26542","geometry":{"type":"Point","coordinates":[-72.651,41.587]},"properties":{"id":"hydrowaste-26542","type":"wastewater-treatment","name":"MATTABASSETT WPCF","country":"USA","source_id":"hydrowaste-2022","year":null,"value":65820.74,"unit":"m³/day","metric":"Reported treated effluent","original_value":65820.74,"original_unit":"m³/day","source_row":26542,"quality_location":2,"quality_waste":1,"status":"Not Reported","estimated":false}},{"type":"Feature","id":"hydrowaste-47726","geometry":{"type":"Point","coordinates":[-80.422,43.4]},"properties":{"id":"hydrowaste-47726","type":"wastewater-treatment","name":"Kitchener Wastewater Treatment Plant","country":"CAN","source_id":"hydrowaste-2022","year":null,"value":65700.6,"unit":"m³/day","metric":"Reported treated effluent","original_value":65700.6,"original_unit":"m³/day","source_row":47726,"quality_location":2,"quality_waste":1,"status":"Operational","estimated":false}},{"type":"Feature","id":"hydrowaste-45594","geometry":{"type":"Point","coordinates":[121.536,38.864]},"properties":{"id":"hydrowaste-45594","type":"wastewater-treatment","name":"Liaoning","country":"CHN","source_id":"hydrowaste-2022","year":null,"value":65600.0,"unit":"m³/day","metric":"Reported treated effluent","original_value":65600.0,"original_unit":"m³/day","source_row":45594,"quality_location":4,"quality_waste":1,"status":"Not Reported","estimated":false}},{"type":"Feature","id":"hydrowaste-46148","geometry":{"type":"Point","coordinates":[121.39,28.548]},"properties":{"id":"hydrowaste-46148","type":"wastewater-treatment","name":"Zhejiang","country":"CHN","source_id":"hydrowaste-2022","year":null,"value":65600.0,"unit":"m³/day","metric":"Reported treated effluent","original_value":65600.0,"original_unit":"m³/day","source_row":46148,"quality_location":4,"quality_waste":1,"status":"Not Reported","estimated":false}},{"type":"Feature","id":"hydrowaste-28636","geometry":{"type":"Point","coordinates":[-90.66,42.469]},"properties":{"id":"hydrowaste-28636","type":"wastewater-treatment","name":"DUBUQUE WWTP","country":"USA","source_id":"hydrowaste-2022","year":null,"value":65563.332,"unit":"m³/day","metric":"Reported treated effluent","original_value":65563.332,"original_unit":"m³/day","source_row":28636,"quality_location":2,"quality_waste":1,"status":"Not Reported","estimated":false}},{"type":"Feature","id":"hydrowaste-45529","geometry":{"type":"Point","coordinates":[110.015,39.848]},"properties":{"id":"hydrowaste-45529","type":"wastewater-treatment","name":"Nei Mongol","country":"CHN","source_id":"hydrowaste-2022","year":null,"value":65500.0,"unit":"m³/day","metric":"Reported treated effluent","original_value":65500.0,"original_unit":"m³/day","source_row":45529,"quality_location":4,"quality_waste":1,"status":"Not Reported","estimated":false}},{"type":"Feature","id":"hydrowaste-43386","geometry":{"type":"Point","coordinates":[-98.197,19.043]},"properties":{"id":"hydrowaste-43386","type":"wastewater-treatment","name":"Puebla Alseseca","country":"MEX","source_id":"hydrowaste-2022","year":null,"value":65491.2,"unit":"m³/day","metric":"Reported treated effluent","original_value":65491.2,"original_unit":"m³/day","source_row":43386,"quality_location":3,"quality_waste":1,"status":"Not Reported","estimated":false}},{"type":"Feature","id":"hydrowaste-25858","geometry":{"type":"Point","coordinates":[-122.4,37.689]},"properties":{"id":"hydrowaste-25858","type":"wastewater-treatment","name":"Oro Loma WWTF","country":"USA","source_id":"hydrowaste-2022","year":null,"value":65487.624,"unit":"m³/day","metric":"Reported treated effluent","original_value":65487.624,"original_unit":"m³/day","source_row":25858,"quality_location":2,"quality_waste":1,"status":"Not Reported","estimated":false}},{"type":"Feature","id":"hydrowaste-25975","geometry":{"type":"Point","coordinates":[-118.984,35.325]},"properties":{"id":"hydrowaste-25975","type":"wastewater-treatment","name":"Bakersfield WWTP 2","country":"USA","source_id":"hydrowaste-2022","year":null,"value":65487.624,"unit":"m³/day","metric":"Reported treated effluent","original_value":65487.624,"original_unit":"m³/day","source_row":25975,"quality_location":2,"quality_waste":1,"status":"Not Reported","estimated":false}},{"type":"Feature","id":"hydrowaste-20286","geometry":{"type":"Point","coordinates":[8.645,50.573]},"properties":{"id":"hydrowaste-20286","type":"wastewater-treatment","name":"Giessen _ Margaretenhutte_Sudliche Lahnstrasse","country":"DEU","source_id":"hydrowaste-2022","year":null,"value":65431.616,"unit":"m³/day","metric":"Reported treated effluent","original_value":65431.616,"original_unit":"m³/day","source_row":20286,"quality_location":2,"quality_waste":1,"status":"Not Reported","estimated":false}},{"type":"Feature","id":"hydrowaste-20978","geometry":{"type":"Point","coordinates":[9.215,49.183]},"properties":{"id":"hydrowaste-20978","type":"wastewater-treatment","name":"SKA HEILBRONN","country":"DEU","source_id":"hydrowaste-2022","year":null,"value":65430.137,"unit":"m³/day","metric":"Reported treated effluent","original_value":65430.137,"original_unit":"m³/day","source_row":20978,"quality_location":2,"quality_waste":1,"status":"Not Reported","estimated":false}},{"type":"Feature","id":"hydrowaste-46887","geometry":{"type":"Point","coordinates":[113.047,27.852]},"properties":{"id":"hydrowaste-46887","type":"wastewater-treatment","name":"Hunan","country":"CHN","source_id":"hydrowaste-2022","year":null,"value":65400.0,"unit":"m³/day","metric":"Reported treated effluent","original_value":65400.0,"original_unit":"m³/day","source_row":46887,"quality_location":4,"quality_waste":1,"status":"Not Reported","estimated":false}},{"type":"Feature","id":"hydrowaste-47492","geometry":{"type":"Point","coordinates":[102.502,24.352]},"properties":{"id":"hydrowaste-47492","type":"wastewater-treatment","name":"Yunnan","country":"CHN","source_id":"hydrowaste-2022","year":null,"value":65200.0,"unit":"m³/day","metric":"Reported treated effluent","original_value":65200.0,"original_unit":"m³/day","source_row":47492,"quality_location":4,"quality_waste":1,"status":"Not Reported","estimated":false}},{"type":"Feature","id":"hydrowaste-8349","geometry":{"type":"Point","coordinates":[-3.743,40.45]},"properties":{"id":"hydrowaste-8349","type":"wastewater-treatment","name":"VIVEROS DE LA VILLA","country":"ESP","source_id":"hydrowaste-2022","year":null,"value":65191.597,"unit":"m³/day","metric":"Reported treated effluent","original_value":65191.597,"original_unit":"m³/day","source_row":8349,"quality_location":2,"quality_waste":1,"status":"Not Reported","estimated":false}},{"type":"Feature","id":"hydrowaste-45199","geometry":{"type":"Point","coordinates":[117.157,39.269]},"properties":{"id":"hydrowaste-45199","type":"wastewater-treatment","name":"Tianjin","country":"CHN","source_id":"hydrowaste-2022","year":null,"value":65000.0,"unit":"m³/day","metric":"Reported treated effluent","original_value":65000.0,"original_unit":"m³/day","source_row":45199,"quality_location":4,"quality_waste":1,"status":"Not Reported","estimated":false}},{"type":"Feature","id":"hydrowaste-45807","geometry":{"type":"Point","coordinates":[118.968,33.574]},"properties":{"id":"hydrowaste-45807","type":"wastewater-treatment","name":"Jiangsu","country":"CHN","source_id":"hydrowaste-2022","year":null,"value":65000.0,"unit":"m³/day","metric":"Reported treated effluent","original_value":65000.0,"original_unit":"m³/day","source_row":45807,"quality_location":4,"quality_waste":1,"status":"Not Reported","estimated":false}},{"type":"Feature","id":"hydrowaste-46218","geometry":{"type":"Point","coordinates":[116.514,31.79]},"properties":{"id":"hydrowaste-46218","type":"wastewater-treatment","name":"Anhui","country":"CHN","source_id":"hydrowaste-2022","year":null,"value":65000.0,"unit":"m³/day","metric":"Reported treated effluent","original_value":65000.0,"original_unit":"m³/day","source_row":46218,"quality_location":4,"quality_waste":1,"status":"Not Reported","estimated":false}},{"type":"Feature","id":"hydrowaste-46661","geometry":{"type":"Point","coordinates":[115.054,35.798]},"properties":{"id":"hydrowaste-46661","type":"wastewater-treatment","name":"Henan","country":"CHN","source_id":"hydrowaste-2022","year":null,"value":65000.0,"unit":"m³/day","metric":"Reported treated effluent","original_value":65000.0,"original_unit":"m³/day","source_row":46661,"quality_location":4,"quality_waste":1,"status":"Not Reported","estimated":false}},{"type":"Feature","id":"hydrowaste-47148","geometry":{"type":"Point","coordinates":[113.541,22.22]},"properties":{"id":"hydrowaste-47148","type":"wastewater-treatment","name":"Guangdong","country":"CHN","source_id":"hydrowaste-2022","year":null,"value":65000.0,"unit":"m³/day","metric":"Reported treated effluent","original_value":65000.0,"original_unit":"m³/day","source_row":47148,"quality_location":4,"quality_waste":1,"status":"Not Reported","estimated":false}},{"type":"Feature","id":"hydrowaste-45151","geometry":{"type":"Point","coordinates":[116.506,40.007]},"properties":{"id":"hydrowaste-45151","type":"wastewater-treatment","name":"Beijing","country":"CHN","source_id":"hydrowaste-2022","year":null,"value":64900.0,"unit":"m³/day","metric":"Reported treated effluent","original_value":64900.0,"original_unit":"m³/day","source_row":45151,"quality_location":4,"quality_waste":1,"status":"Not Reported","estimated":false}},{"type":"Feature","id":"hydrowaste-45173","geometry":{"type":"Point","coordinates":[116.254,39.875]},"properties":{"id":"hydrowaste-45173","type":"wastewater-treatment","name":"Beijing","country":"CHN","source_id":"hydrowaste-2022","year":null,"value":64900.0,"unit":"m³/day","metric":"Reported treated effluent","original_value":64900.0,"original_unit":"m³/day","source_row":45173,"quality_location":4,"quality_waste":1,"status":"Not Reported","estimated":false}},{"type":"Feature","id":"hydrowaste-46669","geometry":{"type":"Point","coordinates":[111.165,34.81]},"properties":{"id":"hydrowaste-46669","type":"wastewater-treatment","name":"Henan","country":"CHN","source_id":"hydrowaste-2022","year":null,"value":64900.0,"unit":"m³/day","metric":"Reported treated effluent","original_value":64900.0,"original_unit":"m³/day","source_row":46669,"quality_location":4,"quality_waste":1,"status":"Not Reported","estimated":false}},{"type":"Feature","id":"hydrowaste-21155","geometry":{"type":"Point","coordinates":[8.649,49.435]},"properties":{"id":"hydrowaste-21155","type":"wastewater-treatment","name":"SKA  AZV HEIDELBERG","country":"DEU","source_id":"hydrowaste-2022","year":null,"value":64836.658,"unit":"m³/day","metric":"Reported treated effluent","original_value":64836.658,"original_unit":"m³/day","source_row":21155,"quality_location":2,"quality_waste":1,"status":"Not Reported","estimated":false}},{"type":"Feature","id":"hydrowaste-20386","geometry":{"type":"Point","coordinates":[9.524,51.324]},"properties":{"id":"hydrowaste-20386","type":"wastewater-treatment","name":"Kassel _ Wolfsanger","country":"DEU","source_id":"hydrowaste-2022","year":null,"value":64811.416,"unit":"m³/day","metric":"Reported treated effluent","original_value":64811.416,"original_unit":"m³/day","source_row":20386,"quality_location":2,"quality_waste":1,"status":"Not Reported","estimated":false}},{"type":"Feature","id":"hydrowaste-42307","geometry":{"type":"Point","coordinates":[-46.485,-23.656]},"properties":{"id":"hydrowaste-42307","type":"wastewater-treatment","name":"ETE MAUA","country":"BRA","source_id":"hydrowaste-2022","year":null,"value":64800.0,"unit":"m³/day","metric":"Reported treated effluent","original_value":64800.0,"original_unit":"m³/day","source_row":42307,"quality_location":2,"quality_waste":1,"status":"Not Reported","estimated":false}},{"type":"Feature","id":"hydrowaste-43156","geometry":{"type":"Point","coordinates":[-97.063,18.85]},"properties":{"id":"hydrowaste-43156","type":"wastewater-treatment","name":"Firiob","country":"MEX","source_id":"hydrowaste-2022","year":null,"value":64800.0,"unit":"m³/day","metric":"Reported treated effluent","original_value":64800.0,"original_unit":"m³/day","source_row":43156,"quality_location":3,"quality_waste":1,"status":"Not Reported","estimated":false}},{"type":"Feature","id":"hydrowaste-41115","geometry":{"type":"Point","coordinates":[-34.878,-7.102]},"properties":{"id":"hydrowaste-41115","type":"wastewater-treatment","name":"ETE PoLO DE TRATAMENTO DO BAIXO ROGER","country":"BRA","source_id":"hydrowaste-2022","year":null,"value":64619.036,"unit":"m³/day","metric":"Reported treated effluent","original_value":64619.036,"original_unit":"m³/day","source_row":41115,"quality_location":2,"quality_waste":1,"status":"Not Reported","estimated":false}},{"type":"Feature","id":"hydrowaste-46560","geometry":{"type":"Point","coordinates":[117.219,34.797]},"properties":{"id":"hydrowaste-46560","type":"wastewater-treatment","name":"Shandong","country":"CHN","source_id":"hydrowaste-2022","year":null,"value":64600.0,"unit":"m³/day","metric":"Reported treated effluent","original_value":64600.0,"original_unit":"m³/day","source_row":46560,"quality_location":4,"quality_waste":1,"status":"Not Reported","estimated":false}},{"type":"Feature","id":"hydrowaste-30545","geometry":{"type":"Point","coordinates":[-76.813,39.125]},"properties":{"id":"hydrowaste-30545","type":"wastewater-treatment","name":"Little Patuxent WWTP","country":"USA","source_id":"hydrowaste-2022","year":null,"value":64363.357,"unit":"m³/day","metric":"Reported treated effluent","original_value":64363.357,"original_unit":"m³/day","source_row":30545,"quality_location":2,"quality_waste":1,"status":"Not Reported","estimated":false}},{"type":"Feature","id":"hydrowaste-25329","geometry":{"type":"Point","coordinates":[-111.893,33.661]},"properties":{"id":"hydrowaste-25329","type":"wastewater-treatment","name":"Scottsdale Water Campus AWT","country":"USA","source_id":"hydrowaste-2022","year":null,"value":64352.001,"unit":"m³/day","metric":"Reported treated effluent","original_value":64352.001,"original_unit":"m³/day","source_row":25329,"quality_location":2,"quality_waste":1,"status":"Not Reported","estimated":false}},{"type":"Feature","id":"hydrowaste-26690","geometry":{"type":"Point","coordinates":[-87.262,30.589]},"properties":{"id":"hydrowaste-26690","type":"wastewater-treatment","name":"Pensacola Central Water Reclamation","country":"USA","source_id":"hydrowaste-2022","year":null,"value":64352.001,"unit":"m³/day","metric":"Reported treated effluent","original_value":64352.001,"original_unit":"m³/day","source_row":26690,"quality_location":2,"quality_waste":1,"status":"Not Reported","estimated":false}},{"type":"Feature","id":"hydrowaste-30170","geometry":{"type":"Point","coordinates":[-92.103,32.448]},"properties":{"id":"hydrowaste-30170","type":"wastewater-treatment","name":"MONROE WATER POLL CONTROL CENTER","country":"USA","source_id":"hydrowaste-2022","year":null,"value":64352.001,"unit":"m³/day","metric":"Reported treated effluent","original_value":64352.001,"original_unit":"m³/day","source_row":30170,"quality_location":2,"quality_waste":1,"status":"Not Reported","estimated":false}},{"type":"Feature","id":"hydrowaste-31746","geometry":{"type":"Point","coordinates":[-90.471,38.55]},"properties":{"id":"hydrowaste-31746","type":"wastewater-treatment","name":"MSD GRAND GLAIZE WWTF","country":"USA","source_id":"hydrowaste-2022","year":null,"value":64352.001,"unit":"m³/day","metric":"Reported treated effluent","original_value":64352.001,"original_unit":"m³/day","source_row":31746,"quality_location":2,"quality_waste":1,"status":"Not Reported","estimated":false}},{"type":"Feature","id":"hydrowaste-33375","geometry":{"type":"Point","coordinates":[-74.709,40.182]},"properties":{"id":"hydrowaste-33375","type":"wastewater-treatment","name":"Hamilton Township Mercer WPCF  CS_Septics_STP","country":"USA","source_id":"hydrowaste-2022","year":null,"value":64352.001,"unit":"m³/day","metric":"Reported treated effluent","original_value":64352.001,"original_unit":"m³/day","source_row":33375,"quality_location":2,"quality_waste":1,"status":"Not Reported","estimated":false}},{"type":"Feature","id":"hydrowaste-38387","geometry":{"type":"Point","coordinates":[-79.114,37.396]},"properties":{"id":"hydrowaste-38387","type":"wastewater-treatment","name":"LYNCHBURG REGIONAL WWTP","country":"USA","source_id":"hydrowaste-2022","year":null,"value":64352.001,"unit":"m³/day","metric":"Reported treated effluent","original_value":64352.001,"original_unit":"m³/day","source_row":38387,"quality_location":2,"quality_waste":1,"status":"Not Reported","estimated":false}},{"type":"Feature","id":"hydrowaste-38490","geometry":{"type":"Point","coordinates":[-76.434,36.899]},"properties":{"id":"hydrowaste-38490","type":"wastewater-treatment","name":"NANSEMOND W P C F","country":"USA","source_id":"hydrowaste-2022","year":null,"value":64352.001,"unit":"m³/day","metric":"Reported treated effluent","original_value":64352.001,"original_unit":"m³/day","source_row":38490,"quality_location":2,"quality_waste":1,"status":"Not Reported","estimated":false}},{"type":"Feature","id":"hydrowaste-29113","geometry":{"type":"Point","coordinates":[-92.305,42.472]},"properties":{"id":"hydrowaste-29113","type":"wastewater-treatment","name":"WATERLOO WWTP","country":"USA","source_id":"hydrowaste-2022","year":null,"value":64011.314,"unit":"m³/day","metric":"Reported treated effluent","original_value":64011.314,"original_unit":"m³/day","source_row":29113,"quality_location":2,"quality_waste":1,"status":"Not Reported","estimated":false}},{"type":"Feature","id":"hydrowaste-45278","geometry":{"type":"Point","coordinates":[116.844,38.315]},"properties":{"id":"hydrowaste-45278","type":"wastewater-treatment","name":"Hebei","country":"CHN","source_id":"hydrowaste-2022","year":null,"value":64000.0,"unit":"m³/day","metric":"Reported treated effluent","original_value":64000.0,"original_unit":"m³/day","source_row":45278,"quality_location":4,"quality_waste":1,"status":"Not Reported","estimated":false}},{"type":"Feature","id":"hydrowaste-46447","geometry":{"type":"Point","coordinates":[116.256,36.885]},"properties":{"id":"hydrowaste-46447","type":"wastewater-treatment","name":"Shandong","country":"CHN","source_id":"hydrowaste-2022","year":null,"value":64000.0,"unit":"m³/day","metric":"Reported treated effluent","original_value":64000.0,"original_unit":"m³/day","source_row":46447,"quality_location":4,"quality_waste":1,"status":"Not Reported","estimated":false}},{"type":"Feature","id":"hydrowaste-47618","geometry":{"type":"Point","coordinates":[86.068,41.822]},"properties":{"id":"hydrowaste-47618","type":"wastewater-treatment","name":"Xinjiang Uygur","country":"CHN","source_id":"hydrowaste-2022","year":null,"value":64000.0,"unit":"m³/day","metric":"Reported treated effluent","original_value":64000.0,"original_unit":"m³/day","source_row":47618,"quality_location":4,"quality_waste":1,"status":"Not Reported","estimated":false}},{"type":"Feature","id":"hydrowaste-46124","geometry":{"type":"Point","coordinates":[121.01,30.169]},"properties":{"id":"hydrowaste-46124","type":"wastewater-treatment","name":"Zhejiang","country":"CHN","source_id":"hydrowaste-2022","year":null,"value":63800.0,"unit":"m³/day","metric":"Reported treated effluent","original_value":63800.0,"original_unit":"m³/day","source_row":46124,"quality_location":4,"quality_waste":1,"status":"Not Reported","estimated":false}},{"type":"Feature","id":"hydrowaste-46547","geometry":{"type":"Point","coordinates":[120.706,36.999]},"properties":{"id":"hydrowaste-46547","type":"wastewater-treatment","name":"Shandong","country":"CHN","source_id":"hydrowaste-2022","year":null,"value":63800.0,"unit":"m³/day","metric":"Reported treated effluent","original_value":63800.0,"original_unit":"m³/day","source_row":46547,"quality_location":4,"quality_waste":1,"status":"Not Reported","estimated":false}},{"type":"Feature","id":"hydrowaste-43126","geometry":{"type":"Point","coordinates":[-99.508,27.486]},"properties":{"id":"hydrowaste-43126","type":"wastewater-treatment","name":"PTAR Nuevo Laredo","country":"MEX","source_id":"hydrowaste-2022","year":null,"value":63774.432,"unit":"m³/day","metric":"Reported treated effluent","original_value":63774.432,"original_unit":"m³/day","source_row":43126,"quality_location":3,"quality_waste":1,"status":"Not Reported","estimated":false}},{"type":"Feature","id":"hydrowaste-19615","geometry":{"type":"Point","coordinates":[7.417,51.4]},"properties":{"id":"hydrowaste-19615","type":"wastewater-treatment","name":"Hagen Vorhalle","country":"DEU","source_id":"hydrowaste-2022","year":null,"value":63616.0,"unit":"m³/day","metric":"Reported treated effluent","original_value":63616.0,"original_unit":"m³/day","source_row":19615,"quality_location":2,"quality_waste":1,"status":"Not Reported","estimated":false}},{"type":"Feature","id":"hydrowaste-46889","geometry":{"type":"Point","coordinates":[112.937,27.866]},"properties":{"id":"hydrowaste-46889","type":"wastewater-treatment","name":"Hunan","country":"CHN","source_id":"hydrowaste-2022","year":null,"value":63600.0,"unit":"m³/day","metric":"Reported treated effluent","original_value":63600.0,"original_unit":"m³/day","source_row":46889,"quality_location":4,"quality_waste":1,"status":"Not Reported","estimated":false}},{"type":"Feature","id":"hydrowaste-37602","geometry":{"type":"Point","coordinates":[-106.443,31.762]},"properties":{"id":"hydrowaste-37602","type":"wastewater-treatment","name":"Haskell St WWTP","country":"USA","source_id":"hydrowaste-2022","year":null,"value":63564.635,"unit":"m³/day","metric":"Reported treated effluent","original_value":63564.635,"original_unit":"m³/day","source_row":37602,"quality_location":2,"quality_waste":1,"status":"Not Reported","estimated":false}},{"type":"Feature","id":"hydrowaste-21874","geometry":{"type":"Point","coordinates":[11.493,48.759]},"properties":{"id":"hydrowaste-21874","type":"wastewater-treatment","name":"ZV Zentralklaranlage Ingolstadt","country":"DEU","source_id":"hydrowaste-2022","year":null,"value":63475.726,"unit":"m³/day","metric":"Reported treated effluent","original_value":63475.726,"original_unit":"m³/day","source_row":21874,"quality_location":2,"quality_waste":1,"status":"Not Reported","estimated":false}},{"type":"Feature","id":"hydrowaste-25109","geometry":{"type":"Point","coordinates":[-87.564,33.172]},"properties":{"id":"hydrowaste-25109","type":"wastewater-treatment","name":"TUSCALOOSA WWTP","country":"USA","source_id":"hydrowaste-2022","year":null,"value":63216.377,"unit":"m³/day","metric":"Reported treated effluent","original_value":63216.377,"original_unit":"m³/day","source_row":25109,"quality_location":2,"quality_waste":1,"status":"Not Reported","estimated":false}},{"type":"Feature","id":"hydrowaste-45185","geometry":{"type":"Point","coordinates":[116.267,39.824]},"properties":{"id":"hydrowaste-45185","type":"wastewater-treatment","name":"Beijing","country":"CHN","source_id":"hydrowaste-2022","year":null,"value":63000.0,"unit":"m³/day","metric":"Reported treated effluent","original_value":63000.0,"original_unit":"m³/day","source_row":45185,"quality_location":4,"quality_waste":1,"status":"Not Reported","estimated":false}},{"type":"Feature","id":"hydrowaste-45613","geometry":{"type":"Point","coordinates":[120.906,40.746]},"properties":{"id":"hydrowaste-45613","type":"wastewater-treatment","name":"Liaoning","country":"CHN","source_id":"hydrowaste-2022","year":null,"value":63000.0,"unit":"m³/day","metric":"Reported treated effluent","original_value":63000.0,"original_unit":"m³/day","source_row":45613,"quality_location":4,"quality_waste":1,"status":"Not Reported","estimated":false}},{"type":"Feature","id":"hydrowaste-46822","geometry":{"type":"Point","coordinates":[112.959,28.134]},"properties":{"id":"hydrowaste-46822","type":"wastewater-treatment","name":"Hunan","country":"CHN","source_id":"hydrowaste-2022","year":null,"value":63000.0,"unit":"m³/day","metric":"Reported treated effluent","original_value":63000.0,"original_unit":"m³/day","source_row":46822,"quality_location":4,"quality_waste":1,"status":"Not Reported","estimated":false}},{"type":"Feature","id":"hydrowaste-46948","geometry":{"type":"Point","coordinates":[113.331,23.179]},"properties":{"id":"hydrowaste-46948","type":"wastewater-treatment","name":"Guangdong","country":"CHN","source_id":"hydrowaste-2022","year":null,"value":63000.0,"unit":"m³/day","metric":"Reported treated effluent","original_value":63000.0,"original_unit":"m³/day","source_row":46948,"quality_location":4,"quality_waste":1,"status":"Not Reported","estimated":false}},{"type":"Feature","id":"hydrowaste-31497","geometry":{"type":"Point","coordinates":[-89.259,31.315]},"properties":{"id":"hydrowaste-31497","type":"wastewater-treatment","name":"HATTIESBURG SOUTH LAGOON","country":"USA","source_id":"hydrowaste-2022","year":null,"value":62951.398,"unit":"m³/day","metric":"Reported treated effluent","original_value":62951.398,"original_unit":"m³/day","source_row":31497,"quality_location":2,"quality_waste":1,"status":"Not Reported","estimated":false}},{"type":"Feature","id":"hydrowaste-4307","geometry":{"type":"Point","coordinates":[8.186,45.541]},"properties":{"id":"hydrowaste-4307","type":"wastewater-treatment","name":"COSSATO_SPOLINA","country":"ITA","source_id":"hydrowaste-2022","year":null,"value":62765.907,"unit":"m³/day","metric":"Reported treated effluent","original_value":62765.907,"original_unit":"m³/day","source_row":4307,"quality_location":2,"quality_waste":1,"status":"Not Reported","estimated":false}},{"type":"Feature","id":"hydrowaste-47835","geometry":{"type":"Point","coordinates":[-72.488,46.422]},"properties":{"id":"hydrowaste-47835","type":"wastewater-treatment","name":"etangs aeres de Trois Rivieres","country":"CAN","source_id":"hydrowaste-2022","year":null,"value":62658.0,"unit":"m³/day","metric":"Reported treated effluent","original_value":62658.0,"original_unit":"m³/day","source_row":47835,"quality_location":2,"quality_waste":1,"status":"Operational","estimated":false}},{"type":"Feature","id":"hydrowaste-25955","geometry":{"type":"Point","coordinates":[-118.261,33.745]},"properties":{"id":"hydrowaste-25955","type":"wastewater-treatment","name":"Terminal Island WWTP","country":"USA","source_id":"hydrowaste-2022","year":null,"value":62459.295,"unit":"m³/day","metric":"Reported treated effluent","original_value":62459.295,"original_unit":"m³/day","source_row":25955,"quality_location":2,"quality_waste":1,"status":"Not Reported","estimated":false}},{"type":"Feature","id":"hydrowaste-26646","geometry":{"type":"Point","coordinates":[-80.337,26.13]},"properties":{"id":"hydrowaste-26646","type":"wastewater-treatment","name":"SUNRISE STP NO 3 Sawgrass","country":"USA","source_id":"hydrowaste-2022","year":null,"value":62459.295,"unit":"m³/day","metric":"Reported treated effluent","original_value":62459.295,"original_unit":"m³/day","source_row":26646,"quality_location":2,"quality_waste":1,"status":"Not Reported","estimated":false}},{"type":"Feature","id":"hydrowaste-30900","geometry":{"type":"Point","coordinates":[-85.742,42.922]},"properties":{"id":"hydrowaste-30900","type":"wastewater-treatment","name":"WYOMING WWTP","country":"USA","source_id":"hydrowaste-2022","year":null,"value":62459.295,"unit":"m³/day","metric":"Reported treated effluent","original_value":62459.295,"original_unit":"m³/day","source_row":30900,"quality_location":2,"quality_waste":1,"status":"Not Reported","estimated":false}},{"type":"Feature","id":"hydrowaste-33287","geometry":{"type":"Point","coordinates":[-74.083,40.43]},"properties":{"id":"hydrowaste-33287","type":"wastewater-treatment","name":"Monmouth Co Bayshore Outfall Auth","country":"USA","source_id":"hydrowaste-2022","year":null,"value":62205.672,"unit":"m³/day","metric":"Reported treated effluent","original_value":62205.672,"original_unit":"m³/day","source_row":33287,"quality_location":2,"quality_waste":1,"status":"Not Reported","estimated":false}},{"type":"Feature","id":"hydrowaste-45251","geometry":{"type":"Point","coordinates":[115.451,38.901]},"properties":{"id":"hydrowaste-45251","type":"wastewater-treatment","name":"Hebei","country":"CHN","source_id":"hydrowaste-2022","year":null,"value":62000.0,"unit":"m³/day","metric":"Reported treated effluent","original_value":62000.0,"original_unit":"m³/day","source_row":45251,"quality_location":4,"quality_waste":1,"status":"Not Reported","estimated":false}},{"type":"Feature","id":"hydrowaste-46346","geometry":{"type":"Point","coordinates":[116.0,29.74]},"properties":{"id":"hydrowaste-46346","type":"wastewater-treatment","name":"Jiangxi","country":"CHN","source_id":"hydrowaste-2022","year":null,"value":62000.0,"unit":"m³/day","metric":"Reported treated effluent","original_value":62000.0,"original_unit":"m³/day","source_row":46346,"quality_location":4,"quality_waste":1,"status":"Not Reported","estimated":false}},{"type":"Feature","id":"hydrowaste-46391","geometry":{"type":"Point","coordinates":[117.704,36.913]},"properties":{"id":"hydrowaste-46391","type":"wastewater-treatment","name":"Shandong","country":"CHN","source_id":"hydrowaste-2022","year":null,"value":62000.0,"unit":"m³/day","metric":"Reported treated effluent","original_value":62000.0,"original_unit":"m³/day","source_row":46391,"quality_location":4,"quality_waste":1,"status":"Not Reported","estimated":false}},{"type":"Feature","id":"hydrowaste-46794","geometry":{"type":"Point","coordinates":[112.133,32.029]},"properties":{"id":"hydrowaste-46794","type":"wastewater-treatment","name":"Hubei","country":"CHN","source_id":"hydrowaste-2022","year":null,"value":61900.0,"unit":"m³/day","metric":"Reported treated effluent","original_value":61900.0,"original_unit":"m³/day","source_row":46794,"quality_location":4,"quality_waste":1,"status":"Not Reported","estimated":false}},{"type":"Feature","id":"hydrowaste-18745","geometry":{"type":"Point","coordinates":[4.303,50.815]},"properties":{"id":"hydrowaste-18745","type":"wastewater-treatment","name":"Bruxelles sud","country":"BEL","source_id":"hydrowaste-2022","year":null,"value":61884.932,"unit":"m³/day","metric":"Reported treated effluent","original_value":61884.932,"original_unit":"m³/day","source_row":18745,"quality_location":2,"quality_waste":1,"status":"Not Reported","estimated":false}},{"type":"Feature","id":"hydrowaste-25376","geometry":{"type":"Point","coordinates":[-110.968,31.457]},"properties":{"id":"hydrowaste-25376","type":"wastewater-treatment","name":"IBWC Nogales International WTP","country":"USA","source_id":"hydrowaste-2022","year":null,"value":61702.212,"unit":"m³/day","metric":"Reported treated effluent","original_value":61702.212,"original_unit":"m³/day","source_row":25376,"quality_location":2,"quality_waste":1,"status":"Not Reported","estimated":false}},{"type":"Feature","id":"hydrowaste-46947","geometry":{"type":"Point","coordinates":[113.152,23.368]},"properties":{"id":"hydrowaste-46947","type":"wastewater-treatment","name":"Guangdong","country":"CHN","source_id":"hydrowaste-2022","year":null,"value":61700.0,"unit":"m³/day","metric":"Reported treated effluent","original_value":61700.0,"original_unit":"m³/day","source_row":46947,"quality_location":4,"quality_waste":1,"status":"Not Reported","estimated":false}},{"type":"Feature","id":"hydrowaste-33758","geometry":{"type":"Point","coordinates":[-73.713,42.683]},"properties":{"id":"hydrowaste-33758","type":"wastewater-treatment","name":"Rensselaer Co SD1 WWTP","country":"USA","source_id":"hydrowaste-2022","year":null,"value":61668.144,"unit":"m³/day","metric":"Reported treated effluent","original_value":61668.144,"original_unit":"m³/day","source_row":33758,"quality_location":2,"quality_waste":1,"status":"Not Reported","estimated":false}},{"type":"Feature","id":"hydrowaste-47814","geometry":{"type":"Point","coordinates":[-73.28,45.379]},"properties":{"id":"hydrowaste-47814","type":"wastewater-treatment","name":"Station d epuration des eaux usees","country":"CAN","source_id":"hydrowaste-2022","year":null,"value":61590.0,"unit":"m³/day","metric":"Reported treated effluent","original_value":61590.0,"original_unit":"m³/day","source_row":47814,"quality_location":2,"quality_waste":1,"status":"Operational","estimated":false}},{"type":"Feature","id":"hydrowaste-12022","geometry":{"type":"Point","coordinates":[12.449,55.597]},"properties":{"id":"hydrowaste-12022","type":"wastewater-treatment","name":"SPILDEVANDSCENTER AVEDORE","country":"DNK","source_id":"hydrowaste-2022","year":null,"value":61589.041,"unit":"m³/day","metric":"Reported treated effluent","original_value":61589.041,"original_unit":"m³/day","source_row":12022,"quality_location":2,"quality_waste":1,"status":"Not Reported","estimated":false}},{"type":"Feature","id":"hydrowaste-12019","geometry":{"type":"Point","coordinates":[12.666,55.685]},"properties":{"id":"hydrowaste-12019","type":"wastewater-treatment","name":"DAMHUSAEN","country":"DNK","source_id":"hydrowaste-2022","year":null,"value":61396.334,"unit":"m³/day","metric":"Reported treated effluent","original_value":61396.334,"original_unit":"m³/day","source_row":12019,"quality_location":2,"quality_waste":1,"status":"Not Reported","estimated":false}},{"type":"Feature","id":"hydrowaste-37794","geometry":{"type":"Point","coordinates":[-97.618,30.527]},"properties":{"id":"hydrowaste-37794","type":"wastewater-treatment","name":"Brushy Creek Regional WWTP","country":"USA","source_id":"hydrowaste-2022","year":null,"value":61323.671,"unit":"m³/day","metric":"Reported treated effluent","original_value":61323.671,"original_unit":"m³/day","source_row":37794,"quality_location":2,"quality_waste":1,"status":"Not Reported","estimated":false}},{"type":"Feature","id":"hydrowaste-37565","geometry":{"type":"Point","coordinates":[-96.639,32.57]},"properties":{"id":"hydrowaste-37565","type":"wastewater-treatment","name":"Ten Mile Creek WWTP","country":"USA","source_id":"hydrowaste-2022","year":null,"value":61247.963,"unit":"m³/day","metric":"Reported treated effluent","original_value":61247.963,"original_unit":"m³/day","source_row":37565,"quality_location":2,"quality_waste":1,"status":"Not Reported","estimated":false}},{"type":"Feature","id":"hydrowaste-46183","geometry":{"type":"Point","coordinates":[115.823,33.844]},"properties":{"id":"hydrowaste-46183","type":"wastewater-treatment","name":"Anhui","country":"CHN","source_id":"hydrowaste-2022","year":null,"value":61000.0,"unit":"m³/day","metric":"Reported treated effluent","original_value":61000.0,"original_unit":"m³/day","source_row":46183,"quality_location":4,"quality_waste":1,"status":"Not Reported","estimated":false}},{"type":"Feature","id":"hydrowaste-46725","geometry":{"type":"Point","coordinates":[114.323,30.623]},"properties":{"id":"hydrowaste-46725","type":"wastewater-treatment","name":"Hubei","country":"CHN","source_id":"hydrowaste-2022","year":null,"value":61000.0,"unit":"m³/day","metric":"Reported treated effluent","original_value":61000.0,"original_unit":"m³/day","source_row":46725,"quality_location":4,"quality_waste":1,"status":"Not Reported","estimated":false}},{"type":"Feature","id":"hydrowaste-47141","geometry":{"type":"Point","coordinates":[113.285,22.743]},"properties":{"id":"hydrowaste-47141","type":"wastewater-treatment","name":"Guangdong","country":"CHN","source_id":"hydrowaste-2022","year":null,"value":61000.0,"unit":"m³/day","metric":"Reported treated effluent","original_value":61000.0,"original_unit":"m³/day","source_row":47141,"quality_location":4,"quality_waste":1,"status":"Not Reported","estimated":false}},{"type":"Feature","id":"hydrowaste-46437","geometry":{"type":"Point","coordinates":[116.757,35.511]},"properties":{"id":"hydrowaste-46437","type":"wastewater-treatment","name":"Shandong","country":"CHN","source_id":"hydrowaste-2022","year":null,"value":60800.0,"unit":"m³/day","metric":"Reported treated effluent","original_value":60800.0,"original_unit":"m³/day","source_row":46437,"quality_location":4,"quality_waste":1,"status":"Not Reported","estimated":false}},{"type":"Feature","id":"hydrowaste-7635","geometry":{"type":"Point","coordinates":[16.817,41.149]},"properties":{"id":"hydrowaste-7635","type":"wastewater-treatment","name":"BARI_OVEST","country":"ITA","source_id":"hydrowaste-2022","year":null,"value":60761.0,"unit":"m³/day","metric":"Reported treated effluent","original_value":60761.0,"original_unit":"m³/day","source_row":7635,"quality_location":2,"quality_waste":1,"status":"Not Reported","estimated":false}},{"type":"Feature","id":"hydrowaste-38340","geometry":{"type":"Point","coordinates":[-79.36,36.566]},"properties":{"id":"hydrowaste-38340","type":"wastewater-treatment","name":"NORTHSIDE_SOUTHSIDE STP","country":"USA","source_id":"hydrowaste-2022","year":null,"value":60755.859,"unit":"m³/day","metric":"Reported treated effluent","original_value":60755.859,"original_unit":"m³/day","source_row":38340,"quality_location":2,"quality_waste":1,"status":"Not Reported","estimated":false}},{"type":"Feature","id":"hydrowaste-343","geometry":{"type":"Point","coordinates":[21.33,48.65]},"properties":{"id":"hydrowaste-343","type":"wastewater-treatment","name":"COV Koksov   Baksa","country":"SVK","source_id":"hydrowaste-2022","year":null,"value":60734.682,"unit":"m³/day","metric":"Reported treated effluent","original_value":60734.682,"original_unit":"m³/day","source_row":343,"quality_location":2,"quality_waste":1,"status":"Not Reported","estimated":false}},{"type":"Feature","id":"hydrowaste-25434","geometry":{"type":"Point","coordinates":[-92.537,35.054]},"properties":{"id":"hydrowaste-25434","type":"wastewater-treatment","name":"Conway   Tupelo Bayou WWTP","country":"USA","source_id":"hydrowaste-2022","year":null,"value":60566.59,"unit":"m³/day","metric":"Reported treated effluent","original_value":60566.59,"original_unit":"m³/day","source_row":25434,"quality_location":2,"quality_waste":1,"status":"Projected","estimated":false}},{"type":"Feature","id":"hydrowaste-27598","geometry":{"type":"Point","coordinates":[-88.091,41.507]},"properties":{"id":"hydrowaste-27598","type":"wastewater-treatment","name":"JOLIET   EASTSIDE STP","country":"USA","source_id":"hydrowaste-2022","year":null,"value":60566.589,"unit":"m³/day","metric":"Reported treated effluent","original_value":60566.589,"original_unit":"m³/day","source_row":27598,"quality_location":2,"quality_waste":1,"status":"Not Reported","estimated":false}},{"type":"Feature","id":"hydrowaste-27719","geometry":{"type":"Point","coordinates":[-89.038,40.451]},"properties":{"id":"hydrowaste-27719","type":"wastewater-treatment","name":"BLOOMINGTON NORMAL WEST OLD STP","country":"USA","source_id":"hydrowaste-2022","year":null,"value":60566.589,"unit":"m³/day","metric":"Reported treated effluent","original_value":60566.589,"original_unit":"m³/day","source_row":27719,"quality_location":2,"quality_waste":1,"status":"Not Reported","estimated":false}},{"type":"Feature","id":"hydrowaste-30353","geometry":{"type":"Point","coordinates":[-91.202,30.534]},"properties":{"id":"hydrowaste-30353","type":"wastewater-treatment","name":"BATON ROUGE NORTH WWTP","country":"USA","source_id":"hydrowaste-2022","year":null,"value":60566.589,"unit":"m³/day","metric":"Reported treated effluent","original_value":60566.589,"original_unit":"m³/day","source_row":30353,"quality_location":2,"quality_waste":1,"status":"Not Reported","estimated":false}},{"type":"Feature","id":"hydrowaste-33147","geometry":{"type":"Point","coordinates":[-115.058,36.207]},"properties":{"id":"hydrowaste-33147","type":"wastewater-treatment","name":"NORTH LAS VEGAS WWTF","country":"USA","source_id":"hydrowaste-2022","year":null,"value":60566.589,"unit":"m³/day","metric":"Reported treated effluent","original_value":60566.589,"original_unit":"m³/day","source_row":33147,"quality_location":2,"quality_waste":1,"status":"Not Reported","estimated":false}},{"type":"Feature","id":"hydrowaste-35275","geometry":{"type":"Point","coordinates":[-84.427,39.481]},"properties":{"id":"hydrowaste-35275","type":"wastewater-treatment","name":"Middletown WWTP and Sewer System","country":"USA","source_id":"hydrowaste-2022","year":null,"value":60566.589,"unit":"m³/day","metric":"Reported treated effluent","original_value":60566.589,"original_unit":"m³/day","source_row":35275,"quality_location":2,"quality_waste":1,"status":"Not Reported","estimated":false}},{"type":"Feature","id":"hydrowaste-46013","geometry":{"type":"Point","coordinates":[119.433,32.271]},"properties":{"id":"hydrowaste-46013","type":"wastewater-treatment","name":"Jiangsu","country":"CHN","source_id":"hydrowaste-2022","year":null,"value":60500.0,"unit":"m³/day","metric":"Reported treated effluent","original_value":60500.0,"original_unit":"m³/day","source_row":46013,"quality_location":4,"quality_waste":1,"status":"Not Reported","estimated":false}},{"type":"Feature","id":"hydrowaste-19611","geometry":{"type":"Point","coordinates":[7.293,51.447]},"properties":{"id":"hydrowaste-19611","type":"wastewater-treatment","name":"Bochum Oelbachtal","country":"DEU","source_id":"hydrowaste-2022","year":null,"value":60486.0,"unit":"m³/day","metric":"Reported treated effluent","original_value":60486.0,"original_unit":"m³/day","source_row":19611,"quality_location":2,"quality_waste":1,"status":"Not Reported","estimated":false}},{"type":"Feature","id":"hydrowaste-42701","geometry":{"type":"Point","coordinates":[-110.311,24.142]},"properties":{"id":"hydrowaste-42701","type":"wastewater-treatment","name":"La Paz","country":"MEX","source_id":"hydrowaste-2022","year":null,"value":60480.0,"unit":"m³/day","metric":"Reported treated effluent","original_value":60480.0,"original_unit":"m³/day","source_row":42701,"quality_location":3,"quality_waste":1,"status":"Not Reported","estimated":false}},{"type":"Feature","id":"hydrowaste-42847","geometry":{"type":"Point","coordinates":[-101.348,20.673]},"properties":{"id":"hydrowaste-42847","type":"wastewater-treatment","name":"Irapuato","country":"MEX","source_id":"hydrowaste-2022","year":null,"value":60480.0,"unit":"m³/day","metric":"Reported treated effluent","original_value":60480.0,"original_unit":"m³/day","source_row":42847,"quality_location":3,"quality_waste":1,"status":"Not Reported","estimated":false}},{"type":"Feature","id":"hydrowaste-44537","geometry":{"type":"Point","coordinates":[-92.833,17.947]},"properties":{"id":"hydrowaste-44537","type":"wastewater-treatment","name":"Zona Noreste","country":"MEX","source_id":"hydrowaste-2022","year":null,"value":60480.0,"unit":"m³/day","metric":"Reported treated effluent","original_value":60480.0,"original_unit":"m³/day","source_row":44537,"quality_location":3,"quality_waste":1,"status":"Not Reported","estimated":false}},{"type":"Feature","id":"hydrowaste-1844","geometry":{"type":"Point","coordinates":[24.591,43.512]},"properties":{"id":"hydrowaste-1844","type":"wastewater-treatment","name":"UWWTP Pleven","country":"BGR","source_id":"hydrowaste-2022","year":null,"value":60435.241,"unit":"m³/day","metric":"Reported treated effluent","original_value":60435.241,"original_unit":"m³/day","source_row":1844,"quality_location":2,"quality_waste":1,"status":"Not Reported","estimated":false}},{"type":"Feature","id":"hydrowaste-46981","geometry":{"type":"Point","coordinates":[113.249,22.804]},"properties":{"id":"hydrowaste-46981","type":"wastewater-treatment","name":"Guangdong","country":"CHN","source_id":"hydrowaste-2022","year":null,"value":60400.0,"unit":"m³/day","metric":"Reported treated effluent","original_value":60400.0,"original_unit":"m³/day","source_row":46981,"quality_location":4,"quality_waste":1,"status":"Not Reported","estimated":false}},{"type":"Feature","id":"hydrowaste-47480","geometry":{"type":"Point","coordinates":[103.818,25.489]},"properties":{"id":"hydrowaste-47480","type":"wastewater-treatment","name":"Yunnan","country":"CHN","source_id":"hydrowaste-2022","year":null,"value":60400.0,"unit":"m³/day","metric":"Reported treated effluent","original_value":60400.0,"original_unit":"m³/day","source_row":47480,"quality_location":4,"quality_waste":1,"status":"Not Reported","estimated":false}},{"type":"Feature","id":"hydrowaste-18559","geometry":{"type":"Point","coordinates":[4.368,51.203]},"properties":{"id":"hydrowaste-18559","type":"wastewater-treatment","name":"Antwerpen Zuid","country":"BEL","source_id":"hydrowaste-2022","year":null,"value":60354.321,"unit":"m³/day","metric":"Reported treated effluent","original_value":60354.321,"original_unit":"m³/day","source_row":18559,"quality_location":2,"quality_waste":1,"status":"Not Reported","estimated":false}},{"type":"Feature","id":"hydrowaste-46738","geometry":{"type":"Point","coordinates":[114.91,30.402]},"properties":{"id":"hydrowaste-46738","type":"wastewater-treatment","name":"Hubei","country":"CHN","source_id":"hydrowaste-2022","year":null,"value":60300.0,"unit":"m³/day","metric":"Reported treated effluent","original_value":60300.0,"original_unit":"m³/day","source_row":46738,"quality_location":4,"quality_waste":1,"status":"Not Reported","estimated":false}},{"type":"Feature","id":"hydrowaste-36414","geometry":{"type":"Point","coordinates":[-75.693,41.387]},"properties":{"id":"hydrowaste-36414","type":"wastewater-treatment","name":"SCRANTON SEWER AUTHORITY","country":"USA","source_id":"hydrowaste-2022","year":null,"value":60188.048,"unit":"m³/day","metric":"Reported treated effluent","original_value":60188.048,"original_unit":"m³/day","source_row":36414,"quality_location":2,"quality_waste":1,"status":"Not Reported","estimated":false}},{"type":"Feature","id":"hydrowaste-45502","geometry":{"type":"Point","coordinates":[107.511,40.778]},"properties":{"id":"hydrowaste-45502","type":"wastewater-treatment","name":"Nei Mongol","country":"CHN","source_id":"hydrowaste-2022","year":null,"value":60000.0,"unit":"m³/day","metric":"Reported treated effluent","original_value":60000.0,"original_unit":"m³/day","source_row":45502,"quality_location":4,"quality_waste":1,"status":"Not Reported","estimated":false}},{"type":"Feature","id":"hydrowaste-45622","geometry":{"type":"Point","coordinates":[121.196,41.112]},"properties":{"id":"hydrowaste-45622","type":"wastewater-treatment","name":"Liaoning","country":"CHN","source_id":"hydrowaste-2022","year":null,"value":60000.0,"unit":"m³/day","metric":"Reported treated effluent","original_value":60000.0,"original_unit":"m³/day","source_row":45622,"quality_location":4,"quality_waste":1,"status":"Not Reported","estimated":false}},{"type":"Feature","id":"hydrowaste-45705","geometry":{"type":"Point","coordinates":[130.411,46.84]},"properties":{"id":"hydrowaste-45705","type":"wastewater-treatment","name":"Heilongjiang","country":"CHN","source_id":"hydrowaste-2022","year":null,"value":60000.0,"unit":"m³/day","metric":"Reported treated effluent","original_value":60000.0,"original_unit":"m³/day","source_row":45705,"quality_location":4,"quality_waste":1,"status":"Not Reported","estimated":false}},{"type":"Feature","id":"hydrowaste-46142","geometry":{"type":"Point","coordinates":[121.351,28.706]},"properties":{"id":"hydrowaste-46142","type":"wastewater-treatment","name":"Zhejiang","country":"CHN","source_id":"hydrowaste-2022","year":null,"value":60000.0,"unit":"m³/day","metric":"Reported treated effluent","original_value":60000.0,"original_unit":"m³/day","source_row":46142,"quality_location":4,"quality_waste":1,"status":"Not Reported","estimated":false}},{"type":"Feature","id":"hydrowaste-46170","geometry":{"type":"Point","coordinates":[117.346,31.838]},"properties":{"id":"hydrowaste-46170","type":"wastewater-treatment","name":"Anhui","country":"CHN","source_id":"hydrowaste-2022","year":null,"value":60000.0,"unit":"m³/day","metric":"Reported treated effluent","original_value":60000.0,"original_unit":"m³/day","source_row":46170,"quality_location":4,"quality_waste":1,"status":"Not Reported","estimated":false}},{"type":"Feature","id":"hydrowaste-46483","geometry":{"type":"Point","coordinates":[120.021,35.856]},"properties":{"id":"hydrowaste-46483","type":"wastewater-treatment","name":"Shandong","country":"CHN","source_id":"hydrowaste-2022","year":null,"value":60000.0,"unit":"m³/day","metric":"Reported treated effluent","original_value":60000.0,"original_unit":"m³/day","source_row":46483,"quality_location":4,"quality_waste":1,"status":"Not Reported","estimated":false}},{"type":"Feature","id":"hydrowaste-46724","geometry":{"type":"Point","coordinates":[114.289,30.469]},"properties":{"id":"hydrowaste-46724","type":"wastewater-treatment","name":"Hubei","country":"CHN","source_id":"hydrowaste-2022","year":null,"value":60000.0,"unit":"m³/day","metric":"Reported treated effluent","original_value":60000.0,"original_unit":"m³/day","source_row":46724,"quality_location":4,"quality_waste":1,"status":"Not Reported","estimated":false}},{"type":"Feature","id":"hydrowaste-47090","geometry":{"type":"Point","coordinates":[114.06,22.736]},"properties":{"id":"hydrowaste-47090","type":"wastewater-treatment","name":"Guangdong","country":"CHN","source_id":"hydrowaste-2022","year":null,"value":60000.0,"unit":"m³/day","metric":"Reported treated effluent","original_value":60000.0,"original_unit":"m³/day","source_row":47090,"quality_location":4,"quality_waste":1,"status":"Not Reported","estimated":false}},{"type":"Feature","id":"hydrowaste-47125","geometry":{"type":"Point","coordinates":[112.528,23.082]},"properties":{"id":"hydrowaste-47125","type":"wastewater-treatment","name":"Guangdong","country":"CHN","source_id":"hydrowaste-2022","year":null,"value":60000.0,"unit":"m³/day","metric":"Reported treated effluent","original_value":60000.0,"original_unit":"m³/day","source_row":47125,"quality_location":4,"quality_waste":1,"status":"Not Reported","estimated":false}},{"type":"Feature","id":"hydrowaste-47181","geometry":{"type":"Point","coordinates":[109.575,23.086]},"properties":{"id":"hydrowaste-47181","type":"wastewater-treatment","name":"Guangxi","country":"CHN","source_id":"hydrowaste-2022","year":null,"value":60000.0,"unit":"m³/day","metric":"Reported treated effluent","original_value":60000.0,"original_unit":"m³/day","source_row":47181,"quality_location":4,"quality_waste":1,"status":"Not Reported","estimated":false}},{"type":"Feature","id":"hydrowaste-47529","geometry":{"type":"Point","coordinates":[109.527,34.515]},"properties":{"id":"hydrowaste-47529","type":"wastewater-treatment","name":"Shaanxi","country":"CHN","source_id":"hydrowaste-2022","year":null,"value":60000.0,"unit":"m³/day","metric":"Reported treated effluent","original_value":60000.0,"original_unit":"m³/day","source_row":47529,"quality_location":4,"quality_waste":1,"status":"Not Reported","estimated":false}},{"type":"Feature","id":"hydrowaste-47679","geometry":{"type":"Point","coordinates":[-89.226,48.396]},"properties":{"id":"hydrowaste-47679","type":"wastewater-treatment","name":"Water Pollution Control Plant","country":"CAN","source_id":"hydrowaste-2022","year":null,"value":60000.0,"unit":"m³/day","metric":"Reported treated effluent","original_value":60000.0,"original_unit":"m³/day","source_row":47679,"quality_location":2,"quality_waste":1,"status":"Operational","estimated":false}},{"type":"Feature","id":"hydrowaste-20030","geometry":{"type":"Point","coordinates":[6.441,50.84]},"properties":{"id":"hydrowaste-20030","type":"wastewater-treatment","name":"Duren","country":"DEU","source_id":"hydrowaste-2022","year":null,"value":59862.858,"unit":"m³/day","metric":"Reported treated effluent","original_value":59862.858,"original_unit":"m³/day","source_row":20030,"quality_location":2,"quality_waste":1,"status":"Not Reported","estimated":false}},{"type":"Feature","id":"hydrowaste-31712","geometry":{"type":"Point","coordinates":[-92.409,38.922]},"properties":{"id":"hydrowaste-31712","type":"wastewater-treatment","name":"COLUMBIA REGIONAL WWTP","country":"USA","source_id":"hydrowaste-2022","year":null,"value":59809.506,"unit":"m³/day","metric":"Reported treated effluent","original_value":59809.506,"original_unit":"m³/day","source_row":31712,"quality_location":2,"quality_waste":1,"status":"Not Reported","estimated":false}},{"type":"Feature","id":"hydrowaste-32519","geometry":{"type":"Point","coordinates":[-108.467,45.803]},"properties":{"id":"hydrowaste-32519","type":"wastewater-treatment","name":"BILLINGS WWTP","country":"USA","source_id":"hydrowaste-2022","year":null,"value":59809.506,"unit":"m³/day","metric":"Reported treated effluent","original_value":59809.506,"original_unit":"m³/day","source_row":32519,"quality_location":2,"quality_waste":1,"status":"Not Reported","estimated":false}},{"type":"Feature","id":"hydrowaste-37466","geometry":{"type":"Point","coordinates":[-86.424,35.898]},"properties":{"id":"hydrowaste-37466","type":"wastewater-treatment","name":"Murfreesboro   Sinking Creek STP","country":"USA","source_id":"hydrowaste-2022","year":null,"value":59809.506,"unit":"m³/day","metric":"Reported treated effluent","original_value":59809.506,"original_unit":"m³/day","source_row":37466,"quality_location":2,"quality_waste":1,"status":"Not Reported","estimated":false}},{"type":"Feature","id":"hydrowaste-46154","geometry":{"type":"Point","coordinates":[120.597,27.798]},"properties":{"id":"hydrowaste-46154","type":"wastewater-treatment","name":"Zhejiang","country":"CHN","source_id":"hydrowaste-2022","year":null,"value":59700.0,"unit":"m³/day","metric":"Reported treated effluent","original_value":59700.0,"original_unit":"m³/day","source_row":46154,"quality_location":4,"quality_waste":1,"status":"Not Reported","estimated":false}},{"type":"Feature","id":"hydrowaste-46968","geometry":{"type":"Point","coordinates":[114.125,22.858]},"properties":{"id":"hydrowaste-46968","type":"wastewater-treatment","name":"Guangdong","country":"CHN","source_id":"hydrowaste-2022","year":null,"value":59700.0,"unit":"m³/day","metric":"Reported treated effluent","original_value":59700.0,"original_unit":"m³/day","source_row":46968,"quality_location":4,"quality_waste":1,"status":"Not Reported","estimated":false}},{"type":"Feature","id":"hydrowaste-30737","geometry":{"type":"Point","coordinates":[-71.29,42.648]},"properties":{"id":"hydrowaste-30737","type":"wastewater-treatment","name":"Lowell Regional Wastewater Utility","country":"USA","source_id":"hydrowaste-2022","year":null,"value":59695.944,"unit":"m³/day","metric":"Reported treated effluent","original_value":59695.944,"original_unit":"m³/day","source_row":30737,"quality_location":2,"quality_waste":1,"status":"Not Reported","estimated":false}},{"type":"Feature","id":"hydrowaste-44188","geometry":{"type":"Point","coordinates":[-96.927,19.54]},"properties":{"id":"hydrowaste-44188","type":"wastewater-treatment","name":"Xalapa I","country":"MEX","source_id":"hydrowaste-2022","year":null,"value":59616.0,"unit":"m³/day","metric":"Reported treated effluent","original_value":59616.0,"original_unit":"m³/day","source_row":44188,"quality_location":3,"quality_waste":1,"status":"Not Reported","estimated":false}},{"type":"Feature","id":"hydrowaste-46933","geometry":{"type":"Point","coordinates":[113.15,27.831]},"properties":{"id":"hydrowaste-46933","type":"wastewater-treatment","name":"Hunan","country":"CHN","source_id":"hydrowaste-2022","year":null,"value":59600.0,"unit":"m³/day","metric":"Reported treated effluent","original_value":59600.0,"original_unit":"m³/day","source_row":46933,"quality_location":4,"quality_waste":1,"status":"Not Reported","estimated":false}},{"type":"Feature","id":"hydrowaste-4184","geometry":{"type":"Point","coordinates":[11.913,45.382]},"properties":{"id":"hydrowaste-4184","type":"wastewater-treatment","name":"PADOVA_VIA_A_PEDANIO_LOCALITA_CA_NORDIO","country":"ITA","source_id":"hydrowaste-2022","year":null,"value":59597.756,"unit":"m³/day","metric":"Reported treated effluent","original_value":59597.756,"original_unit":"m³/day","source_row":4184,"quality_location":2,"quality_waste":1,"status":"Not Reported","estimated":false}},{"type":"Feature","id":"hydrowaste-30708","geometry":{"type":"Point","coordinates":[-71.002,42.049]},"properties":{"id":"hydrowaste-30708","type":"wastewater-treatment","name":"Brockton Deptof Public Works","country":"USA","source_id":"hydrowaste-2022","year":null,"value":59544.528,"unit":"m³/day","metric":"Reported treated effluent","original_value":59544.528,"original_unit":"m³/day","source_row":30708,"quality_location":2,"quality_waste":1,"status":"Not Reported","estimated":false}},{"type":"Feature","id":"hydrowaste-18681","geometry":{"type":"Point","coordinates":[2.958,51.221]},"properties":{"id":"hydrowaste-18681","type":"wastewater-treatment","name":"Oostende","country":"BEL","source_id":"hydrowaste-2022","year":null,"value":59493.301,"unit":"m³/day","metric":"Reported treated effluent","original_value":59493.301,"original_unit":"m³/day","source_row":18681,"quality_location":2,"quality_waste":1,"status":"Not Reported","estimated":false}},{"type":"Feature","id":"hydrowaste-27569","geometry":{"type":"Point","coordinates":[-87.885,41.136]},"properties":{"id":"hydrowaste-27569","type":"wastewater-treatment","name":"Kankakee River Metropolitan Agency","country":"USA","source_id":"hydrowaste-2022","year":null,"value":59430.965,"unit":"m³/day","metric":"Reported treated effluent","original_value":59430.965,"original_unit":"m³/day","source_row":27569,"quality_location":2,"quality_waste":1,"status":"Not Reported","estimated":false}},{"type":"Feature","id":"hydrowaste-9125","geometry":{"type":"Point","coordinates":[2.191,41.477]},"properties":{"id":"hydrowaste-9125","type":"wastewater-treatment","name":"MONTCADA","country":"ESP","source_id":"hydrowaste-2022","year":null,"value":59282.595,"unit":"m³/day","metric":"Reported treated effluent","original_value":59282.595,"original_unit":"m³/day","source_row":9125,"quality_location":2,"quality_waste":1,"status":"Not Reported","estimated":false}},{"type":"Feature","id":"hydrowaste-36329","geometry":{"type":"Point","coordinates":[-75.933,40.324]},"properties":{"id":"hydrowaste-36329","type":"wastewater-treatment","name":"READING AREA FRITZ ISLAND STP","country":"USA","source_id":"hydrowaste-2022","year":null,"value":59279.549,"unit":"m³/day","metric":"Reported treated effluent","original_value":59279.549,"original_unit":"m³/day","source_row":36329,"quality_location":2,"quality_waste":1,"status":"Not Reported","estimated":false}},{"type":"Feature","id":"hydrowaste-8350","geometry":{"type":"Point","coordinates":[-3.537,40.454]},"properties":{"id":"hydrowaste-8350","type":"wastewater-treatment","name":"REJAS","country":"ESP","source_id":"hydrowaste-2022","year":null,"value":59251.044,"unit":"m³/day","metric":"Reported treated effluent","original_value":59251.044,"original_unit":"m³/day","source_row":8350,"quality_location":2,"quality_waste":1,"status":"Not Reported","estimated":false}},{"type":"Feature","id":"hydrowaste-26254","geometry":{"type":"Point","coordinates":[-117.111,33.105]},"properties":{"id":"hydrowaste-26254","type":"wastewater-treatment","name":"Hale Avenue RRF","country":"USA","source_id":"hydrowaste-2022","year":null,"value":59147.059,"unit":"m³/day","metric":"Reported treated effluent","original_value":59147.059,"original_unit":"m³/day","source_row":26254,"quality_location":2,"quality_waste":1,"status":"Not Reported","estimated":false}},{"type":"Feature","id":"hydrowaste-45882","geometry":{"type":"Point","coordinates":[120.619,31.223]},"properties":{"id":"hydrowaste-45882","type":"wastewater-treatment","name":"Jiangsu","country":"CHN","source_id":"hydrowaste-2022","year":null,"value":59100.0,"unit":"m³/day","metric":"Reported treated effluent","original_value":59100.0,"original_unit":"m³/day","source_row":45882,"quality_location":4,"quality_waste":1,"status":"Not Reported","estimated":false}},{"type":"Feature","id":"hydrowaste-42755","geometry":{"type":"Point","coordinates":[-93.117,16.753]},"properties":{"id":"hydrowaste-42755","type":"wastewater-treatment","name":"Tuxtla Gutierrez Paso Limon","country":"MEX","source_id":"hydrowaste-2022","year":null,"value":59011.2,"unit":"m³/day","metric":"Reported treated effluent","original_value":59011.2,"original_unit":"m³/day","source_row":42755,"quality_location":3,"quality_waste":1,"status":"Not Reported","estimated":false}},{"type":"Feature","id":"hydrowaste-45596","geometry":{"type":"Point","coordinates":[122.015,39.683]},"properties":{"id":"hydrowaste-45596","type":"wastewater-treatment","name":"Liaoning","country":"CHN","source_id":"hydrowaste-2022","year":null,"value":59000.0,"unit":"m³/day","metric":"Reported treated effluent","original_value":59000.0,"original_unit":"m³/day","source_row":45596,"quality_location":4,"quality_waste":1,"status":"Not Reported","estimated":false}},{"type":"Feature","id":"hydrowaste-46534","geometry":{"type":"Point","coordinates":[119.202,36.489]},"properties":{"id":"hydrowaste-46534","type":"wastewater-treatment","name":"Shandong","country":"CHN","source_id":"hydrowaste-2022","year":null,"value":59000.0,"unit":"m³/day","metric":"Reported treated effluent","original_value":59000.0,"original_unit":"m³/day","source_row":46534,"quality_location":4,"quality_waste":1,"status":"Not Reported","estimated":false}},{"type":"Feature","id":"hydrowaste-46956","geometry":{"type":"Point","coordinates":[113.829,23.25]},"properties":{"id":"hydrowaste-46956","type":"wastewater-treatment","name":"Guangdong","country":"CHN","source_id":"hydrowaste-2022","year":null,"value":59000.0,"unit":"m³/day","metric":"Reported treated effluent","original_value":59000.0,"original_unit":"m³/day","source_row":46956,"quality_location":4,"quality_waste":1,"status":"Not Reported","estimated":false}},{"type":"Feature","id":"hydrowaste-34046","geometry":{"type":"Point","coordinates":[-77.748,43.325]},"properties":{"id":"hydrowaste-34046","type":"wastewater-treatment","name":"Monroe Co NW Quadrant WWTP","country":"USA","source_id":"hydrowaste-2022","year":null,"value":58988.072,"unit":"m³/day","metric":"Reported treated effluent","original_value":58988.072,"original_unit":"m³/day","source_row":34046,"quality_location":2,"quality_waste":1,"status":"Not Reported","estimated":false}},{"type":"Feature","id":"hydrowaste-25417","geometry":{"type":"Point","coordinates":[-91.966,34.275]},"properties":{"id":"hydrowaste-25417","type":"wastewater-treatment","name":"Pine Bluff WWTP","country":"USA","source_id":"hydrowaste-2022","year":null,"value":58976.716,"unit":"m³/day","metric":"Reported treated effluent","original_value":58976.716,"original_unit":"m³/day","source_row":25417,"quality_location":2,"quality_waste":1,"status":"Not Reported","estimated":false}}]}